file,sha256,bytes,created,script,rows
README.md,c16ec9fd3e17bb449c2ab26b067b1082b95ea38dfcc5a2aa4da7bb2abc452bd6,11470,2026-09-29 12:30:53,문서,
데이터/release_provenance.json,0d8f700730421e29491e7e2b65a06e321d6213b65093ea6d958f559d273b3ded,270387,2026-09-29 12:28:43,,
데이터/검증결과.json,0e11826be1cdbf73e968df6bc0b74d0e529c5dc83004344263e279a3f124ab58,14060,2026-09-26 10:36:06,a10_verify.py,
데이터/결과/figures/F3_dong_dCOV_dMAI_2025.pdf,cd3b18d52f81445b4a7ace127ffb53f499f300b55e8864319e5d0ad756785bcf,3707478,2026-09-25 13:14:03,a07_study3_outputs.py,
데이터/결과/figures/F3_dong_dCOV_dMAI_2025.png,76557cbc71863d2cef0b059dbffe073a06d035f48253bdccb85636cf9c39fce4,932118,2026-09-25 13:14:02,a07_study3_outputs.py,
데이터/결과/figures/F3s_dong_delta_by_category_2025.png,be6c215be33786d6a5993cd47fd1ce888ff61587e365ca2b2b6ccf3637a41c69,961704,2026-09-25 13:14:41,a07_study3_outputs.py,
데이터/결과/main/grid_access_2020_100.parquet,cd5e32ae04b1ef704f3b42e44a2d15133c9eac760e7e764d489a8fe278f56d55,1603841,2026-09-25 13:09:44,a06_engine.py,1230040
데이터/결과/main/grid_access_2025_100.parquet,2ea3cadf6f99b036b32026636fc2dada06ecc3ba82d734a98e0fd41908aba35e,1560826,2026-09-25 13:11:37,a06_engine.py,1231400
데이터/결과/main/grid_sfca_2020_100.parquet,1cc84127d13fb80456496679103969747443f73db9e59b1ec5a58e88907aa8cd,15495308,2026-09-25 13:09:52,a06_engine.py,5535180
데이터/결과/main/grid_sfca_2025_100.parquet,a1e8b82be8edbb55f6d8121344bc4ad703bb368767d875f67a7355f638400ae6,15655564,2026-09-25 13:11:45,a06_engine.py,5541300
데이터/결과/main/run_meta_2020_100.json,be7f387260d87575b45ad0547f8585b589b488a3e9cb6786f2e4a15fe71be1a6,3153,2026-09-25 13:09:52,a06_engine.py,
데이터/결과/main/run_meta_2025_100.json,90c1bb9d158687d142ec64a2cd8084a09aa199ac29b4003fc61e1ba934588ed2,3150,2026-09-25 13:11:45,a06_engine.py,
데이터/결과/main/sfca_unit_2020_100.csv,5d5f934698efbf65a46c42189fce2ba6e3d91aef55ec66c1de25f5c5d783f0a3,15878493,2026-09-25 13:09:50,a06_engine.py,122760
데이터/결과/main/sfca_unit_2025_100.csv,4970a714ac3bb61196e34c3eea3556666f4332fb94145c22f0f6aba246aa8e24,15878915,2026-09-25 13:11:43,a06_engine.py,122760
데이터/결과/main/summary_main.md,58665a800fbceeb527c7db758d09a4bc36cf19313195bd5dce6fccbfe4c3b7e4,12341,2026-09-26 09:47:32,a06b_summary.py,
데이터/결과/main/unit_access_2020_100.csv,4a6da7a1ca2a2ba45a39736c9de16eb247ca14e4430737a89128b80b0b74fce2,3674475,2026-09-25 13:09:45,a06_engine.py,30690
데이터/결과/main/unit_access_2025_100.csv,62a0ef5df1fd87a828bfde3795b439cb86e1b1c4b8676f465e86cb3fe675bf0d,3675726,2026-09-25 13:11:38,a06_engine.py,30690
데이터/결과/natstd_B/grid_access_2020_100.parquet,c95fd4c713457bb55db65c55e997a386a09cbf6783a6572d9c524a2ac14a24db,279741,2026-09-25 13:11:24,a06_engine.py,30751
데이터/결과/natstd_B/grid_access_2025_100.parquet,3369eae69beda6e668252d8ba7e596176a150bbbcd8312949e4eabd6b4524416,281420,2026-09-25 13:13:19,a06_engine.py,30785
데이터/결과/natstd_B/nat_standard_coverage_2020_100.csv,9f321f7c5dc8771fede5fb55cd843ace32aca6a33c9f211157475b0bc5f46505,817760,2026-09-25 13:11:25,a06_engine.py,8866
데이터/결과/natstd_B/nat_standard_coverage_2025_100.csv,58f155cdc095b7d94055f92bbb55846622110c436bb4acd15a4f299ae3e0a2cf,817409,2026-09-25 13:13:19,a06_engine.py,8866
데이터/결과/natstd_B/run_meta_2020_100.json,cc4a66ed240a88a1267dc56b878072f09d52ecb472c051115f57bce2bece12b7,47315,2026-09-29 12:21:28,a06_engine.py,
데이터/결과/natstd_B/run_meta_2025_100.json,7b40c35099747d32b544248c73f4d24b83267d8680750d0cb7464c956195a2e4,47554,2026-09-29 12:21:36,a06_engine.py,
데이터/결과/natstd_B/summary_natstd_B.md,bc98b42cc121de7327406f969d388d7cdfdb5669a97ee36187664502c387f147,2187,2026-09-26 09:47:42,a06b_summary.py,
데이터/결과/sens_A4/grid_access_2020_100.parquet,86c47d3609e5b0839d35ec9be76dbce2b95c7ece52b4fe19283cbb5329a0a784,839155,2026-09-25 13:10:41,a06_engine.py,615020
데이터/결과/sens_A4/grid_access_2025_100.parquet,024127ef2f6dfbf73b4a797567be55cd11762992b9ec624b00de5c58e3446560,843881,2026-09-25 13:12:34,a06_engine.py,615700
데이터/결과/sens_A4/run_meta_2020_100.json,2edb8ef908b39c115ae95415f0cea97f6c7c4740d71e7bbd0b2ecd4f63620755,1399,2026-09-25 13:10:41,a06_engine.py,
데이터/결과/sens_A4/run_meta_2025_100.json,9f7deb674bab6224d059c4621f589171dff03d34143ddd27b8beddd4a26f6604,1399,2026-09-25 13:12:35,a06_engine.py,
데이터/결과/sens_A4/summary_sens_A4.md,02e6501525e81a31aeca4d9fea4c5d7a1fc2022ce9776c615b141c9fb46c32c0,5313,2026-09-26 09:47:37,a06b_summary.py,
데이터/결과/sens_A4/unit_access_2020_100.csv,9715168800f15daee734a614a02eeebc1325f742d2b128a9a9c78c0a9138a804,2127384,2026-09-25 13:10:41,a06_engine.py,17050
데이터/결과/sens_A4/unit_access_2025_100.csv,ee87f4da413e2f80d11e23614d9ef4e4eea1f87bf8e484b433214a1647405fe6,2127711,2026-09-25 13:12:35,a06_engine.py,17050
데이터/결과/sens_grid250/grid_access_2020_250.parquet,4e3fdac5dac53b05b3f530c33ed990917dd3349dc51f5cbdadd4fe9f02e3b91d,380259,2026-09-25 13:10:28,a06_engine.py,280200
데이터/결과/sens_grid250/grid_access_2025_250.parquet,2dd2e7e8923b49579948c6e5dab596a79cb9cb5ac8ed6bf3bded4ce83bf6631c,376274,2026-09-25 13:12:21,a06_engine.py,281360
데이터/결과/sens_grid250/run_meta_2020_250.json,0f0500df40a115431a9badfb39ad1db82f1cc09ac821c309d6019b1fc2e1c4b1,3010,2026-09-25 13:10:30,a06_engine.py,
데이터/결과/sens_grid250/run_meta_2025_250.json,45bebe1a4bd2e004158f70f8d78a95cdd504f350dff2c3c6bc22c26c90edbe6c,3011,2026-09-25 13:12:23,a06_engine.py,
데이터/결과/sens_grid250/sfca_unit_2020_250.csv,fbac5b6840f9850f5f547ef77bdaa408d205c49bca6f5dc830651cad1062908a,15876808,2026-09-25 13:10:30,a06_engine.py,122760
데이터/결과/sens_grid250/sfca_unit_2025_250.csv,764e9d70fa3ec931cd2c9496c80e0e844bfc31a2df2c009a1bbae448a537700e,15877936,2026-09-25 13:12:23,a06_engine.py,122760
데이터/결과/sens_grid250/summary_sens_grid250.md,7e3cf11c7855f22c3a635076812fff7cab0cd20269c438d131de3dc7feccbd39,12191,2026-09-26 09:47:37,a06b_summary.py,
데이터/결과/sens_grid250/unit_access_2020_250.csv,5b315fd1ebee9aac6a20eece8b1c251ad9a1e9c79934a6e4f032d4db144b1c7b,3666608,2026-09-25 13:10:28,a06_engine.py,30690
데이터/결과/sens_grid250/unit_access_2025_250.csv,ab2382eb1a5568532d83b282a414ade3480bc06583c6f5d4b8d9ff3187b4a88c,3668739,2026-09-25 13:12:22,a06_engine.py,30690
데이터/결과/sens_net2025/decomp_network_2020_2025.csv,9a1c1440bb8f7caa3f58358efd070d9d825b1562f153df5ca9b750025b7c88da,3478,2026-09-26 09:47:45,a06b_summary.py,39
데이터/결과/sens_net2025/grid_access_2020_100.parquet,d27cdae126af85e94ee81c33d0ba119414a216ea72b4bf48eec61aee9f99c288,1656382,2026-09-25 13:13:39,a06_engine.py,1230040
데이터/결과/sens_net2025/run_meta_2020_100.json,b63ca78b0e2e66df9efc9dbd0f770d610cedfcbbef6b1399f7b08f2cf8bda624,3155,2026-09-25 13:13:46,a06_engine.py,
데이터/결과/sens_net2025/sfca_unit_2020_100.csv,e47a5e84f0b4c93e4f0d50c5f72d3b2799b0e041247246f5f9fa8c98e4545c5c,15878477,2026-09-25 13:13:46,a06_engine.py,122760
데이터/결과/sens_net2025/summary_sens_net2025.md,71212ed2abaed7bf9160a5f5423343f3eb9afe3af22eeddc6912bd3341c0676b,13636,2026-09-26 09:47:43,a06b_summary.py,
데이터/결과/sens_net2025/unit_access_2020_100.csv,50bed0d773598f14d7abbb4de48b1419a832151820b2f15dfc7507bfbb1f0b37,3674882,2026-09-25 13:13:40,a06_engine.py,30690
데이터/결과/sens_retail_without/grid_access_2020_100.parquet,2c0671dd10a3306d2ccc1234b36039deebc2d5d049d43ec2fc0f3c6700529a84,1665020,2026-09-25 13:10:53,a06_engine.py,1230040
데이터/결과/sens_retail_without/grid_access_2025_100.parquet,dfc1d3e4631f76eba4b425fa2a213bb561863af0c8d9b823a633f25b7a4551f9,1591229,2026-09-25 13:12:47,a06_engine.py,1231400
데이터/결과/sens_retail_without/run_meta_2020_100.json,0ee65cafd781424fdb332cbfb2274c75d43a78c0dc4299c25ff9048b378577e0,3063,2026-09-25 13:10:59,a06_engine.py,
데이터/결과/sens_retail_without/run_meta_2025_100.json,5c0590c6f2c2f40654bf06a7f6b0e7493087a07a1212569fbb8db3d22167eea8,3059,2026-09-25 13:12:53,a06_engine.py,
데이터/결과/sens_retail_without/sfca_unit_2020_100.csv,b7d4befb66a81683e606ee7d84b509e7d0cb57b66abe9f48045b27a8656217ab,15795366,2026-09-25 13:10:59,a06_engine.py,119350
데이터/결과/sens_retail_without/sfca_unit_2025_100.csv,98d18fcaef5cc24e1c93a35a7e0d196567dda9c4c9461e1e8c61fbbd7e0a6c41,15795797,2026-09-25 13:12:53,a06_engine.py,119350
데이터/결과/sens_retail_without/summary_sens_retail_without.md,cf7320dc8150b1780ef8f9e4a848ff7839208b03324386195c0c97572030a660,12262,2026-09-26 09:47:39,a06b_summary.py,
데이터/결과/sens_retail_without/unit_access_2020_100.csv,e7e09717482414b540be48047a2d362dd366ceced5584aef41bd07b2c9b06b56,3768796,2026-09-25 13:10:54,a06_engine.py,30690
데이터/결과/sens_retail_without/unit_access_2025_100.csv,bce94af8b31a79ecd5cc11cf72ba2eed52f7bc2c4bd43b3cd32cdd5ab1187f49,3769757,2026-09-25 13:12:48,a06_engine.py,30690
데이터/결과/sens_snap/grid_access_2020_100.parquet,3ffa01b7c23233afe495af953ea18779d2ce1100d839ce8f25451479b95150cf,2461126,2026-09-26 09:45:39,a06_engine.py,1230040
데이터/결과/sens_snap/grid_access_2025_100.parquet,50c9997163e0cef202e3c861711dbdacefbf930f1d58653fe42bb614453820d9,2420962,2026-09-26 09:45:58,a06_engine.py,1231400
데이터/결과/sens_snap/run_meta_2020_100.json,a549bc38b474dae6d0aec9d057f57d6b1c54af771fe559b1a87d742218d801d5,3130,2026-09-26 09:45:45,a06_engine.py,
데이터/결과/sens_snap/run_meta_2025_100.json,d74a00e1009b5722c276d8629ec46caef7cf96774984cbcbc324c0ddca3cf582,3122,2026-09-26 09:46:05,a06_engine.py,
데이터/결과/sens_snap/sfca_unit_2020_100.csv,e276108aec111a58196fe2fe3ae2e1572211990c814c1fb69a1d129b35fdfb5a,15878467,2026-09-26 09:45:45,a06_engine.py,122760
데이터/결과/sens_snap/sfca_unit_2025_100.csv,5780ec88489db4bce508f65fbdcb365dd71fd5251d0acfc53562da71daf93396,15878933,2026-09-26 09:46:04,a06_engine.py,122760
데이터/결과/sens_snap/summary_sens_snap.md,c42ba62e13d8eb02c9475ac6441ba8774a0a96b196096390de6afceb7d6d6c7d,12304,2026-09-26 09:47:42,a06b_summary.py,
데이터/결과/sens_snap/unit_access_2020_100.csv,536a108e3116b3dce8fef44c9eef1b74257a4b2729c6c16c7398f345eaff8ac9,3676049,2026-09-26 09:45:40,a06_engine.py,30690
데이터/결과/sens_snap/unit_access_2025_100.csv,0c5b682ad917fb264c103e1f614a1f1b4b7291aa3d877c261b8faed9111d53cc,3676966,2026-09-26 09:45:59,a06_engine.py,30690
데이터/결과/sens_speed36/grid_access_2020_100.parquet,a307849a27ff6b8b8471f8e655e9e058a4fba3948bb4be368d1997848139cef7,1617595,2026-09-25 13:10:21,a06_engine.py,1230040
데이터/결과/sens_speed36/grid_access_2025_100.parquet,46b7f22ce9035ce4ca6eb6cdaa919f9f0acf7747a586fbc4d7c152cdb8f18369,1576837,2026-09-25 13:12:14,a06_engine.py,1231400
데이터/결과/sens_speed36/run_meta_2020_100.json,0329e1a3d2a41dc6aac30a6f3dd1d287355ebc95d59519035282e8a14e85b1c5,3015,2026-09-25 13:10:27,a06_engine.py,
데이터/결과/sens_speed36/run_meta_2025_100.json,e6d51b5f24d2519e0c856130a1a35fe0373b8eab1fea8abe2d7717fdacfa88f0,3007,2026-09-25 13:12:20,a06_engine.py,
데이터/결과/sens_speed36/sfca_unit_2020_100.csv,1945316c0af05093fa268d15937931d0c865c40e7ee4db75d838adf95cea7ff2,15878443,2026-09-25 13:10:27,a06_engine.py,122760
데이터/결과/sens_speed36/sfca_unit_2025_100.csv,645b8cbd50a1a023e0bfc070c52f37fcc2e9da45c7464368ef657632fe886d00,15878928,2026-09-25 13:12:20,a06_engine.py,122760
데이터/결과/sens_speed36/summary_sens_speed36.md,1695962bec7d8494d7f59921b2b60915fe12f2efcfaa0181d9ec4b004a975baf,12196,2026-09-26 09:47:36,a06b_summary.py,
데이터/결과/sens_speed36/unit_access_2020_100.csv,bee1de1b9882916606d1f693b36f4baf527af3180145ba88632624a72b20e509,3674524,2026-09-25 13:10:22,a06_engine.py,30690
데이터/결과/sens_speed36/unit_access_2025_100.csv,8221cc4da3bb7d36b885bbfa218239b48e2d399c265b8b1bbf2a623c626f043d,3675765,2026-09-25 13:12:15,a06_engine.py,30690
데이터/결과/sens_T600/grid_access_2020_100.parquet,4c8c76c892d501906a1bbf9e4666c5b0342bedfe2280d394883fd17cc4d00320,1648693,2026-09-25 13:10:04,a06_engine.py,1230040
데이터/결과/sens_T600/grid_access_2025_100.parquet,ede95f738cdc15ba48dd23bdad447b811bfa791ccf3448bf5b73ca30c62183fe,1612008,2026-09-25 13:11:58,a06_engine.py,1231400
데이터/결과/sens_T600/run_meta_2020_100.json,bdd48b9a01b66442b22c751d5c71e5f8bdf25c21eeb1ff91fbc3bb729deadb4d,3015,2026-09-25 13:10:09,a06_engine.py,
데이터/결과/sens_T600/run_meta_2025_100.json,ecdf5366ffa0451966d0b4388fa380569e548bdd85a36b6999bdae2ed9c95ea4,3015,2026-09-25 13:12:02,a06_engine.py,
데이터/결과/sens_T600/sfca_unit_2020_100.csv,14be8efb25b510848da57008397f3ce54d5e924f26a82b7842679dbf21517ec3,15878577,2026-09-25 13:10:09,a06_engine.py,122760
데이터/결과/sens_T600/sfca_unit_2025_100.csv,39b6b6c574441c74bb2cf16e67913900a16beee35ecd6a906786ed73aa9f4ab3,15878988,2026-09-25 13:12:02,a06_engine.py,122760
데이터/결과/sens_T600/summary_sens_T600.md,c1286c8e8c96876480afa4cb87d118ffa260bb3a26dc926a971af40b2577df47,12204,2026-09-26 09:47:34,a06b_summary.py,
데이터/결과/sens_T600/unit_access_2020_100.csv,870ad6a0763fb0b37319d00b3b17ca47ff3f8a542b4fc8790cdc62ccf40336f9,3670676,2026-09-25 13:10:05,a06_engine.py,30690
데이터/결과/sens_T600/unit_access_2025_100.csv,0e026dc8ff72993b64f675f88e931ad047cc74fb786a176f4795a5cec341d129,3672646,2026-09-25 13:11:58,a06_engine.py,30690
데이터/결과/sens_union/grid_access_2020_100.parquet,d39873431bffb495a03c727dbc842ba8cc15fcff5ce998565fc2ffc4f46b79e0,1636581,2026-09-25 13:11:11,a06_engine.py,1230040
데이터/결과/sens_union/grid_access_2025_100.parquet,b4ceee96454a601a7b67736d076cad715014408056807a98d441c35c36c313f2,1593556,2026-09-25 13:13:06,a06_engine.py,1231400
데이터/결과/sens_union/run_meta_2020_100.json,415f429b3a09fbc8e0005d51de9385369914f84f1def698f53413862a92369e8,48784,2026-09-29 12:20:31,a06_engine.py,
데이터/결과/sens_union/run_meta_2025_100.json,255eba9f4f9db842d84ca24bcbf2ee044b530cecb77df190e65eda163f5eaec0,2999,2026-09-25 13:13:12,a06_engine.py,
데이터/결과/sens_union/sfca_unit_2020_100.csv,5d5f934698efbf65a46c42189fce2ba6e3d91aef55ec66c1de25f5c5d783f0a3,15878493,2026-09-25 13:11:18,a06_engine.py,122760
데이터/결과/sens_union/sfca_unit_2025_100.csv,4970a714ac3bb61196e34c3eea3556666f4332fb94145c22f0f6aba246aa8e24,15878915,2026-09-25 13:13:12,a06_engine.py,122760
데이터/결과/sens_union/summary_sens_union.md,3124de450e4e85bd3046c80798689a2137648e75b29b5749c5758cb8964b8f7a,12747,2026-09-26 09:47:41,a06b_summary.py,
데이터/결과/sens_union/unit_access_2020_100.csv,2422b615196d572a70d769bf9702a15a654416a4a07dc460b137d2791629c1a4,4224238,2026-09-25 13:11:12,a06_engine.py,30690
데이터/결과/sens_union/unit_access_2025_100.csv,00b64a3d2dfe7659dd0f5c99e472268150c01e9f18569df92666ac9ec4d9988f,4226081,2026-09-25 13:13:07,a06_engine.py,30690
데이터/결과/summary_sensitivity.md,af96fc8768d7d17da35c062565da10b109a8fbe59f5e57755d726a74b0e26e35,13131,2026-09-26 09:47:45,a06b_summary.py,
데이터/결과/tables/F3_dong_delta_2025.csv,a674994657a2965dae0812c0bd0f76f5e0e09da463bf69bb919e3b69c6423fda,38916,2026-09-25 13:14:00,a07_study3_outputs.py,424
데이터/결과/tables/ku_compare_seunghoon.md,213092251daf19b237f6a624dddcb7d4f9fa2e226d459bb7ddb0d3cecfe43367,7095,2026-09-25 13:14:41,a08_ku_compare.py,
데이터/결과/tables/ku_compare_template.csv,22941a7a443a3c6d07bc4a0897a5f7b3ef49dbaca75ee496b68cc0d6fd9406c2,1321,2026-09-25 13:14:41,a08_ku_compare.py,25
데이터/결과/tables/ku_none_COV_MAI.csv,fba994d538ae9fbec02289e9bfb5860ebfea60893fe83f034205edfe44dfb412,96026,2026-09-25 13:14:41,a08_ku_compare.py,936
데이터/결과/tables/SFCA_open_ratio.csv,323c5574b4e91a7a9707b43a4ec8853dd3cb524094583e2f929a4b093f1ac845,22488,2026-09-26 09:47:32,a06b_summary.py,288
데이터/결과/tables/T5_category_delta_LD_LZ.csv,6218e0a2a7332959e08910b997ceba3b209e8a597b10e2797c5ae88a93d8214d,4397,2026-09-25 13:14:00,a07_study3_outputs.py,36
데이터/결과/tables/T5_category_delta_LD_LZ.md,3a500f4753ebc0207db9670e9e26213ba5df47c704788171d90f75ccc0289624,6523,2026-09-25 13:14:00,a07_study3_outputs.py,
데이터/결과/temporal_common4/fixed_ld2020_net2025.csv,217dca448623263a8f8d3461de25d9770eb75ddc95fe109c74ca11e38f79d281,61179,2026-09-29 12:21:23,a06d_temporal_sensitivity.py,424
데이터/결과/temporal_common4/fixed_ld2025_net2025.csv,0ae34a1f10b9f2c82e178d27ea23bf6431e1782725468e00776c43051084eb07,60584,2026-09-29 12:21:23,a06d_temporal_sensitivity.py,424
데이터/결과/temporal_common4/moving_ld_moving_net.csv,794593af57e710c6a103f1747a60def4f0caaa7e62d859ef6ae29f2101e8b4a4,61809,2026-09-29 12:21:23,a06d_temporal_sensitivity.py,424
데이터/결과/temporal_common4/moving_ld_net2025.csv,5f8a738e3fd024c39c90e36214591b014a5fe7013dec5e16073a81632caff970,61777,2026-09-29 12:21:23,a06d_temporal_sensitivity.py,424
데이터/결과/temporal_common4/moving_ld_snap.csv,2da3ac5e8f27428480e0901dffb0f18292b722c59ee251cc06c1055fa06a0fbe,61705,2026-09-29 12:21:23,a06d_temporal_sensitivity.py,424
데이터/결과/temporal_common4/verification.json,ecf8357cbad306423ef6964e73bc7a07aee68da410cb88ee3d71848d2d5e763a,4871,2026-09-29 12:21:23,a06d_temporal_sensitivity.py,
데이터/결과/xb_main/grid_access_2020_100.parquet,e547a2ba6a0d139e18b49e09fefe49f0af77c5cbd5ebf622218663bc07d634fc,1689395,2026-09-27 13:20:43,a06_engine.py,1476048
데이터/결과/xb_main/grid_access_2025_100.parquet,6ecab5938335dfff8006e729833b7b44ed74d01062864bbbc117ca9baa42cf80,1657343,2026-09-27 13:20:58,a06_engine.py,1477680
데이터/결과/xb_main/run_meta_2020_100.json,b08a3ea496cfe32445b8d0a6d020a10d189da22def0e38576bcef30cef80c531,47451,2026-09-29 12:20:47,a06_engine.py,
데이터/결과/xb_main/run_meta_2025_100.json,8f13a605e9f01a21ae22334c6e6884b209c8fe591d98b2b271a38e8ecce5a9c9,47690,2026-09-29 12:21:04,a06_engine.py,
데이터/결과/xb_main/unit_access_2020_100.csv,613a6bf40c6b8896a2949fddd31f459442d45d10a35e3f7c1d979ceb4affb33f,5212159,2026-09-27 13:20:44,a06_engine.py,43092
데이터/결과/xb_main/unit_access_2025_100.csv,44636d84870218967282a5e02097c92da2a681464e29f2c332fae9b27fef41c8,5213824,2026-09-27 13:20:59,a06_engine.py,43092
데이터/결과/xb_net2025/grid_access_2020_100.parquet,b3db04be1ac9b9ee74fc03a9ea409742d46dd751f1229ba04804a9bd5450ff37,1674692,2026-09-27 13:21:13,a06_engine.py,1476048
데이터/결과/xb_net2025/run_meta_2020_100.json,f909cc9ae8d064ed9b1730b4e8c83df29217db5652f1a379632a40447e9d901b,53965,2026-09-29 12:21:20,a06_engine.py,
데이터/결과/xb_net2025/unit_access_2020_100.csv,bbb99a54a8fb3985aa5017275adc8aa9273d51fb2edab625ec9f368b84e411cb,5212736,2026-09-27 13:21:14,a06_engine.py,43092
데이터/입력/boundary/dong424_queen_adjacency.csv,14c11a3714be0096c7063b9de76f671fb47adc24e0bec77d27de4f564fe8263f,83231,2026-09-24 20:17:16,a03_boundary_metrics.py,2436
데이터/입력/boundary/dong424_queen_W.npz,2662fe13fd4ab8b4538c9518b7ba6ece17a14aee5117587ac862a4dfa629005c,4722,2026-09-24 20:17:16,a03_boundary_metrics.py,
데이터/입력/boundary/dong424_queen_W_index.csv,3e343f7f37299886b8e393da3a05e32aa7eeacc8ab829e8e7bd484d0f03b6477,4987,2026-09-24 20:17:16,a03_boundary_metrics.py,424
데이터/입력/boundary/dong424_units.csv,d6181cebfa10f93683d92de424eddf609da7ac80b8dc06eef9a2bad946c23f39,111038,2026-09-24 20:17:16,a03_boundary_metrics.py,424
데이터/입력/boundary/dong_to_leiden_2020_mapping_424.csv,d03ba1a05a17e875ef54192b6b66c76b8cc8ed049815cbae28fd372ac534c984,41721,2026-09-24 10:57:37,a03_boundary_metrics.py,424
데이터/입력/boundary/dong_to_leiden_2025_mapping_424.csv,19c35263178c77795d6fbff35419b339f10c573098c12b1950fc85ccbdbbc149,41769,2026-09-24 10:57:37,a03_boundary_metrics.py,424
데이터/입력/boundary/dong_to_official_livingzone_mapping_424.csv,4c75ebfaba8e644d244f449652941d12d72e1fdc150b8e91eba2c8015c2753de,33039,2026-09-23 22:30:36,a03_boundary_metrics.py,424
데이터/입력/boundary/seoul_boundaries_all.gpkg,ec8467ec3e9bebfcdd1abb0d4fc1a7c0a1da5f3bec9382c1b0d91bc543dcb8ed,10424320,2026-09-24 10:57:39,a03_boundary_metrics.py,
데이터/입력/boundary/zone_metrics.csv,d1576452c87b01672732af545ba95a1bb25dfc41b1aae7482a4b87608950cf6a,78045,2026-09-24 20:17:15,a03_boundary_metrics.py,797
데이터/입력/external/seunghoon_2026_kpa_seoul_values.csv,662fef6088fce9ad98ad9be902bba8a02e22a99dc7ef78ffd2f0338d799489b7,3306,2026-09-25 00:26:05,수기 전사(원고 인쇄값),19
데이터/입력/facility/facility_2020_2025_units.parquet,ff1df7681352889a02b2ea5805def613a6748d0940a5bef32647188b2e530ed3,44293873,2026-09-26 10:35:17,a02_facility_boundary.py,606066
데이터/입력/facility/facility_2020_2025_units.source.json,392e8527433716f88bfa9a34324588a7bf3b0ff3c9ab1690e73c5923390f1c89,287,2026-09-26 10:35:17,a02_facility_boundary.py,
데이터/입력/grid/grid100_master.gpkg,cedc7a011b8b3f264be873b7b0aafa0a2472ac96f9624db92ff8ccb592f365c8,21811200,2026-09-24 20:24:24,a01_grid_master.py,
데이터/입력/grid/grid100_master.parquet,f96efa65a36827f2d2cf892e01d9177daacc96665b1383f6a3890fedb1d38312,2286523,2026-09-24 20:24:22,a01_grid_master.py,60528
데이터/입력/grid/grid250_master.gpkg,0ab826576c0ca47571246ac6dd15a863f62a5ae0bbd2ca4cb9f6907700e9111d,3723264,2026-09-24 20:24:25,a01_grid_master.py,
데이터/입력/grid/grid250_master.parquet,60ddd455fe27e20ab8bf91830f10a15d5fcaea40206f9f35581faaf89e256aa0,580312,2026-09-24 20:24:24,a01_grid_master.py,9774
데이터/입력/grid/source/서울_격자_250_5179_clean.gpkg,a251639de4fd3a968a27c9209d8e934ca64aa92632c4be082412fdb2908b5890,2408448,2026-01-15 11:10:21,a01_grid_master.py,
데이터/입력/network/walk_2020_edges.parquet,f3fc0381f1ae421b4542ae4cc43ae635809b54593b222317615b80b848bb0707,10648595,2026-09-24 20:21:13,a04_network.py,393405
데이터/입력/network/walk_2020_graph.npz,1f5f7c8600d3cf07d6f677955f84b67e42ebc831b27a10353964750c0959c62b,8733605,2026-09-24 20:21:14,a04_network.py,
데이터/입력/network/walk_2020_nodes.parquet,6c644b74c638dfc686bb0ace5a4df9ba8036d1fec2c84f2854e086fe2856dfd2,7691890,2026-09-24 20:21:12,a04_network.py,338915
데이터/입력/network/walk_2020_summary.json,47ec47d9e7d4c9d19a44354bb36c58d15ebde17be3b5cb8504446d5f0553281e,3855,2026-09-24 20:21:14,a04_network.py,
데이터/입력/network/walk_2025_edges.parquet,74e65f23099ad872c4bbf02eb4350434d8b2189847bb5cd596a6933482e50b0e,17379705,2026-09-24 20:21:45,a04_network.py,669440
데이터/입력/network/walk_2025_graph.npz,008f98052c285080cb7061c463f0267e73e1faeaef0c61126acecd4f374d48c5,14905239,2026-09-24 20:21:48,a04_network.py,
데이터/입력/network/walk_2025_nodes.parquet,b40c82872b64d74dfd419bd7ab6f06236240a6dfb23f15e60edede82c70bd5dd,12744359,2026-09-24 20:21:43,a04_network.py,586959
데이터/입력/network/walk_2025_summary.json,5ea07b41705b67611d26567561531e3b3c72e4043378facf9ade2302c6436d3a,3904,2026-09-24 20:21:48,a04_network.py,
데이터/입력/network/walk_compare_2020_2025.json,acaad2b743cb9fb9526a8a6a05bc3ce8f2c31b5328ee2c7cd9cda1b4cf366e3a,1472,2026-09-24 20:38:49,a04_network.py,
데이터/입력/ttm/snap100_2020.parquet,80e285593aa85d2420d8ab97b9b1a877e1ee15c070415709fcd7864617cf82d8,1408058,2026-09-24 20:27:01,a05_ttm.py,60528
데이터/입력/ttm/snap100_2025.parquet,fa01a37a22a62161de38da61f041382ef72cbd390324c6da9f067688ddd7cbe9,1480911,2026-09-24 20:24:43,a05_ttm.py,60528
데이터/입력/ttm/snap250_2020.parquet,cc15b70dbaef3c4c12799248a859dc34fc9509972619176b6aa90d5c9f02d437,240802,2026-09-24 20:32:27,a05_ttm.py,9774
데이터/입력/ttm/snap250_2025.parquet,b21ed49e78ab2b250d461ccf3a7920b93ea8373c740085372186d0c9a58a7b90,246574,2026-09-24 20:32:09,a05_ttm.py,9774
데이터/입력/ttm/ttm100_2020/_meta.json,ebca762deb8e417ad8716cbfc7472e6c7c67860abfc6ac2314e5cb6ccc4d6a83,73,2026-09-24 20:27:00,a05_ttm.py,
데이터/입력/ttm/ttm100_2020/_stats/ku=11010_chunk_000.parquet,40038fd4823961a80ebebde04b9dcafdbd0523964993ef0df06c858a121dd97e,4929,2026-09-24 20:27:01,a05_ttm.py,200
데이터/입력/ttm/ttm100_2020/_stats/ku=11010_chunk_001.parquet,fc94e62def4e4aaa14172188269e5d5983dc861d67cc37051e392b356a697a3a,4948,2026-09-24 20:27:02,a05_ttm.py,200
데이터/입력/ttm/ttm100_2020/_stats/ku=11010_chunk_002.parquet,40f26b76e104112c500f1a0ec35e7ec7ecd3b07607089564c6c48188bf8764f7,4953,2026-09-24 20:27:02,a05_ttm.py,200
데이터/입력/ttm/ttm100_2020/_stats/ku=11010_chunk_003.parquet,629e9fc4345323c928c42238b3829fc714c7fb3495d38b9643960ec9c09fa5f8,5025,2026-09-24 20:27:03,a05_ttm.py,200
데이터/입력/ttm/ttm100_2020/_stats/ku=11010_chunk_004.parquet,0677843e9fa0623bd68a31b6546b8a1e5a1a43336490a3355e1aa0466d9ffc2b,4900,2026-09-24 20:27:03,a05_ttm.py,200
데이터/입력/ttm/ttm100_2020/_stats/ku=11010_chunk_005.parquet,eee0d02056f03ecb1aaafc1c0697e801124d75197806a1343ef17951dae1c0bc,4882,2026-09-24 20:27:04,a05_ttm.py,200
데이터/입력/ttm/ttm100_2020/_stats/ku=11010_chunk_006.parquet,963ade08e3b44b8d8dac5ce977bfc81ca022bd3199bd747a06bbb19e421c4a54,3335,2026-09-24 20:27:04,a05_ttm.py,73
데이터/입력/ttm/ttm100_2020/_stats/ku=11020_chunk_000.parquet,c87c68fccda5dc266f4873040345341c3838406ba2c330a8b46205f159063874,5818,2026-09-24 20:31:12,a05_ttm.py,200
데이터/입력/ttm/ttm100_2020/_stats/ku=11020_chunk_001.parquet,8ee9937d430df76d0572c94ec7241ca312fd6be35139419ee08300b646448068,5846,2026-09-24 20:31:12,a05_ttm.py,200
데이터/입력/ttm/ttm100_2020/_stats/ku=11020_chunk_002.parquet,a612a159e8c9fde41be9b7d1c31d4db03c39bae7f119965ef938c24db63f073b,6023,2026-09-24 20:31:13,a05_ttm.py,200
데이터/입력/ttm/ttm100_2020/_stats/ku=11020_chunk_003.parquet,0294f3bd6171373457f38361b76845c5dcbb2e47d891a040813966c21851bd41,5834,2026-09-24 20:31:13,a05_ttm.py,200
데이터/입력/ttm/ttm100_2020/_stats/ku=11030_chunk_000.parquet,f4b4bf910369233321a98aac9b17b78a06611389962585ca0e0c9f3da851c96f,6022,2026-09-24 20:31:13,a05_ttm.py,200
데이터/입력/ttm/ttm100_2020/_stats/ku=11030_chunk_001.parquet,bb756ff03229ca4b46e849cf4151db661045ee0028371520c5e0f10fae63ebdc,5901,2026-09-24 20:31:13,a05_ttm.py,200
데이터/입력/ttm/ttm100_2020/_stats/ku=11030_chunk_002.parquet,9c6d0dd15524b411f916167671396002707be8547fb4fa5f93408febb4904ae1,5967,2026-09-24 20:31:14,a05_ttm.py,200
데이터/입력/ttm/ttm100_2020/_stats/ku=11030_chunk_003.parquet,ed59df9122fd05daa01fd87a88a4e69619cca7f83ee2390577509202352e5036,5987,2026-09-24 20:31:14,a05_ttm.py,200
데이터/입력/ttm/ttm100_2020/_stats/ku=11030_chunk_004.parquet,5daca4587e8f0d88a6e67862b9683138ea3c6ca589c1dab6bf962b58f16eac8e,5886,2026-09-24 20:31:14,a05_ttm.py,200
데이터/입력/ttm/ttm100_2020/_stats/ku=11030_chunk_005.parquet,95a416b26d19765dc05b778cc69a0710937ac2594032066f372213d7beca13ee,4092,2026-09-24 20:31:14,a05_ttm.py,55
데이터/입력/ttm/ttm100_2020/_stats/ku=11040_chunk_000.parquet,542c6eadf16b442812cd6ff48eeaa06a158d345df1d1913bc62f1016ce854612,6017,2026-09-24 20:31:15,a05_ttm.py,200
데이터/입력/ttm/ttm100_2020/_stats/ku=11040_chunk_001.parquet,bc7841b46020f5d50c10de2bcb2c3cbde8df8a723e78d7e267a2361d76b67c0e,5990,2026-09-24 20:31:15,a05_ttm.py,200
데이터/입력/ttm/ttm100_2020/_stats/ku=11040_chunk_002.parquet,d236071771004a0ab97dd22b54842db165ad61c2290eca1b86bf0a0fd1ab3e29,5906,2026-09-24 20:31:15,a05_ttm.py,200
데이터/입력/ttm/ttm100_2020/_stats/ku=11040_chunk_003.parquet,3105c39ab1189565002d4d65817aad485d600a70b3d7b8d19c8f3e2fc00ace78,5957,2026-09-24 20:31:15,a05_ttm.py,200
데이터/입력/ttm/ttm100_2020/_stats/ku=11040_chunk_004.parquet,2c95c9ac3dcb9b7a57f1edaff35ed78a301adde90a8b476568c61c3d9bc6e355,5931,2026-09-24 20:31:16,a05_ttm.py,200
데이터/입력/ttm/ttm100_2020/_stats/ku=11040_chunk_005.parquet,cf3a91d4797873753139230f47255bbaee0f6dd111ab797a5b76918ee67a6416,4346,2026-09-24 20:31:16,a05_ttm.py,68
데이터/입력/ttm/ttm100_2020/_stats/ku=11050_chunk_000.parquet,422edf41c83d4d57d17e6c3390d8b6040fc8eb147038df747eee032f2db8ef65,5870,2026-09-24 20:31:16,a05_ttm.py,200
데이터/입력/ttm/ttm100_2020/_stats/ku=11050_chunk_001.parquet,9c37222fcf3754cd19f4409b8cbb469ab4a5f1927d163374c87a594978768eca,6064,2026-09-24 20:31:16,a05_ttm.py,200
데이터/입력/ttm/ttm100_2020/_stats/ku=11050_chunk_002.parquet,8a394d01119783f3a84a12ebde6bdebe15d7342d46604d682c37a2a52cf734bc,5962,2026-09-24 20:31:17,a05_ttm.py,200
데이터/입력/ttm/ttm100_2020/_stats/ku=11050_chunk_003.parquet,b631f267fdbb30b20f4363e1069ab15d48b24adb25a02006c2eb132a841afb70,5845,2026-09-24 20:31:17,a05_ttm.py,200
데이터/입력/ttm/ttm100_2020/_stats/ku=11050_chunk_004.parquet,b33c5745628325a7bd46a9328d6332487babd8d0a21c3839d3038b9a1b14cfa9,5915,2026-09-24 20:31:17,a05_ttm.py,200
데이터/입력/ttm/ttm100_2020/_stats/ku=11050_chunk_005.parquet,8be399b14dbf37d4adbb70c8901dda91d1b7cd1c1238caf2a0f51afb23bf4e4d,4277,2026-09-24 20:31:17,a05_ttm.py,64
데이터/입력/ttm/ttm100_2020/_stats/ku=11060_chunk_000.parquet,3966a9e2df4d376e367c21c71d011cfbd115e98d4e506f8cb033c7ed998f76a4,5523,2026-09-24 20:31:17,a05_ttm.py,200
데이터/입력/ttm/ttm100_2020/_stats/ku=11060_chunk_001.parquet,fdb344ad0470d57da6d2c1903d4b7502778f794f8a7b879ebd92db04e7f77f51,5745,2026-09-24 20:31:18,a05_ttm.py,200
데이터/입력/ttm/ttm100_2020/_stats/ku=11060_chunk_002.parquet,9a8b912747c27934eed22ebb2e7d27d72514390f4dc3b4d13c970ca97da6e7c5,5837,2026-09-24 20:31:18,a05_ttm.py,200
데이터/입력/ttm/ttm100_2020/_stats/ku=11060_chunk_003.parquet,c4c3a53944cb386934ae0f89016f0322caf78b95a0d05817e55737d2059967f1,5906,2026-09-24 20:31:18,a05_ttm.py,200
데이터/입력/ttm/ttm100_2020/_stats/ku=11060_chunk_004.parquet,76abf79b78794f1303cba3c1a042133dceb20fff220dc15e1fd2d26b776e3854,5834,2026-09-24 20:31:19,a05_ttm.py,200
데이터/입력/ttm/ttm100_2020/_stats/ku=11060_chunk_005.parquet,16f2c3baff5f67968f41a7b37e9b93e34a94a53cee7020a18a06aafc94f4c157,5739,2026-09-24 20:31:19,a05_ttm.py,200
데이터/입력/ttm/ttm100_2020/_stats/ku=11060_chunk_006.parquet,8f3fbcad9ffa6c297960417eeac957908616769f347f607d6812371215a2bddb,3339,2026-09-24 20:31:19,a05_ttm.py,1
데이터/입력/ttm/ttm100_2020/_stats/ku=11070_chunk_000.parquet,a2c0f957457f3a4b17e02258db587060974d95efc20852548809836b340e2d22,5892,2026-09-24 20:31:19,a05_ttm.py,200
데이터/입력/ttm/ttm100_2020/_stats/ku=11070_chunk_001.parquet,31d1d6a06859a4f3967ed18dd87495a6065f0db566a4879af2ce10f6253ebe64,5764,2026-09-24 20:31:19,a05_ttm.py,200
데이터/입력/ttm/ttm100_2020/_stats/ku=11070_chunk_002.parquet,7f92f52c8dd7a0b2a594e50763ebf8df18a858ee1cadc1b1bd4eaaf4d6482240,5779,2026-09-24 20:31:20,a05_ttm.py,200
데이터/입력/ttm/ttm100_2020/_stats/ku=11070_chunk_003.parquet,75b429c4f732215d1f881cec1ea68c65d5a671956a268748d37076ed61ab9bc3,5832,2026-09-24 20:31:20,a05_ttm.py,200
데이터/입력/ttm/ttm100_2020/_stats/ku=11070_chunk_004.parquet,354a034e175fcfa4fcb3a989580b504f9b9b61fda097d901a339a283b4232116,6016,2026-09-24 20:31:20,a05_ttm.py,200
데이터/입력/ttm/ttm100_2020/_stats/ku=11070_chunk_005.parquet,1128fcbfa911af21c9d76a0455b56a23d8ba8bbe355c1cedfa755c07df85b43d,5588,2026-09-24 20:31:20,a05_ttm.py,162
데이터/입력/ttm/ttm100_2020/_stats/ku=11080_chunk_000.parquet,0f707f632cd38cadced2a30e0ff60c3df6061070bda6e2b369d1f34a65fa796d,5925,2026-09-24 20:31:20,a05_ttm.py,200
데이터/입력/ttm/ttm100_2020/_stats/ku=11080_chunk_001.parquet,e28ecfe3f3cedbb45e678a7765b070ea7ec3af4e5cb757ae04c4eb058996fc1b,6048,2026-09-24 20:31:21,a05_ttm.py,200
데이터/입력/ttm/ttm100_2020/_stats/ku=11080_chunk_002.parquet,49c124f1890598b92fd51f64716ec6cfd21b8202b460473e3bee691d98b402ab,5878,2026-09-24 20:31:21,a05_ttm.py,200
데이터/입력/ttm/ttm100_2020/_stats/ku=11080_chunk_003.parquet,785585333de959603af6fcb73d1e9367c070e9ea51f260917ddba910c9ce0130,5766,2026-09-24 20:31:21,a05_ttm.py,200
데이터/입력/ttm/ttm100_2020/_stats/ku=11080_chunk_004.parquet,d1d35ee6320ae258388a8c426fcefbbe5c5b369d265fcfabf253a7e0766492a2,5799,2026-09-24 20:31:22,a05_ttm.py,200
데이터/입력/ttm/ttm100_2020/_stats/ku=11080_chunk_005.parquet,2355d01e903c0c33cab8fd8f81c5eaf10988e3a915b37003f43543f09270f18e,5863,2026-09-24 20:31:22,a05_ttm.py,200
데이터/입력/ttm/ttm100_2020/_stats/ku=11080_chunk_006.parquet,50d13a829e8b2401d097e60c699d8c0905b362c782a1d505f211c21193c5cbdc,5879,2026-09-24 20:31:22,a05_ttm.py,200
데이터/입력/ttm/ttm100_2020/_stats/ku=11080_chunk_007.parquet,010f686b50e247f72cbc9d3420a4ad6a5ab35919a3331db0f07ad28d9775804d,5722,2026-09-24 20:31:22,a05_ttm.py,200
데이터/입력/ttm/ttm100_2020/_stats/ku=11080_chunk_008.parquet,6ac4f15510f55847c3d3d74a537b131749002fd6b1ca89babd80cf4f71cea123,4090,2026-09-24 20:31:22,a05_ttm.py,52
데이터/입력/ttm/ttm100_2020/_stats/ku=11090_chunk_000.parquet,3e662fa8719f9ff485124b809e2b22164fcc6b8dbc88a7a40e0cc7b4e42f928d,6104,2026-09-24 20:31:23,a05_ttm.py,200
데이터/입력/ttm/ttm100_2020/_stats/ku=11090_chunk_001.parquet,f9547d06ab890b289cd534c9f8b793c789c498c891e5d0239c6ee1b7c36dc753,5778,2026-09-24 20:31:23,a05_ttm.py,200
데이터/입력/ttm/ttm100_2020/_stats/ku=11090_chunk_002.parquet,7f65e8362d6f6ed5859904b585daab5ca35bc2753f335c25d9c5a2955404e9be,5810,2026-09-24 20:31:23,a05_ttm.py,200
데이터/입력/ttm/ttm100_2020/_stats/ku=11090_chunk_003.parquet,e71109f71419afad4660266cff8695136d8f4fefd04c775375a3781561eb8ffc,5622,2026-09-24 20:31:24,a05_ttm.py,200
데이터/입력/ttm/ttm100_2020/_stats/ku=11090_chunk_004.parquet,dc1a58921750461f180d69c72eac4df62f9ec1f8ed44d2508286752c02ccd42e,5879,2026-09-24 20:31:24,a05_ttm.py,200
데이터/입력/ttm/ttm100_2020/_stats/ku=11090_chunk_005.parquet,dc0fe18c95e0c27b96ecb6c64d54d4569418c0e0ce456b15492e96012a6170e4,4233,2026-09-24 20:31:24,a05_ttm.py,65
데이터/입력/ttm/ttm100_2020/_stats/ku=11100_chunk_000.parquet,9bc24d9bb8a479e3000a3bca255c976e6bc33750a8215cb4c24616a310e81f74,5953,2026-09-24 20:31:24,a05_ttm.py,200
데이터/입력/ttm/ttm100_2020/_stats/ku=11100_chunk_001.parquet,d2b30fbc0e3be725de380964a98151188bd4e7104010ef4cf2e1d0b545350920,5916,2026-09-24 20:31:25,a05_ttm.py,200
데이터/입력/ttm/ttm100_2020/_stats/ku=11100_chunk_002.parquet,3fb027d740b9f337604579fbc66e9ca52ee6553e1b9cea02cb121eb06c12186a,5883,2026-09-24 20:31:25,a05_ttm.py,200
데이터/입력/ttm/ttm100_2020/_stats/ku=11100_chunk_003.parquet,c331d3afa7a011e2fb62294818d26f8afa090e06bdf1e864cabeeebd73341563,5872,2026-09-24 20:31:25,a05_ttm.py,200
데이터/입력/ttm/ttm100_2020/_stats/ku=11100_chunk_004.parquet,60119f6253dd645667079a708c102baa098b10ba2b848336fa66918fefb362d9,5866,2026-09-24 20:31:25,a05_ttm.py,200
데이터/입력/ttm/ttm100_2020/_stats/ku=11100_chunk_005.parquet,c93fdd68ce3b00dffa4b4c5ffe6239628ade50f1f62a99632b81939fc93b3189,3890,2026-09-24 20:31:25,a05_ttm.py,39
데이터/입력/ttm/ttm100_2020/_stats/ku=11110_chunk_000.parquet,5f41a97233966ac67a32225325266139351541234d135c559fd363eacdb9b4fc,6093,2026-09-24 20:31:26,a05_ttm.py,200
데이터/입력/ttm/ttm100_2020/_stats/ku=11110_chunk_001.parquet,b0125df7436d3352036584d7f60f6f2d0f74208915966fce8aa779b320aefd91,5899,2026-09-24 20:31:26,a05_ttm.py,200
데이터/입력/ttm/ttm100_2020/_stats/ku=11110_chunk_002.parquet,4fdf345dccbdfecbc2ede359c028907e0388a2e91c164cf899b2fe331d0b580a,5979,2026-09-24 20:31:26,a05_ttm.py,200
데이터/입력/ttm/ttm100_2020/_stats/ku=11110_chunk_003.parquet,80881b06fabef111f89ef047c10ce13c23c77299c5a4ac418c5685bc95cbe32b,5953,2026-09-24 20:31:26,a05_ttm.py,200
데이터/입력/ttm/ttm100_2020/_stats/ku=11110_chunk_004.parquet,4557f1a6f38cdc4442f9366295e7d2bce5add5155af3da484413816a9a2ee20b,5880,2026-09-24 20:31:27,a05_ttm.py,200
데이터/입력/ttm/ttm100_2020/_stats/ku=11110_chunk_005.parquet,485e68eceece8b2e85319de86c7dbfd85f70830b1e93a21c0f7a86fbc5b62e52,5921,2026-09-24 20:31:27,a05_ttm.py,200
데이터/입력/ttm/ttm100_2020/_stats/ku=11110_chunk_006.parquet,571687de9599d8aebe672c0e333da69392ee3ce86ed3cdfd2a6a91c3a5bc5639,5961,2026-09-24 20:31:27,a05_ttm.py,200
데이터/입력/ttm/ttm100_2020/_stats/ku=11110_chunk_007.parquet,a0d8ecf5c18b33e7d0815a3d1d6819ba140611112ee7c2acfdfa08302da41f1b,5016,2026-09-24 20:31:27,a05_ttm.py,119
데이터/입력/ttm/ttm100_2020/_stats/ku=11120_chunk_000.parquet,e68746cda1620e938a399847abf5665198b621802a6ad60809c741575c321d93,6033,2026-09-24 20:31:27,a05_ttm.py,200
데이터/입력/ttm/ttm100_2020/_stats/ku=11120_chunk_001.parquet,64a22b08fdca169a4f64f41a0f89d62462405fb5ad5d73a0baeee95985eae2f4,5919,2026-09-24 20:31:28,a05_ttm.py,200
데이터/입력/ttm/ttm100_2020/_stats/ku=11120_chunk_002.parquet,19746a24dcb782472ffbfa21cca1ccc4a9084ff9116a78128725f63cf25e0394,5900,2026-09-24 20:31:28,a05_ttm.py,200
데이터/입력/ttm/ttm100_2020/_stats/ku=11120_chunk_003.parquet,1664f0b4fe37399ec2a52d5312447d45620b1f9e7270e9f0efce49a9fb910c72,5935,2026-09-24 20:31:28,a05_ttm.py,200
데이터/입력/ttm/ttm100_2020/_stats/ku=11120_chunk_004.parquet,c77040d384043570eba1c7ff365132f2b4081bc152c8cae7a1b48ceb0ce44f34,5957,2026-09-24 20:31:29,a05_ttm.py,200
데이터/입력/ttm/ttm100_2020/_stats/ku=11120_chunk_005.parquet,af155d11c380fbbfd4cfadee88b5570a647b7c2c237e73840b5b771b1038c324,5968,2026-09-24 20:31:29,a05_ttm.py,200
데이터/입력/ttm/ttm100_2020/_stats/ku=11120_chunk_006.parquet,e5adcb5bbc1da7648b813c61d6875f2dca12411be493b923f541cb6b03624e91,6029,2026-09-24 20:31:29,a05_ttm.py,200
데이터/입력/ttm/ttm100_2020/_stats/ku=11120_chunk_007.parquet,e1440a468a0a2c82ef8b74e7e77a28eae64402a8b33974828dfaf00cae9b025d,5621,2026-09-24 20:31:29,a05_ttm.py,164
데이터/입력/ttm/ttm100_2020/_stats/ku=11130_chunk_000.parquet,9b956e342a28875ad24b235aa6c9b43f116d06d851dc78b74e819eaf88cd8c80,5711,2026-09-24 20:31:30,a05_ttm.py,200
데이터/입력/ttm/ttm100_2020/_stats/ku=11130_chunk_001.parquet,da619d1a1fa849ee2653130f993c14bd0aeb80449f9620cd16b4e9ff0bb19c51,5777,2026-09-24 20:31:30,a05_ttm.py,200
데이터/입력/ttm/ttm100_2020/_stats/ku=11130_chunk_002.parquet,8a7ad9c4f583adefd604d23722ad7eae12f931bcc481e5cecfdabf1dc4346289,6013,2026-09-24 20:31:30,a05_ttm.py,200
데이터/입력/ttm/ttm100_2020/_stats/ku=11130_chunk_003.parquet,87335e23298c084b5dbab43ae9aba1fe7bee4d07b3ef3f083d1862783a8dc518,5882,2026-09-24 20:31:30,a05_ttm.py,200
데이터/입력/ttm/ttm100_2020/_stats/ku=11130_chunk_004.parquet,6f577c1bbb670e02fec882c4da28f10d702216391e5a13cae031f120c57c83ab,6013,2026-09-24 20:31:31,a05_ttm.py,200
데이터/입력/ttm/ttm100_2020/_stats/ku=11130_chunk_005.parquet,08e76febe84f60977d89ce7a591e03f8f182fcdc950f3db1e1378264c6def88a,6067,2026-09-24 20:31:31,a05_ttm.py,200
데이터/입력/ttm/ttm100_2020/_stats/ku=11130_chunk_006.parquet,1f3898d234a687a764621bae3177b8a458bcc74767e2bbe39f6a62e3875218f5,3780,2026-09-24 20:31:31,a05_ttm.py,31
데이터/입력/ttm/ttm100_2020/_stats/ku=11140_chunk_000.parquet,03170bb959bc352da5278cd4806ac9fafaf399c6f7ccd81f2962323f625c678a,5923,2026-09-24 20:31:31,a05_ttm.py,200
데이터/입력/ttm/ttm100_2020/_stats/ku=11140_chunk_001.parquet,1937b3daf9be5a69d7504a71a45be57d8bd2e5ca1b56e5dda4bcb3109aa141a3,5906,2026-09-24 20:31:31,a05_ttm.py,200
데이터/입력/ttm/ttm100_2020/_stats/ku=11140_chunk_002.parquet,aac9139fc2054bb0c3a9ab2c2b70e5800543b9234b147a389a19b614c9e9878d,5862,2026-09-24 20:31:32,a05_ttm.py,200
데이터/입력/ttm/ttm100_2020/_stats/ku=11140_chunk_003.parquet,37e2a81d1a122b3a019e579f978a9c948cf260dba7b67b39d26acfa27a66b848,5895,2026-09-24 20:31:32,a05_ttm.py,200
데이터/입력/ttm/ttm100_2020/_stats/ku=11140_chunk_004.parquet,83c47594febd623dac59ce42ba69529c05516d43a34ad742ae69852d39018538,5963,2026-09-24 20:31:32,a05_ttm.py,200
데이터/입력/ttm/ttm100_2020/_stats/ku=11140_chunk_005.parquet,682767ebc75ba3f5dd39a4dc1cf6b132bbca2365cbc0c7ecdb7686fb1d40f7a4,5888,2026-09-24 20:31:33,a05_ttm.py,200
데이터/입력/ttm/ttm100_2020/_stats/ku=11140_chunk_006.parquet,2d38794e5a7663726d958512130cb95525fc5c2c74430244aa7906f3e6bedbd9,4743,2026-09-24 20:31:33,a05_ttm.py,111
데이터/입력/ttm/ttm100_2020/_stats/ku=11150_chunk_000.parquet,4993989b61cafceb7b0b2448e83df15d39afb6c96a9e65c84203ad7b56e5220c,6043,2026-09-24 20:31:33,a05_ttm.py,200
데이터/입력/ttm/ttm100_2020/_stats/ku=11150_chunk_001.parquet,1e1f09e16e12fa5027b393be52851ee3a86bef3f65711221fd95f02dbfa68597,5878,2026-09-24 20:31:33,a05_ttm.py,200
데이터/입력/ttm/ttm100_2020/_stats/ku=11150_chunk_002.parquet,c66b75b0573015986b28f68756923a1be1a08cc07dc257ee4b85ed96c00f3941,5694,2026-09-24 20:31:34,a05_ttm.py,200
데이터/입력/ttm/ttm100_2020/_stats/ku=11150_chunk_003.parquet,64399dfa184f9b947e231aee3f6ded11c312b99ee21bca7e0afe8ec8f71f570c,5879,2026-09-24 20:31:34,a05_ttm.py,200
데이터/입력/ttm/ttm100_2020/_stats/ku=11150_chunk_004.parquet,0a891df15d502e801365112dc083e8a2384618f57356da0c3c50797c13ad212c,5848,2026-09-24 20:31:34,a05_ttm.py,200
데이터/입력/ttm/ttm100_2020/_stats/ku=11150_chunk_005.parquet,64c114f646972cd6e80427cc4df2d7732ae36fb8823721fe4f570d9f21b5f603,5813,2026-09-24 20:31:34,a05_ttm.py,200
데이터/입력/ttm/ttm100_2020/_stats/ku=11150_chunk_006.parquet,ed9120ec8d3faa3a6ca0f574a06b971bb1f80f730f840e6590e018b36f63e43b,4845,2026-09-24 20:31:35,a05_ttm.py,105
데이터/입력/ttm/ttm100_2020/_stats/ku=11160_chunk_000.parquet,b2b16f993108a4565a7a76c4767da86ec9d4eedaca6e63169c5a5be60e68e553,6049,2026-09-24 20:31:35,a05_ttm.py,200
데이터/입력/ttm/ttm100_2020/_stats/ku=11160_chunk_001.parquet,9a623761ecf0471bfe12a3b8b142c8754a82d0507eb5fb43c4049e592fbe4e17,5996,2026-09-24 20:31:35,a05_ttm.py,200
데이터/입력/ttm/ttm100_2020/_stats/ku=11160_chunk_002.parquet,62976cfcbc56f5e083c4e72bc1436312ea289e46ed5df2b5440bc81ad51f6848,5873,2026-09-24 20:31:35,a05_ttm.py,200
데이터/입력/ttm/ttm100_2020/_stats/ku=11160_chunk_003.parquet,42789a6b5bc41362de26cb221532337fc3856046ee9ee5b88cc73daf3cc38d87,5780,2026-09-24 20:31:36,a05_ttm.py,200
데이터/입력/ttm/ttm100_2020/_stats/ku=11160_chunk_004.parquet,d726e8fb472888b3ec0fcaeca43a207b94054bfe8de6ee9c7807fef3773ccb2d,5768,2026-09-24 20:31:36,a05_ttm.py,200
데이터/입력/ttm/ttm100_2020/_stats/ku=11160_chunk_005.parquet,52284fbc97555fb821d5fa682f177209b92500526300527bff68158a7ef8b492,5749,2026-09-24 20:31:36,a05_ttm.py,200
데이터/입력/ttm/ttm100_2020/_stats/ku=11160_chunk_006.parquet,7a4a10f79e1a92a0eddcd92f28be40b6e95ff7f62d3e76faf21eb02267d1b302,5844,2026-09-24 20:31:36,a05_ttm.py,200
데이터/입력/ttm/ttm100_2020/_stats/ku=11160_chunk_007.parquet,542b974374765f6b034b0bda00fd45672e3e699f34e3de632a03d92e7a23ed82,6000,2026-09-24 20:31:37,a05_ttm.py,200
데이터/입력/ttm/ttm100_2020/_stats/ku=11160_chunk_008.parquet,81a671994e657bfd0166e9d539381ea10cc7793bf648caaecfcf33e9552f5829,5877,2026-09-24 20:31:37,a05_ttm.py,200
데이터/입력/ttm/ttm100_2020/_stats/ku=11160_chunk_009.parquet,5e673e66937b12569fb2c52066500ca8f5d43e8699647f3e7030e2cfc341e58a,3478,2026-09-24 20:31:37,a05_ttm.py,9
데이터/입력/ttm/ttm100_2020/_stats/ku=11170_chunk_000.parquet,8a1a064305c203bf700250d270a285a037102f424c3774f9646871c47e40b3a1,6001,2026-09-24 20:31:37,a05_ttm.py,200
데이터/입력/ttm/ttm100_2020/_stats/ku=11170_chunk_001.parquet,2506f5a5a3a67db2cdea7016cc070e0e326307f7e8a6a956078ed796bf3eb17c,5988,2026-09-24 20:31:38,a05_ttm.py,200
데이터/입력/ttm/ttm100_2020/_stats/ku=11170_chunk_002.parquet,807b9015a0055c146449257c1e5a719dba41d0fa4ba49fd23e07e51589347855,6086,2026-09-24 20:31:38,a05_ttm.py,200
데이터/입력/ttm/ttm100_2020/_stats/ku=11170_chunk_003.parquet,93828e6ef4336a3d301c0f21b23e950eab00eb95f7b94b6b756c67d5025533a6,6012,2026-09-24 20:31:39,a05_ttm.py,200
데이터/입력/ttm/ttm100_2020/_stats/ku=11170_chunk_004.parquet,f7c3b156cf441e331ac65ba73fe29686099fc2da2f689b959ca1ad057c829af6,5996,2026-09-24 20:31:39,a05_ttm.py,200
데이터/입력/ttm/ttm100_2020/_stats/ku=11170_chunk_005.parquet,fd5dc182abcb190e9e59b8bc060a12db686a6e87227f43f0f7d7d7906ef225c4,5892,2026-09-24 20:31:39,a05_ttm.py,200
데이터/입력/ttm/ttm100_2020/_stats/ku=11170_chunk_006.parquet,ccda2188aa0aa3f9aec5778d0cd11928d3f4c4b1bb6b479f0bbad6f07959cc05,5868,2026-09-24 20:31:40,a05_ttm.py,200
데이터/입력/ttm/ttm100_2020/_stats/ku=11170_chunk_007.parquet,0d8c873773a83d2cedf8662a522861f690852095a9810236427ae7b60acc2d15,3355,2026-09-24 20:31:40,a05_ttm.py,2
데이터/입력/ttm/ttm100_2020/_stats/ku=11180_chunk_000.parquet,398c40dfc918a718b2fabfc04fdefe8d0d88b4545e706d3d0be47f6cd8955992,6011,2026-09-24 20:31:40,a05_ttm.py,200
데이터/입력/ttm/ttm100_2020/_stats/ku=11180_chunk_001.parquet,7ee46d2b70eb66404eb3e5afd98ba9812595d4202d280522a45ae0304485ce73,6003,2026-09-24 20:31:40,a05_ttm.py,200
데이터/입력/ttm/ttm100_2020/_stats/ku=11180_chunk_002.parquet,1ff26132a65c2ccddf77a62c8aa8392babc08c7d0805aab1ec1e0e6881f5b5be,5967,2026-09-24 20:31:41,a05_ttm.py,200
데이터/입력/ttm/ttm100_2020/_stats/ku=11180_chunk_003.parquet,e00b55d809a83690cb6948b3c650ef43be8b652c42eab0aa7942b7cb9fafcdbc,6064,2026-09-24 20:31:41,a05_ttm.py,200
데이터/입력/ttm/ttm100_2020/_stats/ku=11180_chunk_004.parquet,aa76cc60952ccf83ff41ba7a81edf83d244a3e1cf51eb9326fff257d82bbd3fe,4415,2026-09-24 20:31:41,a05_ttm.py,74
데이터/입력/ttm/ttm100_2020/_stats/ku=11190_chunk_000.parquet,4cea06bec3e2e7b84b1b502b251cd00decac459755667b6fec186699c41b44b5,5814,2026-09-24 20:31:42,a05_ttm.py,200
데이터/입력/ttm/ttm100_2020/_stats/ku=11190_chunk_001.parquet,7dd5a0eb7f3a822d70eef453fbf60eb183f41e89f1b7d8b52cca9d7c31713aee,5891,2026-09-24 20:31:42,a05_ttm.py,200
데이터/입력/ttm/ttm100_2020/_stats/ku=11190_chunk_002.parquet,1c89ef281114f1d3aa2b53448ebf27f6315cf51e8483244e2f51941c92824688,5741,2026-09-24 20:31:42,a05_ttm.py,200
데이터/입력/ttm/ttm100_2020/_stats/ku=11190_chunk_003.parquet,570c6935a1cadeb089d96224dbee8166cc41df7ecfe4f346341542e24a99daeb,5814,2026-09-24 20:31:42,a05_ttm.py,200
데이터/입력/ttm/ttm100_2020/_stats/ku=11190_chunk_004.parquet,49b1892b7397309ea505c5904a1e039a1d09cd5af4e613aa2a20d1d817b7e812,5785,2026-09-24 20:31:43,a05_ttm.py,200
데이터/입력/ttm/ttm100_2020/_stats/ku=11190_chunk_005.parquet,7e57356c72257d1643d81d894829b6dbf845d09e86cab06b50a673898f56496d,5909,2026-09-24 20:31:43,a05_ttm.py,200
데이터/입력/ttm/ttm100_2020/_stats/ku=11190_chunk_006.parquet,7626704f7080e6b5e979121250a7dd9f1eaf8860288c3a5eae78beede5c04907,5815,2026-09-24 20:31:43,a05_ttm.py,186
데이터/입력/ttm/ttm100_2020/_stats/ku=11200_chunk_000.parquet,c2c4cbf989cf8e536de126c9bc0daefbda8f909666b28078ffe25a39d7ffa1e9,5766,2026-09-24 20:31:44,a05_ttm.py,200
데이터/입력/ttm/ttm100_2020/_stats/ku=11200_chunk_001.parquet,a24031eaacd0b505fd0d4dff9f8e9601ef0cce51faa2136ef564086f22ef3b72,5902,2026-09-24 20:31:44,a05_ttm.py,200
데이터/입력/ttm/ttm100_2020/_stats/ku=11200_chunk_002.parquet,8e25ea071c99586ffe126f68a367eb879d73623fb2e057261fd948a46621d422,5949,2026-09-24 20:31:44,a05_ttm.py,200
데이터/입력/ttm/ttm100_2020/_stats/ku=11200_chunk_003.parquet,6e6cd779915d6eb25ca76fbe70410ab3eb486ade853663c63ae773ad95229ccc,5905,2026-09-24 20:31:45,a05_ttm.py,200
데이터/입력/ttm/ttm100_2020/_stats/ku=11200_chunk_004.parquet,02b126dde502852ecf7b029492ed925a0b496f1a0cca2e30305a0504dce9600a,6046,2026-09-24 20:31:45,a05_ttm.py,200
데이터/입력/ttm/ttm100_2020/_stats/ku=11200_chunk_005.parquet,7e1ec411d14f79c9b08186dce087117502e74d0e2f990cf846f4548a8ecfbf7e,5922,2026-09-24 20:31:45,a05_ttm.py,185
데이터/입력/ttm/ttm100_2020/_stats/ku=11210_chunk_000.parquet,4e95e3b41adc7d3d54d047ab48597ff0dd989422d22103e8869f762b1e4e37f5,5970,2026-09-24 20:31:45,a05_ttm.py,200
데이터/입력/ttm/ttm100_2020/_stats/ku=11210_chunk_001.parquet,0a4b1acdfedf6b11e478f712ea2925fb46729883ecac06ed35a5e2a065a08626,5876,2026-09-24 20:31:46,a05_ttm.py,200
데이터/입력/ttm/ttm100_2020/_stats/ku=11210_chunk_002.parquet,e1f1d51ea641df065ba19faf8795ce86a32101a68a400388e9d5c3c179cd808a,6030,2026-09-24 20:31:46,a05_ttm.py,200
데이터/입력/ttm/ttm100_2020/_stats/ku=11210_chunk_003.parquet,2ca3d225366ec5f2908bece8633b3e08444752d429c0a673991e8c05f9c334d6,5985,2026-09-24 20:31:46,a05_ttm.py,200
데이터/입력/ttm/ttm100_2020/_stats/ku=11210_chunk_004.parquet,4fdb4636a8e146b024ea987f9ba98863ac6edfd8108aabd84a7c441ac2706801,5878,2026-09-24 20:31:46,a05_ttm.py,200
데이터/입력/ttm/ttm100_2020/_stats/ku=11210_chunk_005.parquet,cfeb40f371d9afaab6e233d8b6819227a831c209af75738dd4069d422a7a1a46,5940,2026-09-24 20:31:47,a05_ttm.py,200
데이터/입력/ttm/ttm100_2020/_stats/ku=11210_chunk_006.parquet,e6cb94de33c1897e9e45ff07f6a72bcd5c22080f6372b7596c579b2b5323f786,5959,2026-09-24 20:31:47,a05_ttm.py,200
데이터/입력/ttm/ttm100_2020/_stats/ku=11210_chunk_007.parquet,36d3ead5a66fb2f4842b96788e3682cbc730578b27c7f7e0941f8c259193cbe8,3642,2026-09-24 20:31:47,a05_ttm.py,19
데이터/입력/ttm/ttm100_2020/_stats/ku=11220_chunk_000.parquet,7e9eb8b9170b370d4d9ef9efb55132d2098fd2dae92c73a1159ffca16a29c823,5976,2026-09-24 20:31:47,a05_ttm.py,200
데이터/입력/ttm/ttm100_2020/_stats/ku=11220_chunk_001.parquet,a868f8554d49381082bd07108143f00422ad449f2a7add9b987f659227d999e6,5994,2026-09-24 20:31:47,a05_ttm.py,200
데이터/입력/ttm/ttm100_2020/_stats/ku=11220_chunk_002.parquet,67e01bf667f01ba26d7381cbe13353baf0d6e6f952e415dab994430f8d9c7423,5902,2026-09-24 20:31:48,a05_ttm.py,200
데이터/입력/ttm/ttm100_2020/_stats/ku=11220_chunk_003.parquet,3359b5c7276d89397e003d5acc5cf2ce0bddfba5e9ebfd90f1ee637f3ac51545,5936,2026-09-24 20:31:48,a05_ttm.py,200
데이터/입력/ttm/ttm100_2020/_stats/ku=11220_chunk_004.parquet,1654d9752a5c32907c8ab0c4d1d394a7089240c082aeca07d23404b3ef2d0363,5971,2026-09-24 20:31:48,a05_ttm.py,200
데이터/입력/ttm/ttm100_2020/_stats/ku=11220_chunk_005.parquet,150aad926cba8b16ac569b2c4aa79430aba332deb0a69c447cd13cae04fe3091,6000,2026-09-24 20:31:48,a05_ttm.py,200
데이터/입력/ttm/ttm100_2020/_stats/ku=11220_chunk_006.parquet,2a6bb51e9ef2fec689faa94c5fcce0a1874167ac38a1531001d4a69becd5fdc0,6042,2026-09-24 20:31:49,a05_ttm.py,200
데이터/입력/ttm/ttm100_2020/_stats/ku=11220_chunk_007.parquet,4889f9692b8bc607ea91c4aeab82a85cedbd44e203c6070179210955c27d6439,6043,2026-09-24 20:31:49,a05_ttm.py,200
데이터/입력/ttm/ttm100_2020/_stats/ku=11220_chunk_008.parquet,cc459a40e578b3a4cb455548f305ef2a7f50a36e2837271c0a3b8a7b17a2e1a9,5975,2026-09-24 20:31:49,a05_ttm.py,200
데이터/입력/ttm/ttm100_2020/_stats/ku=11220_chunk_009.parquet,a4ad51a4dbfb0db7f73754413a98b73a4146e6d677e61c7ae69c64ad3bbbe10b,5333,2026-09-24 20:31:49,a05_ttm.py,137
데이터/입력/ttm/ttm100_2020/_stats/ku=11230_chunk_000.parquet,508a562b16d04bb46c1e1511c819804dbf59cb876d38e392902eb5c61f77bb9f,5703,2026-09-24 20:31:50,a05_ttm.py,200
데이터/입력/ttm/ttm100_2020/_stats/ku=11230_chunk_001.parquet,830454791e1c801712d1b0ff9a1624be715e2ffd4d87186a2e938c7a82e7aadc,5774,2026-09-24 20:31:50,a05_ttm.py,200
데이터/입력/ttm/ttm100_2020/_stats/ku=11230_chunk_002.parquet,0eb7cfc7219542b882f2ab6b19aafd32544fb6798b336b82af7050b336d7467c,5633,2026-09-24 20:31:50,a05_ttm.py,200
데이터/입력/ttm/ttm100_2020/_stats/ku=11230_chunk_003.parquet,12c80de1494a43a98f6a7649e831e93fc5591373d7a739d2692dec1f19c51967,5590,2026-09-24 20:31:51,a05_ttm.py,200
데이터/입력/ttm/ttm100_2020/_stats/ku=11230_chunk_004.parquet,18699a4088986ecaa099757c23874e83d24b45c95a34c5a39bd9db554c569a9d,5734,2026-09-24 20:31:51,a05_ttm.py,200
데이터/입력/ttm/ttm100_2020/_stats/ku=11230_chunk_005.parquet,8a6207ca738dbef9a941c376f89d48d83061191baec2a9cfaee7501af73e5877,5871,2026-09-24 20:31:51,a05_ttm.py,200
데이터/입력/ttm/ttm100_2020/_stats/ku=11230_chunk_006.parquet,7e4fa7f1187988b21e33f4eaf976ce5a80c3d1663ef9fa8ed5920aa8be29b8c2,5950,2026-09-24 20:31:52,a05_ttm.py,200
데이터/입력/ttm/ttm100_2020/_stats/ku=11230_chunk_007.parquet,a79262f6109545acfc652c15ed85098331e226a2ffc75f2d9f9a79b4877f93f5,5936,2026-09-24 20:31:52,a05_ttm.py,200
데이터/입력/ttm/ttm100_2020/_stats/ku=11230_chunk_008.parquet,571b9ac336770bbd2e32b3af24ce9e3c2cb1f2f26bc1b8bcba402fd433c382df,5898,2026-09-24 20:31:52,a05_ttm.py,200
데이터/입력/ttm/ttm100_2020/_stats/ku=11230_chunk_009.parquet,d1d48ab238246ad39563c3842d743f98cfea91f38d0c8e4d8c993364ad5e2578,5970,2026-09-24 20:31:52,a05_ttm.py,200
데이터/입력/ttm/ttm100_2020/_stats/ku=11230_chunk_010.parquet,cb52f4412303b7cccf1d1baf9a0abe422b77476dc542cb44185a3a3413eba267,5916,2026-09-24 20:31:53,a05_ttm.py,200
데이터/입력/ttm/ttm100_2020/_stats/ku=11230_chunk_011.parquet,73ce544c1d4a7fc5a8a1e2075c17ab1f9898ed830011c38588263ad80a9abeff,4670,2026-09-24 20:31:53,a05_ttm.py,96
데이터/입력/ttm/ttm100_2020/_stats/ku=11240_chunk_000.parquet,c9f62528e59470ee7b12c4db5de32484b5c6a6fe2008a3d07f149fb2f508e507,5957,2026-09-24 20:31:53,a05_ttm.py,200
데이터/입력/ttm/ttm100_2020/_stats/ku=11240_chunk_001.parquet,046da80f971dc29abb2e5801af835e38c5c3cd8cbc5d4cc1f29935874dd1854f,5954,2026-09-24 20:31:53,a05_ttm.py,200
데이터/입력/ttm/ttm100_2020/_stats/ku=11240_chunk_002.parquet,96636b7b575a092e8f47ab625f679b639b7503aa7dd233e0c3a8ccf48690604e,6055,2026-09-24 20:31:54,a05_ttm.py,200
데이터/입력/ttm/ttm100_2020/_stats/ku=11240_chunk_003.parquet,9928a409f728669f26d003dc091af9711810d6667a2296b9c2d72c806a61edd5,5954,2026-09-24 20:31:54,a05_ttm.py,200
데이터/입력/ttm/ttm100_2020/_stats/ku=11240_chunk_004.parquet,0e24e36b04ad9c37fc290fa86b1bebdb8fb16cd8157bb1f75bc959f182a4d24a,5871,2026-09-24 20:31:54,a05_ttm.py,200
데이터/입력/ttm/ttm100_2020/_stats/ku=11240_chunk_005.parquet,4bf942ff0ae006f59edd98b64716f20ea0dc982e4f6047ec787cfc119b6bf7d6,5860,2026-09-24 20:31:54,a05_ttm.py,200
데이터/입력/ttm/ttm100_2020/_stats/ku=11240_chunk_006.parquet,54e8bbd6aa2ec551da7cba0689bdb28abf386b07a9204793927d361fa94ff7d0,5903,2026-09-24 20:31:55,a05_ttm.py,200
데이터/입력/ttm/ttm100_2020/_stats/ku=11240_chunk_007.parquet,a1f5d4a4773403e890ab017d189406bf582c4c54358f4ae005f9f26dcc92eda8,5986,2026-09-24 20:31:55,a05_ttm.py,200
데이터/입력/ttm/ttm100_2020/_stats/ku=11240_chunk_008.parquet,49b2a40d5cf0e21b1cb4e14b6ac92c96e49171ca27d64185d2514c9cf8d54447,6083,2026-09-24 20:31:55,a05_ttm.py,200
데이터/입력/ttm/ttm100_2020/_stats/ku=11240_chunk_009.parquet,eb6689cac150d23a9fa43ae14bab69cbb554ddf8d22df5c366bf65530f72095c,4963,2026-09-24 20:31:55,a05_ttm.py,118
데이터/입력/ttm/ttm100_2020/_stats/ku=11250_chunk_000.parquet,26779c1e363d78e7a68ba1609b4a4f0270938903d3dfecf16b109fa2a2fae9ef,5847,2026-09-24 20:31:56,a05_ttm.py,200
데이터/입력/ttm/ttm100_2020/_stats/ku=11250_chunk_001.parquet,7bef1db0c0e83aca3ebe50a094525a267f7eb3bc35850be69cc695c32d81dc96,5742,2026-09-24 20:31:56,a05_ttm.py,200
데이터/입력/ttm/ttm100_2020/_stats/ku=11250_chunk_002.parquet,be19256499b613f0627805a65c61e045746c23753a0b4a8eb0928d6a5375a32b,5771,2026-09-24 20:31:56,a05_ttm.py,200
데이터/입력/ttm/ttm100_2020/_stats/ku=11250_chunk_003.parquet,7cbfad463a338b69a6e5d494b66faa94625bb98a97bc049105d2db32e5356784,5850,2026-09-24 20:31:56,a05_ttm.py,200
데이터/입력/ttm/ttm100_2020/_stats/ku=11250_chunk_004.parquet,ebf05b1d2d969debfcd834d28f5b046b225f592192f02eae61b6a7ad6df46f2c,5864,2026-09-24 20:31:57,a05_ttm.py,200
데이터/입력/ttm/ttm100_2020/_stats/ku=11250_chunk_005.parquet,b34a9e96cdb5b92928b52da4d4ddd8f21d667e5d31480eaec06b7fdcf44a5e0d,5902,2026-09-24 20:31:57,a05_ttm.py,200
데이터/입력/ttm/ttm100_2020/_stats/ku=11250_chunk_006.parquet,a067f4037203e009520359ad3780eea6c7b718850c89668c8e9d405efe3f46e9,4916,2026-09-24 20:31:57,a05_ttm.py,113
데이터/입력/ttm/ttm100_2020/ku=11010/chunk_000.parquet,611cb2045a2a6cd96b015125338bc2916481d134dc5817199d3398d154c0c014,190826,2026-09-24 20:27:01,a05_ttm.py,93945
데이터/입력/ttm/ttm100_2020/ku=11010/chunk_001.parquet,c8b879fd77c897513cda7ecb540adc6eb63bbc6082760c63e758b375d9ad5721,202654,2026-09-24 20:27:02,a05_ttm.py,100607
데이터/입력/ttm/ttm100_2020/ku=11010/chunk_002.parquet,16bedf64f66eaf76a12bc3aa6ab3d7378e4427acd31912698554d7802b3c3a23,216553,2026-09-24 20:27:02,a05_ttm.py,108560
데이터/입력/ttm/ttm100_2020/ku=11010/chunk_003.parquet,a5b6f76e49a6e216fc237121daa543e3f5107fb88e10720506143377d78fadd1,257272,2026-09-24 20:27:03,a05_ttm.py,127416
데이터/입력/ttm/ttm100_2020/ku=11010/chunk_004.parquet,4098cf068fa7b49d5a8acc7031798084169ceef09927686e101fc445dce24908,308852,2026-09-24 20:27:03,a05_ttm.py,138006
데이터/입력/ttm/ttm100_2020/ku=11010/chunk_005.parquet,f63f699050d407780415c0e46c7660b8f4d665459dda7b19fdd0dba14b3000da,306060,2026-09-24 20:27:04,a05_ttm.py,140170
데이터/입력/ttm/ttm100_2020/ku=11010/chunk_006.parquet,8d907a0d48c97a1b80ae7267646029dc43df91ef470f0c04eb57f270916cac44,123850,2026-09-24 20:27:04,a05_ttm.py,56597
데이터/입력/ttm/ttm100_2020/ku=11020/chunk_000.parquet,bd5193446cbdd94445f08179f2107242b3e9b41897efe7ad043bce67e9f3f45d,323658,2026-09-24 20:31:12,a05_ttm.py,156109
데이터/입력/ttm/ttm100_2020/ku=11020/chunk_001.parquet,bcec5a045d25d3040d4569b89eae0166263d24ae53ce071966c7f3bef8d87d9d,317380,2026-09-24 20:31:12,a05_ttm.py,147375
데이터/입력/ttm/ttm100_2020/ku=11020/chunk_002.parquet,dc1b8ca9f469ab13bc7e3e985b27d981002f19763d23aeea7fbd3b4ee6f8d88c,306440,2026-09-24 20:31:13,a05_ttm.py,141661
데이터/입력/ttm/ttm100_2020/ku=11020/chunk_003.parquet,32d2f8872c347a4eb9194230742c417734f489c70bbefafe555fcecdefbc4622,336985,2026-09-24 20:31:13,a05_ttm.py,155168
데이터/입력/ttm/ttm100_2020/ku=11030/chunk_000.parquet,d91e52c79fb725bc7ec7cc91b35eb73159432bf34f57f0c138c44a979d5e1784,268460,2026-09-24 20:31:13,a05_ttm.py,132876
데이터/입력/ttm/ttm100_2020/ku=11030/chunk_001.parquet,c5b7fa2e96a07a3e92d996de8f89888b1bb408d4a5f65c8c6598d5b4819065e9,271381,2026-09-24 20:31:13,a05_ttm.py,133900
데이터/입력/ttm/ttm100_2020/ku=11030/chunk_002.parquet,dcdc4a5b2920b65df946861e873577d50a4ce39c31fad351da8e5860beb7490a,250662,2026-09-24 20:31:14,a05_ttm.py,124342
데이터/입력/ttm/ttm100_2020/ku=11030/chunk_003.parquet,946023a9670bb9de80e6108c35219f2ca67ef844cd10415adda202b39a7059d8,257962,2026-09-24 20:31:14,a05_ttm.py,114766
데이터/입력/ttm/ttm100_2020/ku=11030/chunk_004.parquet,8b68f3ecb760b780b464b72d48e306e36f6f5eff157fe1a2b11bfced555ecea7,227222,2026-09-24 20:31:14,a05_ttm.py,109098
데이터/입력/ttm/ttm100_2020/ku=11030/chunk_005.parquet,2812a2e50d57c5790fc8865a6a93f9335ae77bbb840cb148a4fd7d2095b20ef5,46786,2026-09-24 20:31:14,a05_ttm.py,22641
데이터/입력/ttm/ttm100_2020/ku=11040/chunk_000.parquet,eac8e1e6a6547e5ec1b8ed76ebd5f24679e4cdfa11a1891b350dd748cc4a726e,237720,2026-09-24 20:31:15,a05_ttm.py,117256
데이터/입력/ttm/ttm100_2020/ku=11040/chunk_001.parquet,244277b666bf6e30d5d6970e5eba00eb470b6b4a1f8d8d6840adeb1bda0db66d,297432,2026-09-24 20:31:15,a05_ttm.py,137450
데이터/입력/ttm/ttm100_2020/ku=11040/chunk_002.parquet,b7b90cba6526e4889cbe9aa47adfa85f5b1c6720fa36f29e78de0d08bc5b3eab,279875,2026-09-24 20:31:15,a05_ttm.py,141859
데이터/입력/ttm/ttm100_2020/ku=11040/chunk_003.parquet,0532f92ca58efb05251704573081ed74f063ecf23f210e457aaeba93b322ff7d,258688,2026-09-24 20:31:15,a05_ttm.py,123404
데이터/입력/ttm/ttm100_2020/ku=11040/chunk_004.parquet,da85123f2eba279abcf2762ef9c3b106d1a2fc7a607c9cdb012f25eacaae11ae,253060,2026-09-24 20:31:16,a05_ttm.py,129441
데이터/입력/ttm/ttm100_2020/ku=11040/chunk_005.parquet,a577a6b7502673d20236f1ecfbd0091cb73e2d6fcc7a4c8e4e74a8ab19a1a5a2,100554,2026-09-24 20:31:16,a05_ttm.py,42858
데이터/입력/ttm/ttm100_2020/ku=11050/chunk_000.parquet,a6d621df0b9c65a3e8e0e3af79b4bf3534f912bfec6e4c97b6e1e621400ad857,302906,2026-09-24 20:31:16,a05_ttm.py,142325
데이터/입력/ttm/ttm100_2020/ku=11050/chunk_001.parquet,55a4da3f7a148a268473f13b80b3edc1061c480fdb4f6a805ccdf7df473affec,274010,2026-09-24 20:31:16,a05_ttm.py,135754
데이터/입력/ttm/ttm100_2020/ku=11050/chunk_002.parquet,65edc67e64fa29e4ad217e8a46a161840c862c92286045f3832b518dc3890a63,267352,2026-09-24 20:31:17,a05_ttm.py,133341
데이터/입력/ttm/ttm100_2020/ku=11050/chunk_003.parquet,43daaa06ca1735d3603542963adddcfb409e26b470649c0ee5480365d8427d52,255281,2026-09-24 20:31:17,a05_ttm.py,134917
데이터/입력/ttm/ttm100_2020/ku=11050/chunk_004.parquet,2a46c7f0a9c2313d3d52b4e53d8f09ced1c3110e9dd96c09754e5508bc3c79f5,292746,2026-09-24 20:31:17,a05_ttm.py,135430
데이터/입력/ttm/ttm100_2020/ku=11050/chunk_005.parquet,b9194f5e40b668fec776568f7a4c007015ba3bf46fe7aa01971b5bbc80ab4296,65909,2026-09-24 20:31:17,a05_ttm.py,33374
데이터/입력/ttm/ttm100_2020/ku=11060/chunk_000.parquet,e851989464ec01c5b5db823ff949b4b7df9d03f4972cff205a038dd24ad23dfd,351424,2026-09-24 20:31:17,a05_ttm.py,160922
데이터/입력/ttm/ttm100_2020/ku=11060/chunk_001.parquet,a0fb4045da731cb02f4f504cfc618b5c87ebae924888ec125930413e11597d19,299330,2026-09-24 20:31:18,a05_ttm.py,156955
데이터/입력/ttm/ttm100_2020/ku=11060/chunk_002.parquet,ca139415488015625c65c2bc54f045807c6c4009b49ef6d0a9232310a4c6463a,300303,2026-09-24 20:31:18,a05_ttm.py,145918
데이터/입력/ttm/ttm100_2020/ku=11060/chunk_003.parquet,ae1ef7357cd95fc5d0b883f3581b17b1a1dabc3b5b26a0ad0e929a0a39ef34a6,268667,2026-09-24 20:31:18,a05_ttm.py,135303
데이터/입력/ttm/ttm100_2020/ku=11060/chunk_004.parquet,d28451739d9f8ab51696057bada972e6d1d31d5c683fc58bdde6d3eea338119d,257840,2026-09-24 20:31:18,a05_ttm.py,137903
데이터/입력/ttm/ttm100_2020/ku=11060/chunk_005.parquet,24ea3e798078946eb66af91f390d3c225a7a56843f71fdcc02faea324302c38c,267836,2026-09-24 20:31:19,a05_ttm.py,142834
데이터/입력/ttm/ttm100_2020/ku=11060/chunk_006.parquet,32971600f3eebaf7571172b9db08ad83c814d09b98071672b8067775ca81f6fb,3017,2026-09-24 20:31:19,a05_ttm.py,402
데이터/입력/ttm/ttm100_2020/ku=11070/chunk_000.parquet,ff009b067ae9e3fd433b94d9996f39a0c83425e8f2213cbe93c85eaa9ddc836a,263203,2026-09-24 20:31:19,a05_ttm.py,140241
데이터/입력/ttm/ttm100_2020/ku=11070/chunk_001.parquet,8e703f6659d7bef0b194589d28d545d116162db58f2f8671bbff90be68b42778,283354,2026-09-24 20:31:19,a05_ttm.py,148747
데이터/입력/ttm/ttm100_2020/ku=11070/chunk_002.parquet,c91e415eb9314d10c28eebe2859d26146a966c2d59247f294f339717cbf25b50,287894,2026-09-24 20:31:20,a05_ttm.py,150305
데이터/입력/ttm/ttm100_2020/ku=11070/chunk_003.parquet,5d24567fdf592612bb95d2114a4698fde3f4726061ac8b600c612103f87d7c6e,266249,2026-09-24 20:31:20,a05_ttm.py,140501
데이터/입력/ttm/ttm100_2020/ku=11070/chunk_004.parquet,c8e05650085e727e318a60b9fefff6a3a4f03e580ddab39a0f0d75dccb6d6889,272602,2026-09-24 20:31:20,a05_ttm.py,125754
데이터/입력/ttm/ttm100_2020/ku=11070/chunk_005.parquet,eb711b15e882d8e0be3f3592615865e6cc03cb79be9a1902f4c50f33742ef2bb,150123,2026-09-24 20:31:20,a05_ttm.py,68985
데이터/입력/ttm/ttm100_2020/ku=11080/chunk_000.parquet,eb70cd958bd8c8f68f1141e36d17c3c6f15a56536e1c7ca72f2d15349c35799d,192797,2026-09-24 20:31:20,a05_ttm.py,87074
데이터/입력/ttm/ttm100_2020/ku=11080/chunk_001.parquet,1f40d1974aeb0555f26acc31c867b8606c247cd414788c2ab823bf19615b198f,224205,2026-09-24 20:31:21,a05_ttm.py,114647
데이터/입력/ttm/ttm100_2020/ku=11080/chunk_002.parquet,7e3489030f74b13ab25a1d962b3444057b09f93351f15142bca1032ca20688ed,266894,2026-09-24 20:31:21,a05_ttm.py,133696
데이터/입력/ttm/ttm100_2020/ku=11080/chunk_003.parquet,541c72c960b88dd0c5dfa2188872fc7f35de4fdc5a580b8efe56ea8040bb51f3,284683,2026-09-24 20:31:21,a05_ttm.py,140275
데이터/입력/ttm/ttm100_2020/ku=11080/chunk_004.parquet,fe792e23de616d78a60ac304a9b1a8ef065ac0d47a5e1e3891eef43080d6424f,288221,2026-09-24 20:31:22,a05_ttm.py,146550
데이터/입력/ttm/ttm100_2020/ku=11080/chunk_005.parquet,7d0f601082dc48364584194004a3f21412e2b365ff59ca95a7945655be4d7867,286945,2026-09-24 20:31:22,a05_ttm.py,144093
데이터/입력/ttm/ttm100_2020/ku=11080/chunk_006.parquet,162126dbac8ceb88a1dc50c78f7cad1993ca6bb9e5d848c3cd480136cffcaeaf,275929,2026-09-24 20:31:22,a05_ttm.py,130321
데이터/입력/ttm/ttm100_2020/ku=11080/chunk_007.parquet,deb21fdf5876b44555f4967ee1ccbcfcc42de9d92431b3eed2b8d8118fd8c3b0,298873,2026-09-24 20:31:22,a05_ttm.py,140703
데이터/입력/ttm/ttm100_2020/ku=11080/chunk_008.parquet,ca01df82ed74132054065edfe848f0ec116cbe8c4240fd5ff6c7b7a6b18768a9,78064,2026-09-24 20:31:22,a05_ttm.py,34973
데이터/입력/ttm/ttm100_2020/ku=11090/chunk_000.parquet,6c5848cdef480066792437bae4570687960ee3e64d29570dd28bb15495b0d37f,221998,2026-09-24 20:31:23,a05_ttm.py,116299
데이터/입력/ttm/ttm100_2020/ku=11090/chunk_001.parquet,17b4cd9cf47386ff311cd311fc3c7dea981f55c8566b5ca01a5878b1b3737e27,282784,2026-09-24 20:31:23,a05_ttm.py,149710
데이터/입력/ttm/ttm100_2020/ku=11090/chunk_002.parquet,e538dda1a8006bf45439c4928c24c202369149d47c4befee84a1997920265ee5,313187,2026-09-24 20:31:23,a05_ttm.py,158667
데이터/입력/ttm/ttm100_2020/ku=11090/chunk_003.parquet,eed9c29178668be75d043ab8f4b41b35e7a6de70f86430a50200ad42eeff8702,321744,2026-09-24 20:31:24,a05_ttm.py,159336
데이터/입력/ttm/ttm100_2020/ku=11090/chunk_004.parquet,f6bb320dba701958a421239d1438a0e114ee74a09229fa785a169d420296c039,301164,2026-09-24 20:31:24,a05_ttm.py,148776
데이터/입력/ttm/ttm100_2020/ku=11090/chunk_005.parquet,61d81c7ffe26a45032f47ccb95f5353aa6d87437cf9a075aecdcefa1b90c163d,104006,2026-09-24 20:31:24,a05_ttm.py,45093
데이터/입력/ttm/ttm100_2020/ku=11100/chunk_000.parquet,6e242e198e778634da8cb77b9252dd6c672ec474d28dcfefa0dfdcd66e427e8e,281973,2026-09-24 20:31:24,a05_ttm.py,146559
데이터/입력/ttm/ttm100_2020/ku=11100/chunk_001.parquet,59f9404fef4f53f673a8647bb8a30972c905068c4b4f894335177278b92020df,266782,2026-09-24 20:31:25,a05_ttm.py,143981
데이터/입력/ttm/ttm100_2020/ku=11100/chunk_002.parquet,8b1a29baa80bddf50a15fcda4a7f44e095d9aa6cece6321170102594ff9dade4,262478,2026-09-24 20:31:25,a05_ttm.py,142306
데이터/입력/ttm/ttm100_2020/ku=11100/chunk_003.parquet,01f6ce687631b9c42e5d7e5ff67164fbc36fc53f60b1cfe568a7d888a73ef949,257656,2026-09-24 20:31:25,a05_ttm.py,136840
데이터/입력/ttm/ttm100_2020/ku=11100/chunk_004.parquet,eda7913503a1d815c957c8456fd0c19c85312cccd5ad2ef1a805168bce894905,259491,2026-09-24 20:31:25,a05_ttm.py,135352
데이터/입력/ttm/ttm100_2020/ku=11100/chunk_005.parquet,8b67cf2b01627f1dc1dfcf31f45bbb51205aee47010c229665043b9803fdb363,65560,2026-09-24 20:31:25,a05_ttm.py,25344
데이터/입력/ttm/ttm100_2020/ku=11110/chunk_000.parquet,d1d4ec07dea4436d11b750699d8408a09cc3a648879fa48027ef1c7d18c8e61a,219737,2026-09-24 20:31:26,a05_ttm.py,112702
데이터/입력/ttm/ttm100_2020/ku=11110/chunk_001.parquet,d7cf53389b11b81d4d50e7ea758c2e3f308e7c1e749cccb933a3eb3d0f1e23a0,245198,2026-09-24 20:31:26,a05_ttm.py,123449
데이터/입력/ttm/ttm100_2020/ku=11110/chunk_002.parquet,ea75fd6aee0de4faee25950d18645c40aeb12c2bc8e695c2f53c9cc8a3856b9f,254035,2026-09-24 20:31:26,a05_ttm.py,127754
데이터/입력/ttm/ttm100_2020/ku=11110/chunk_003.parquet,bd84b36d56bb885ccf085893ed960cb6200d3ae6a9fec813d7e155019f824481,259590,2026-09-24 20:31:26,a05_ttm.py,133384
데이터/입력/ttm/ttm100_2020/ku=11110/chunk_004.parquet,402a57fcf6babcfe3d92ce92a3d630d6ff8779ee88a3d05a3e8c0fa72de0fa19,280082,2026-09-24 20:31:27,a05_ttm.py,140246
데이터/입력/ttm/ttm100_2020/ku=11110/chunk_005.parquet,bd15a7f37687b8c7809c0db6a07732edf43dfed9766699051435aab7b8cd8844,254452,2026-09-24 20:31:27,a05_ttm.py,134183
데이터/입력/ttm/ttm100_2020/ku=11110/chunk_006.parquet,890b230521fca376324b24e5e9d8a2193dca1f307a04329c6f33abb6c38bcb9c,203579,2026-09-24 20:31:27,a05_ttm.py,109365
데이터/입력/ttm/ttm100_2020/ku=11110/chunk_007.parquet,ad54281bafaa3609a4a7045a1ff52317a45a8c3aac9a40e18ef30f2301d48d1a,95686,2026-09-24 20:31:27,a05_ttm.py,47168
데이터/입력/ttm/ttm100_2020/ku=11120/chunk_000.parquet,968e55fd3b9d5caff2f654fc176379cdadd95c52d124583e7a117ea5c579aea0,213260,2026-09-24 20:31:27,a05_ttm.py,97709
데이터/입력/ttm/ttm100_2020/ku=11120/chunk_001.parquet,1ad2e21ecc39ed50770dc103f6e37566a1226d60c9eb734d81f0ca222a7c573f,273357,2026-09-24 20:31:28,a05_ttm.py,127514
데이터/입력/ttm/ttm100_2020/ku=11120/chunk_002.parquet,035b9d5fd2280446f640a5486cf68bce7090fa17ab1c5e2855ffd25614ecaf61,276310,2026-09-24 20:31:28,a05_ttm.py,138946
데이터/입력/ttm/ttm100_2020/ku=11120/chunk_003.parquet,149f42896c61bb6b733586bad19683415f0815569e4b3c0b9250f6af13360004,267517,2026-09-24 20:31:28,a05_ttm.py,142793
데이터/입력/ttm/ttm100_2020/ku=11120/chunk_004.parquet,e8e68fec091ef7cff5deeb32aed6749ae2e19b63526f141dad9109afc21e3990,264867,2026-09-24 20:31:28,a05_ttm.py,140321
데이터/입력/ttm/ttm100_2020/ku=11120/chunk_005.parquet,58143b7bcc9ad2fe26d4f5dbc52b7804d11253c794e67420a5e1fb357aba060d,259622,2026-09-24 20:31:29,a05_ttm.py,139800
데이터/입력/ttm/ttm100_2020/ku=11120/chunk_006.parquet,b666a554031d1ca840baaaa7c9bdba7b2bca298f8ab07868c5b65aa613cd13af,272440,2026-09-24 20:31:29,a05_ttm.py,126554
데이터/입력/ttm/ttm100_2020/ku=11120/chunk_007.parquet,d522fc848a0d73be28ed83541fa2d9f9b89ce8cfc8d4f4b96bf94de4d564ab19,140123,2026-09-24 20:31:29,a05_ttm.py,70238
데이터/입력/ttm/ttm100_2020/ku=11130/chunk_000.parquet,a9c2dbca7d79412fb3926ec467cf6ef6f4578cf71a7afd0c8efe69471597dce3,314205,2026-09-24 20:31:30,a05_ttm.py,144852
데이터/입력/ttm/ttm100_2020/ku=11130/chunk_001.parquet,4c9f16dad759bda2a741592bdd2cf891719045cb81a0a4d96486b7effaca4dbb,334453,2026-09-24 20:31:30,a05_ttm.py,152308
데이터/입력/ttm/ttm100_2020/ku=11130/chunk_002.parquet,2fb9851a76d321e8040a62d94607f30d5a51c9f14d09f5864bedd99a68976f1e,264346,2026-09-24 20:31:30,a05_ttm.py,131207
데이터/입력/ttm/ttm100_2020/ku=11130/chunk_003.parquet,210fa8fb0264f898dfc866194e6573c14cd622473c3f625d7d82401e17cda87d,244086,2026-09-24 20:31:30,a05_ttm.py,127305
데이터/입력/ttm/ttm100_2020/ku=11130/chunk_004.parquet,1a6aba8c889175f8cc8432033bffea5ba65787aa16619fe14d61bbafcb5c9efb,205562,2026-09-24 20:31:31,a05_ttm.py,103952
데이터/입력/ttm/ttm100_2020/ku=11130/chunk_005.parquet,569b6e1b1490ff78a6af8312ce9291916c5c090ea3a9fbbf38b0260bc6166650,229912,2026-09-24 20:31:31,a05_ttm.py,115200
데이터/입력/ttm/ttm100_2020/ku=11130/chunk_006.parquet,84963bb82711d8348ec5756e9828077d63797d1d5ba138de5d4006dd65a11944,57092,2026-09-24 20:31:31,a05_ttm.py,23927
데이터/입력/ttm/ttm100_2020/ku=11140/chunk_000.parquet,3c796110e9f4fd3e91e819c367ea115c72a060039a4c980e205a0a533e9c231f,183434,2026-09-24 20:31:31,a05_ttm.py,83479
데이터/입력/ttm/ttm100_2020/ku=11140/chunk_001.parquet,7e7f92bcd073d4a149906c6700e2a0b9e20237cd812b9b34dfc23bdaed0d891e,290457,2026-09-24 20:31:31,a05_ttm.py,136184
데이터/입력/ttm/ttm100_2020/ku=11140/chunk_002.parquet,e72baa5b9e3e2e114cff4b16bd9bf0f7c0e5c3d5fe1f64725547ec9310197ee8,320177,2026-09-24 20:31:32,a05_ttm.py,148303
데이터/입력/ttm/ttm100_2020/ku=11140/chunk_003.parquet,65514ea7e1cf9bfd98f3739886ad657f5fe6c6f56c235c7be967a7588a841a12,332702,2026-09-24 20:31:32,a05_ttm.py,153466
데이터/입력/ttm/ttm100_2020/ku=11140/chunk_004.parquet,819b24107b1900f9b739f38b1e44b00f62eaa45fb212cd3f7df994a79d80ef2f,326935,2026-09-24 20:31:32,a05_ttm.py,150845
데이터/입력/ttm/ttm100_2020/ku=11140/chunk_005.parquet,7e82cfc46d25a4bb9942cfde197b2d11d0aea53e0ce00797876aac4e43983a77,328625,2026-09-24 20:31:33,a05_ttm.py,149595
데이터/입력/ttm/ttm100_2020/ku=11140/chunk_006.parquet,18481ed710fc71d54ecd02f8e31a6cdf8999151236b69d338e6abfeb3085e6fe,185300,2026-09-24 20:31:33,a05_ttm.py,83436
데이터/입력/ttm/ttm100_2020/ku=11150/chunk_000.parquet,ea4d8201d87bb04399b66c934291af8bae05edc2f6abe63ed4b14207aa47ec10,211432,2026-09-24 20:31:33,a05_ttm.py,99714
데이터/입력/ttm/ttm100_2020/ku=11150/chunk_001.parquet,8e7dc0eacb54d60fc4e9b2aed62b66f400222bd152c2ba55d1f17bdcfeed29de,284983,2026-09-24 20:31:33,a05_ttm.py,132057
데이터/입력/ttm/ttm100_2020/ku=11150/chunk_002.parquet,a1157894555450766f020271ebc0d238e92356e52205091c2b430950bcd40dbd,326355,2026-09-24 20:31:34,a05_ttm.py,149552
데이터/입력/ttm/ttm100_2020/ku=11150/chunk_003.parquet,801013d414dfca26f1b56c0635cfe3deaedff8a61435da862cb4a2b7c43db32b,279825,2026-09-24 20:31:34,a05_ttm.py,143417
데이터/입력/ttm/ttm100_2020/ku=11150/chunk_004.parquet,70fcdda90da5fb0ecbc72139bf55cc5ff3a040abebd3f84527fffc99d4ab1e24,257697,2026-09-24 20:31:34,a05_ttm.py,133963
데이터/입력/ttm/ttm100_2020/ku=11150/chunk_005.parquet,45e11660f38689b51acd00266ac39ca65ff0f3ceb7033d38893f01a18039675a,246335,2026-09-24 20:31:34,a05_ttm.py,126515
데이터/입력/ttm/ttm100_2020/ku=11150/chunk_006.parquet,f4014e1bc3b6ae815bec746925fe754e76c4300b1747db6a61e02863c4000aea,124728,2026-09-24 20:31:34,a05_ttm.py,56586
데이터/입력/ttm/ttm100_2020/ku=11160/chunk_000.parquet,4f7f58b7bd73cf5cf5c78964c4c3d59c0b02a3ee7933a1b8ec3107969668bd9e,233736,2026-09-24 20:31:35,a05_ttm.py,117943
데이터/입력/ttm/ttm100_2020/ku=11160/chunk_001.parquet,a1b545b4a73d972d494d50cd9199f1692ea4dc2f933e9b3b21954850ba142b05,291705,2026-09-24 20:31:35,a05_ttm.py,140942
데이터/입력/ttm/ttm100_2020/ku=11160/chunk_002.parquet,3e42184c7bca67efc0be692c52019c26153a84e72bf3302a28cf44b1db4764f6,272305,2026-09-24 20:31:35,a05_ttm.py,141653
데이터/입력/ttm/ttm100_2020/ku=11160/chunk_003.parquet,5bcf8f8269a848642f4de63d604c624e379275d33ecbe627c27259e19c6edb03,302718,2026-09-24 20:31:36,a05_ttm.py,149814
데이터/입력/ttm/ttm100_2020/ku=11160/chunk_004.parquet,4858c49db2138c27a52b825484ddb52f2708e1bf828596e25ec628f5eeee7dff,283319,2026-09-24 20:31:36,a05_ttm.py,149911
데이터/입력/ttm/ttm100_2020/ku=11160/chunk_005.parquet,b870f347f7a7a1e3518d966e818a92aaaead256e22ffa1cf70eb517bc9939f74,276287,2026-09-24 20:31:36,a05_ttm.py,146390
데이터/입력/ttm/ttm100_2020/ku=11160/chunk_006.parquet,9e29a12e52f41cd8dc15989ed645aeaf016ee716de8cf51b093a792858b00a7a,277010,2026-09-24 20:31:36,a05_ttm.py,147456
데이터/입력/ttm/ttm100_2020/ku=11160/chunk_007.parquet,02d78d6d51d80940c21714e99bc9ef0ed30d91761410cafcb0d60c6b53ddaf7f,272385,2026-09-24 20:31:37,a05_ttm.py,140394
데이터/입력/ttm/ttm100_2020/ku=11160/chunk_008.parquet,24034a998efabc4f7b4e3ee4e58e32309e6d4d878f8f84a220a51a8d5e11bdb9,286480,2026-09-24 20:31:37,a05_ttm.py,131425
데이터/입력/ttm/ttm100_2020/ku=11160/chunk_009.parquet,519ad919ed611d8ce1b8c66ea7fd0bafe4d54cac098ce3fe5527c21bce62cd42,16237,2026-09-24 20:31:37,a05_ttm.py,5752
데이터/입력/ttm/ttm100_2020/ku=11170/chunk_000.parquet,d6df15c9e94db50d8d581e1814d8461f2f55dd22b724cbe46d0a7815ecc491be,129133,2026-09-24 20:31:37,a05_ttm.py,67449
데이터/입력/ttm/ttm100_2020/ku=11170/chunk_001.parquet,383fe820f53286253e0a4dc2af4c5eb5e93d0f43ede776edc6a7c7acb5b979db,216370,2026-09-24 20:31:38,a05_ttm.py,102201
데이터/입력/ttm/ttm100_2020/ku=11170/chunk_002.parquet,73aad73f10fd314e687392d84a5c8367a66f49e3c6d3126627e6358899479419,243418,2026-09-24 20:31:38,a05_ttm.py,111512
데이터/입력/ttm/ttm100_2020/ku=11170/chunk_003.parquet,fbe642474b858890d5e08b759453201046ed685c7015e4062826b7d2401c056c,230072,2026-09-24 20:31:39,a05_ttm.py,107371
데이터/입력/ttm/ttm100_2020/ku=11170/chunk_004.parquet,d37648b90e01ce8e67b78c9b05b1165ebe77b19ab9052ed0e91de24db477513a,210928,2026-09-24 20:31:39,a05_ttm.py,94050
데이터/입력/ttm/ttm100_2020/ku=11170/chunk_005.parquet,69e8b02581572c0cffa2324bf6df288645e2585987bf151befa10b326609e3e3,276236,2026-09-24 20:31:39,a05_ttm.py,125839
데이터/입력/ttm/ttm100_2020/ku=11170/chunk_006.parquet,2d4b94cea93537890dd092982299e41bfacce9a753c22726f46698ec049aa51d,315772,2026-09-24 20:31:40,a05_ttm.py,146672
데이터/입력/ttm/ttm100_2020/ku=11170/chunk_007.parquet,e46b5adcb87e76695c980741a3f260eb296cba9a8d463fb42363c720907fe9fa,7385,2026-09-24 20:31:40,a05_ttm.py,1595
데이터/입력/ttm/ttm100_2020/ku=11180/chunk_000.parquet,1bd7e1fdb6898eb6a9d47c2d9ad485ef232c82559c75f42d27e10480b12aedec,189974,2026-09-24 20:31:40,a05_ttm.py,87283
데이터/입력/ttm/ttm100_2020/ku=11180/chunk_001.parquet,cdb06ecea18e6149479d60343a1d5c297f7528a5570b4d21599119d33747c802,276229,2026-09-24 20:31:40,a05_ttm.py,127335
데이터/입력/ttm/ttm100_2020/ku=11180/chunk_002.parquet,46c0ac2600cde6c7dd3d030dcc853f84f39f7b47322d14993b20accf5f6a2968,249990,2026-09-24 20:31:41,a05_ttm.py,114699
데이터/입력/ttm/ttm100_2020/ku=11180/chunk_003.parquet,a736ab937b6f05b1c1dbe6e662ef44f9f9ce054430a8aebf4a86c01331e47b09,248980,2026-09-24 20:31:41,a05_ttm.py,114518
데이터/입력/ttm/ttm100_2020/ku=11180/chunk_004.parquet,2b03745ff629c42ce829e2540b3fd1a35ef2f55e4f2b49250a7a84a6e183e17a,61377,2026-09-24 20:31:41,a05_ttm.py,27270
데이터/입력/ttm/ttm100_2020/ku=11190/chunk_000.parquet,efd2aef79a5d365e1218bcbeeb1216ee4db108f373065a3702ded5ff2c281111,264530,2026-09-24 20:31:41,a05_ttm.py,121910
데이터/입력/ttm/ttm100_2020/ku=11190/chunk_001.parquet,2f53617ea69a26aa39e483c20b39c956b034567da645d15ff45a6172ac6c4f07,278236,2026-09-24 20:31:42,a05_ttm.py,140724
데이터/입력/ttm/ttm100_2020/ku=11190/chunk_002.parquet,ad06e5a9aab41b1513d7401213dc676e30bab7364d73eaa2ee1f8d49a2a29ce0,278259,2026-09-24 20:31:42,a05_ttm.py,145583
데이터/입력/ttm/ttm100_2020/ku=11190/chunk_003.parquet,76e3d25a61673c8c5459b1f18f7e9ae9890d52b4b0b0fa1366413633cf558d6c,279127,2026-09-24 20:31:42,a05_ttm.py,144378
데이터/입력/ttm/ttm100_2020/ku=11190/chunk_004.parquet,b8330db1bf38fcd10cc1791c0039299cdcaff6090489202c315670cfd7d23fed,289626,2026-09-24 20:31:43,a05_ttm.py,152928
데이터/입력/ttm/ttm100_2020/ku=11190/chunk_005.parquet,5aa383bcf36a25eb399b4119a7f95f1a6afbf1db367dc81d1b7894d5fe079525,281166,2026-09-24 20:31:43,a05_ttm.py,148046
데이터/입력/ttm/ttm100_2020/ku=11190/chunk_006.parquet,0a143bb37570f2dd3d1c8e6371424176f175b437af8407c4fc53ccf7091abe9d,240395,2026-09-24 20:31:43,a05_ttm.py,109627
데이터/입력/ttm/ttm100_2020/ku=11200/chunk_000.parquet,956615839443e8b92a22439279f8d41e1f71393bffbf3b06b9e18a9709755b3f,294144,2026-09-24 20:31:44,a05_ttm.py,151757
데이터/입력/ttm/ttm100_2020/ku=11200/chunk_001.parquet,83189b00b577caa135504183cff93e01c445c7bcb242a898678c1cfc9f61b325,281103,2026-09-24 20:31:44,a05_ttm.py,129685
데이터/입력/ttm/ttm100_2020/ku=11200/chunk_002.parquet,cbcee030b5386d9083d151fb580c2832dc40c96729aafc7ec89786b0832d4f9d,270846,2026-09-24 20:31:44,a05_ttm.py,126400
데이터/입력/ttm/ttm100_2020/ku=11200/chunk_003.parquet,47a43c2f5d8f314bcd55c29e71a6391c9edf8acea4e96e8140d066b6dd5b6b3c,254364,2026-09-24 20:31:45,a05_ttm.py,120650
데이터/입력/ttm/ttm100_2020/ku=11200/chunk_004.parquet,50ce11ffcfe96606dd885902beb2314e06b9d15e0e13c1d9a5d6a55e2bca1028,223564,2026-09-24 20:31:45,a05_ttm.py,102752
데이터/입력/ttm/ttm100_2020/ku=11200/chunk_005.parquet,b63372313b19b47a85c09708995637e3935f77962d81fb390c4a16e042df3cc4,257175,2026-09-24 20:31:45,a05_ttm.py,121969
데이터/입력/ttm/ttm100_2020/ku=11210/chunk_000.parquet,6e5dd008be191491c07caf19cce0f4b17c545bff1e74180641437cc2209be5ca,279999,2026-09-24 20:31:45,a05_ttm.py,137891
데이터/입력/ttm/ttm100_2020/ku=11210/chunk_001.parquet,3c9d2ea7a8f6d7a733c77d60a5c9c022cd2bb8c3695054f7e13f57e5a47762be,266711,2026-09-24 20:31:46,a05_ttm.py,123202
데이터/입력/ttm/ttm100_2020/ku=11210/chunk_002.parquet,be808c0f602ee69fb1f457bfc592da609219b216e05467d0b7676b9f33f7467d,282015,2026-09-24 20:31:46,a05_ttm.py,134308
데이터/입력/ttm/ttm100_2020/ku=11210/chunk_003.parquet,db454daf4be7db05f11813953f2a2245c8da70a1cae3a687d0eafdc488c5f53b,301978,2026-09-24 20:31:46,a05_ttm.py,139499
데이터/입력/ttm/ttm100_2020/ku=11210/chunk_004.parquet,ce8e68bb37610d702825b24e2e45b23b2f377450b5926f77d809b435cec8a1c5,282924,2026-09-24 20:31:46,a05_ttm.py,140879
데이터/입력/ttm/ttm100_2020/ku=11210/chunk_005.parquet,2928be248e8abec42a111729b847d846e570bb026dd4e62075ae701f59b44e12,259933,2026-09-24 20:31:47,a05_ttm.py,127766
데이터/입력/ttm/ttm100_2020/ku=11210/chunk_006.parquet,c6554ac92ee73e6b64fd9eaccb7fbe4dc19650bbcb9a0543b0dc7760f544e3e4,264921,2026-09-24 20:31:47,a05_ttm.py,128825
데이터/입력/ttm/ttm100_2020/ku=11210/chunk_007.parquet,4b9b194a1fba41168d17b08d3bdb571333cfd6c10bf0bbc6229f96472f2b1c34,32387,2026-09-24 20:31:47,a05_ttm.py,12295
데이터/입력/ttm/ttm100_2020/ku=11220/chunk_000.parquet,1d8a68176206e9c56b0c2853633f583804b17babde6ef3c6825866124f675b0a,297384,2026-09-24 20:31:47,a05_ttm.py,137494
데이터/입력/ttm/ttm100_2020/ku=11220/chunk_001.parquet,b7c677db5c1917bf2789cbdb53c61dcbab657729255ec64c880db0760169b791,274083,2026-09-24 20:31:47,a05_ttm.py,124457
데이터/입력/ttm/ttm100_2020/ku=11220/chunk_002.parquet,9f1911fa134f0cfdcf0dfdac86f7e3d370b26f4239a547deb31e6e0a259399ea,288134,2026-09-24 20:31:48,a05_ttm.py,130003
데이터/입력/ttm/ttm100_2020/ku=11220/chunk_003.parquet,fdf95e2d2111a8dce1786364c2d0963ef38ec22ad9c20bbb6e1f8fbc48d71f89,279585,2026-09-24 20:31:48,a05_ttm.py,132168
데이터/입력/ttm/ttm100_2020/ku=11220/chunk_004.parquet,4f7716aa8947b8fd37aa7b00c87bafa4041885fecbe940734ec7bdcb09a06422,258617,2026-09-24 20:31:48,a05_ttm.py,126217
데이터/입력/ttm/ttm100_2020/ku=11220/chunk_005.parquet,fcd2e0aaa779ce00a01cf94079d4f3aa3bcb80611548b77c232b7cf76db4901d,238422,2026-09-24 20:31:48,a05_ttm.py,122564
데이터/입력/ttm/ttm100_2020/ku=11220/chunk_006.parquet,2925949a9f59119b9215df998ba742a76337ce815df68528d27d990eb08a2b3b,231791,2026-09-24 20:31:49,a05_ttm.py,121061
데이터/입력/ttm/ttm100_2020/ku=11220/chunk_007.parquet,c57ffd7b5e191893a3fdcac96983d1a66bea702556be346cea461d5ea3716ad7,259836,2026-09-24 20:31:49,a05_ttm.py,134104
데이터/입력/ttm/ttm100_2020/ku=11220/chunk_008.parquet,1acf5aa19f04dec5be9e08e2034a6fba6d56bb08bd197615bb807c365022534a,226326,2026-09-24 20:31:49,a05_ttm.py,113052
데이터/입력/ttm/ttm100_2020/ku=11220/chunk_009.parquet,99b91055d65a8b930719c3a04b498b0ad6bd3d15596b1b7935e05c91ba568421,118032,2026-09-24 20:31:49,a05_ttm.py,51464
데이터/입력/ttm/ttm100_2020/ku=11230/chunk_000.parquet,a9294858da2987892ecd756568ffa277d71480af76a402b3f6031fd5e3de370a,325012,2026-09-24 20:31:50,a05_ttm.py,148676
데이터/입력/ttm/ttm100_2020/ku=11230/chunk_001.parquet,8576d45cd87146f9ed99c57f91b10dd2c123e9987be2edbfecd266b4d70860d2,306183,2026-09-24 20:31:50,a05_ttm.py,153915
데이터/입력/ttm/ttm100_2020/ku=11230/chunk_002.parquet,828c7cb01c99a68ab6d3ef48a18e775feeaae2f71fb3453cf549fe116d3b7a58,312183,2026-09-24 20:31:50,a05_ttm.py,157485
데이터/입력/ttm/ttm100_2020/ku=11230/chunk_003.parquet,8b83286e6703e84aff70d9ac67645c6722c01e976e3e89050c03b67ef1b76bfa,300571,2026-09-24 20:31:50,a05_ttm.py,156657
데이터/입력/ttm/ttm100_2020/ku=11230/chunk_004.parquet,e958f101ef54195f04bfaba5c260535dde2015608eaca3a098d680f44de80529,292503,2026-09-24 20:31:51,a05_ttm.py,153737
데이터/입력/ttm/ttm100_2020/ku=11230/chunk_005.parquet,a97c51b4270fbe789da37c766cc5b2e6f7565f64b9ed2ad1d2cd5de50418f5fc,284058,2026-09-24 20:31:51,a05_ttm.py,143964
데이터/입력/ttm/ttm100_2020/ku=11230/chunk_006.parquet,80a8a22224e6111891f0faefc73573ef737c07ae249dedb9bb00b21b9aa8db63,294146,2026-09-24 20:31:52,a05_ttm.py,143219
데이터/입력/ttm/ttm100_2020/ku=11230/chunk_007.parquet,21064bb4e04841e823bb3c7a2ee2150d35204677203b5df16240397deb099981,283144,2026-09-24 20:31:52,a05_ttm.py,139467
데이터/입력/ttm/ttm100_2020/ku=11230/chunk_008.parquet,0539a1ed3841f47161afa0964476c820460010d5062e9189e76db954a853fa09,271361,2026-09-24 20:31:52,a05_ttm.py,133558
데이터/입력/ttm/ttm100_2020/ku=11230/chunk_009.parquet,05af6b790c7fb965dab0857ffeffa9d0647d35a30616fe61f2ec21ba85453ee3,206504,2026-09-24 20:31:52,a05_ttm.py,96925
데이터/입력/ttm/ttm100_2020/ku=11230/chunk_010.parquet,5de5f01804c911edacb33423f1e6da7d481385d0688c74b735f7436aeef83251,185388,2026-09-24 20:31:53,a05_ttm.py,84297
데이터/입력/ttm/ttm100_2020/ku=11230/chunk_011.parquet,4b023575062b758eac8a4429ab633badd9d65f1f9056358ac646fcac96399bc9,110266,2026-09-24 20:31:53,a05_ttm.py,49102
데이터/입력/ttm/ttm100_2020/ku=11240/chunk_000.parquet,7da075138b32c33dde24418b6a3b104f4386d5f9abca3248a436bc3e2353dccc,247864,2026-09-24 20:31:53,a05_ttm.py,117958
데이터/입력/ttm/ttm100_2020/ku=11240/chunk_001.parquet,0f61f95fc756d8a1f2c7f9edf6682a94e7cdc2285739dc5a48e74a8b7bc8ce5f,264819,2026-09-24 20:31:53,a05_ttm.py,123562
데이터/입력/ttm/ttm100_2020/ku=11240/chunk_002.parquet,654f5c1fee5f4ca1bf209ffb9a0e644a73b092642b0c5803b406b4c298d0e982,256340,2026-09-24 20:31:54,a05_ttm.py,126631
데이터/입력/ttm/ttm100_2020/ku=11240/chunk_003.parquet,065c97c9e76a58a7047ca28c270d102a7d2448509461039b834072c2f9fa3ab1,247238,2026-09-24 20:31:54,a05_ttm.py,129790
데이터/입력/ttm/ttm100_2020/ku=11240/chunk_004.parquet,9d12e3fb89d91139454277d9e0d9be6552364f5cb4b2e422a5ce85bb533495c3,268613,2026-09-24 20:31:54,a05_ttm.py,137872
데이터/입력/ttm/ttm100_2020/ku=11240/chunk_005.parquet,e39dfb1344b8f2a94c553b47638bd1b051f08d7101a84801b5ee7109d000c47e,269833,2026-09-24 20:31:54,a05_ttm.py,142603
데이터/입력/ttm/ttm100_2020/ku=11240/chunk_006.parquet,ba913eeec8ebf08d745c560d1a233d016f10119a43bc4d442864208537054926,268905,2026-09-24 20:31:55,a05_ttm.py,132571
데이터/입력/ttm/ttm100_2020/ku=11240/chunk_007.parquet,653bd4f75a47f35375a62390812294eb32c75b9e98042ea498d8c7db8d6cf4f4,253672,2026-09-24 20:31:55,a05_ttm.py,122302
데이터/입력/ttm/ttm100_2020/ku=11240/chunk_008.parquet,a8077afb13fd2c712c989a3dfb76dd04c5ce45c2d6dd442c519badb678d401e9,215445,2026-09-24 20:31:55,a05_ttm.py,102136
데이터/입력/ttm/ttm100_2020/ku=11240/chunk_009.parquet,3bd9642c0fa03b0b6e8e26b27cfd54924105dc04b514734762cd126f50ec8db8,80201,2026-09-24 20:31:55,a05_ttm.py,45056
데이터/입력/ttm/ttm100_2020/ku=11250/chunk_000.parquet,0d3def9bbafdca3b917288c23d9d40a386cbb7e3361b2f95ecf75c5e40e77cc9,327223,2026-09-24 20:31:56,a05_ttm.py,149833
데이터/입력/ttm/ttm100_2020/ku=11250/chunk_001.parquet,d3cd02bf39730170da53858022eb8116448105e501f15c1ec84ce584fdd0e6db,326354,2026-09-24 20:31:56,a05_ttm.py,151497
데이터/입력/ttm/ttm100_2020/ku=11250/chunk_002.parquet,a4f64926ca16d2ac61986392772542d465bd326d95140e795085086d15b6721c,327474,2026-09-24 20:31:56,a05_ttm.py,152894
데이터/입력/ttm/ttm100_2020/ku=11250/chunk_003.parquet,03b84624ef88f752aacfad10456278af5ae88e9940b5d6a22b8a5f06dceba9dd,318364,2026-09-24 20:31:56,a05_ttm.py,148494
데이터/입력/ttm/ttm100_2020/ku=11250/chunk_004.parquet,d4192a3b57811c3605f9706b2b851a80f4b9d9ba0a69a86b5fa1b56882a7760f,275176,2026-09-24 20:31:57,a05_ttm.py,130902
데이터/입력/ttm/ttm100_2020/ku=11250/chunk_005.parquet,1a4da6f966613262417aba25bf021accd07ade4afc848b2fb072450e982bce59,229895,2026-09-24 20:31:57,a05_ttm.py,107288
데이터/입력/ttm/ttm100_2020/ku=11250/chunk_006.parquet,82b2ead76a5c9c71f6a827d38bbbc58116efe6813ed992da2200f564dda6dfcc,83358,2026-09-24 20:31:57,a05_ttm.py,42918
데이터/입력/ttm/ttm100_2020_origin_stats.parquet,c94ba5b7c4524f12f72feedc2cc98bb14edf4dc29eb4fcd7cdfde2899232ae85,507595,2026-09-24 20:38:06,a05_ttm.py,33848
데이터/입력/ttm/ttm100_2020_summary.json,86427a0dd47e440678d86d66f8251a6e18166972e2983dd1f66b2fb81276d1ec,1788,2026-09-24 20:38:07,a05_ttm.py,
데이터/입력/ttm/ttm100_2025/_meta.json,ef3e667e8b276d73fea956df29379b7a34e20f34089882d0ec5c0282b6ae8472,73,2026-09-24 20:27:05,a05_ttm.py,
데이터/입력/ttm/ttm100_2025/_stats/ku=11010_chunk_000.parquet,471e0ebbf9945ae8ed6000693183b73de372c7a634bfae812f9d62a7757d2d03,4881,2026-09-24 20:24:44,a05_ttm.py,200
데이터/입력/ttm/ttm100_2025/_stats/ku=11010_chunk_001.parquet,f0abe364c9b198ec07e0be9c79e90f3a01ff1cb8a57527d36a22d31576765011,4905,2026-09-24 20:24:45,a05_ttm.py,200
데이터/입력/ttm/ttm100_2025/_stats/ku=11010_chunk_002.parquet,6e3b366a392d63c41ce017e9cd8d875442b404de97fe1226cc4c958d8822d80e,4978,2026-09-24 20:24:45,a05_ttm.py,200
데이터/입력/ttm/ttm100_2025/_stats/ku=11010_chunk_003.parquet,b8dcadb3e978e1badb9502278fed561a05f7beaa0eb40ddec675f21726476726,4997,2026-09-24 20:24:46,a05_ttm.py,200
데이터/입력/ttm/ttm100_2025/_stats/ku=11010_chunk_004.parquet,e78035bda9f6d09cb5e70686191a71697be5e7b69c44d2f56977df8c9ce1b0b6,4932,2026-09-24 20:24:47,a05_ttm.py,200
데이터/입력/ttm/ttm100_2025/_stats/ku=11010_chunk_005.parquet,e3758715304e890b28f8f2c97595fc7fda8cac94e5a9f94b08006e214599f441,4894,2026-09-24 20:24:48,a05_ttm.py,200
데이터/입력/ttm/ttm100_2025/_stats/ku=11010_chunk_006.parquet,100699ab487ba541e4ed6250806d1eedb89a18261a54c28ed7cc6b029e22e903,3395,2026-09-24 20:24:48,a05_ttm.py,78
데이터/입력/ttm/ttm100_2025/_stats/ku=11020_chunk_000.parquet,3b58988e0fa91e8fc1232f6102e6dac930ac524d470b00eac10f63fb71ce13d8,4789,2026-09-24 20:27:08,a05_ttm.py,200
데이터/입력/ttm/ttm100_2025/_stats/ku=11020_chunk_001.parquet,2dd9f555b22cefd790e1dc21b628df80356a8599e622dfbb966845d8629ed68d,4763,2026-09-24 20:27:08,a05_ttm.py,200
데이터/입력/ttm/ttm100_2025/_stats/ku=11020_chunk_002.parquet,91d1c373b72d1a60e60004a0532521450b1942c41f42d99f4ee2b88157ab68f6,4972,2026-09-24 20:27:09,a05_ttm.py,200
데이터/입력/ttm/ttm100_2025/_stats/ku=11020_chunk_003.parquet,869e1f578c0be676d8dfe71444b220373035187999ccc9505bef248e95bb1fb1,4747,2026-09-24 20:27:09,a05_ttm.py,200
데이터/입력/ttm/ttm100_2025/_stats/ku=11020_chunk_004.parquet,999519e20be66be8c7f4092ac42f2454f36b336a8dbe7ce1e08f03b7ca0c68ce,2296,2026-09-24 20:27:09,a05_ttm.py,2
데이터/입력/ttm/ttm100_2025/_stats/ku=11030_chunk_000.parquet,7e50eb19aa3d351dd9e1d27d1e8ac96e4b2f6e7dd82e67a9502cd88a9de8a110,4885,2026-09-24 20:27:09,a05_ttm.py,200
데이터/입력/ttm/ttm100_2025/_stats/ku=11030_chunk_001.parquet,e3ad6648c5d2a0b2d84c710239da0b3078f1a34a30bd59589f4f8946ac876dbc,4831,2026-09-24 20:27:10,a05_ttm.py,200
데이터/입력/ttm/ttm100_2025/_stats/ku=11030_chunk_002.parquet,5aaccae14d09551b28492a59229248f874bbd088f54257950334530f590d0813,4941,2026-09-24 20:27:10,a05_ttm.py,200
데이터/입력/ttm/ttm100_2025/_stats/ku=11030_chunk_003.parquet,633f59a4952c2600fa21464c1825f57fcc8941bc8479cb8822f756f015fe61c8,4917,2026-09-24 20:27:10,a05_ttm.py,200
데이터/입력/ttm/ttm100_2025/_stats/ku=11030_chunk_004.parquet,cb63d8cd42519c68bb4a4a46d8b18e97c48a184bdfa860d1f08da1d9336f8ad1,4813,2026-09-24 20:27:11,a05_ttm.py,200
데이터/입력/ttm/ttm100_2025/_stats/ku=11030_chunk_005.parquet,35da178f915d6121cbad325f936b0919624bb787f9260215fcc47143b132470a,3251,2026-09-24 20:27:11,a05_ttm.py,65
데이터/입력/ttm/ttm100_2025/_stats/ku=11040_chunk_000.parquet,ea063ca795a1adfb427758c1caed24cd618e35e1b360cbdeb808987c8ff749d4,4975,2026-09-24 20:27:11,a05_ttm.py,200
데이터/입력/ttm/ttm100_2025/_stats/ku=11040_chunk_001.parquet,9c5fc12370fae5d41f5d843b3e07696597098194b9f4759b637fde53d246e659,4893,2026-09-24 20:27:12,a05_ttm.py,200
데이터/입력/ttm/ttm100_2025/_stats/ku=11040_chunk_002.parquet,82363143918a090c7520c6e601ca9f843c8f73afaa724738cf8cac7d181f3159,4798,2026-09-24 20:27:12,a05_ttm.py,200
데이터/입력/ttm/ttm100_2025/_stats/ku=11040_chunk_003.parquet,4dc95f5962397d22f338643d4ae95b94380a2f03b087be3cf2a7b1a2fe3406fd,4886,2026-09-24 20:27:13,a05_ttm.py,200
데이터/입력/ttm/ttm100_2025/_stats/ku=11040_chunk_004.parquet,65b6ab400835a7562fdba212aa5187a29ada0fa661a7e6a18dbcf75c3370283a,4883,2026-09-24 20:27:13,a05_ttm.py,200
데이터/입력/ttm/ttm100_2025/_stats/ku=11040_chunk_005.parquet,f53e49479642cf895587be63674daba39348b4c1b017e2d72eb13406c1ba54e6,3173,2026-09-24 20:27:13,a05_ttm.py,61
데이터/입력/ttm/ttm100_2025/_stats/ku=11050_chunk_000.parquet,1e5249255317dddb6fcea08de6e8c60e9abc2c237ebe909c1376adf20a70493f,4772,2026-09-24 20:27:14,a05_ttm.py,200
데이터/입력/ttm/ttm100_2025/_stats/ku=11050_chunk_001.parquet,708e66b7b22724d3b2cf6faa4eb104d247621d9f8cfd9f2b57470bc0e82c7d04,4939,2026-09-24 20:27:14,a05_ttm.py,200
데이터/입력/ttm/ttm100_2025/_stats/ku=11050_chunk_002.parquet,09229ce73aeeb787b32d3c5368057b2c4f4064e8738c42a99e08dbb09f45e5c4,4798,2026-09-24 20:27:15,a05_ttm.py,200
데이터/입력/ttm/ttm100_2025/_stats/ku=11050_chunk_003.parquet,367a3c917172851e92615277b0b728c8542669b2bfb3476fd3056ced79f14487,4762,2026-09-24 20:27:15,a05_ttm.py,200
데이터/입력/ttm/ttm100_2025/_stats/ku=11050_chunk_004.parquet,c0b66e463e67177d70715ca9705cff8f703c6a16a1def2137b0e5cf45752df49,4853,2026-09-24 20:27:15,a05_ttm.py,200
데이터/입력/ttm/ttm100_2025/_stats/ku=11050_chunk_005.parquet,a4b8bfb9093f0f87daa73fb66767b389bb4c6a6fc356fdc7ac13dda1e0d94727,3197,2026-09-24 20:27:15,a05_ttm.py,63
데이터/입력/ttm/ttm100_2025/_stats/ku=11060_chunk_000.parquet,31457f85bd903c014093ae10fc98b38c896516b0a5954f21a070b5d7caa407e3,4507,2026-09-24 20:27:16,a05_ttm.py,200
데이터/입력/ttm/ttm100_2025/_stats/ku=11060_chunk_001.parquet,4cbb2ab87336b9126425d6336ec6e152c2feed34da3c5471edf3743529adbe4e,4700,2026-09-24 20:27:16,a05_ttm.py,200
데이터/입력/ttm/ttm100_2025/_stats/ku=11060_chunk_002.parquet,687358da54d7a2edd5743015012997a9581bffa7dbaed7c868a46dc9643f4f18,4812,2026-09-24 20:27:17,a05_ttm.py,200
데이터/입력/ttm/ttm100_2025/_stats/ku=11060_chunk_003.parquet,23348fb6df3d76f8ab10a4c8ee73c542dcd121dbcd007583cbf63af7077039ce,4794,2026-09-24 20:27:17,a05_ttm.py,200
데이터/입력/ttm/ttm100_2025/_stats/ku=11060_chunk_004.parquet,8629767e3bb75cbf57173600cd39884094ba6d7a20510aaa611cea61358f37eb,4884,2026-09-24 20:27:18,a05_ttm.py,200
데이터/입력/ttm/ttm100_2025/_stats/ku=11060_chunk_005.parquet,d37cb9ea79c406ff034f83bc73c88183cf6ce40f9a0437f1bbea894b338bcb45,4717,2026-09-24 20:27:18,a05_ttm.py,192
데이터/입력/ttm/ttm100_2025/_stats/ku=11070_chunk_000.parquet,af3fbe7a97a2b200b3bed783a3b8f97349528d7ecab9e985c56c5d697355582d,4867,2026-09-24 20:27:19,a05_ttm.py,200
데이터/입력/ttm/ttm100_2025/_stats/ku=11070_chunk_001.parquet,0c8c84b542450551e55d58a09288e1ef3d67511ee87e2b09733c62b1272ed26e,4690,2026-09-24 20:27:19,a05_ttm.py,200
데이터/입력/ttm/ttm100_2025/_stats/ku=11070_chunk_002.parquet,6e6082ea5c39eec03b84371e2a6d3e2851c0be4d2c6e35279d3562ea232d9920,4682,2026-09-24 20:27:20,a05_ttm.py,200
데이터/입력/ttm/ttm100_2025/_stats/ku=11070_chunk_003.parquet,ae3caa2c0ea8656e0085ed2d69569742419f34f605b8074a64b7a1d390b2154c,4795,2026-09-24 20:27:20,a05_ttm.py,200
데이터/입력/ttm/ttm100_2025/_stats/ku=11070_chunk_004.parquet,67e5d4062fb757c6e3fbf1998565a0769cfabf544e890c5184612e0b96da2f67,4898,2026-09-24 20:27:21,a05_ttm.py,200
데이터/입력/ttm/ttm100_2025/_stats/ku=11070_chunk_005.parquet,7b0999ac0d8905b0d03a1960677548addaefb6c015bca4fc75218cccb63fc534,4943,2026-09-24 20:27:21,a05_ttm.py,193
데이터/입력/ttm/ttm100_2025/_stats/ku=11080_chunk_000.parquet,ea914068a1a47bcb256eef780ca777ce9fbcfca0d0a5a4aac77caa495dedfb11,4840,2026-09-24 20:27:21,a05_ttm.py,200
데이터/입력/ttm/ttm100_2025/_stats/ku=11080_chunk_001.parquet,4423e7b3264c52f856bc87874bf0688e8b1d9f16fdf536a045ad43ba666fe476,4939,2026-09-24 20:27:22,a05_ttm.py,200
데이터/입력/ttm/ttm100_2025/_stats/ku=11080_chunk_002.parquet,1d54c500d7495be208c8ba1eaf8fd407ba8b45b109b6dbac5d9027fc6699f875,4728,2026-09-24 20:27:22,a05_ttm.py,200
데이터/입력/ttm/ttm100_2025/_stats/ku=11080_chunk_003.parquet,72d9185907a177d6b14b2c826fb017bdf628309409c614223c91bc1d544663ae,4670,2026-09-24 20:27:22,a05_ttm.py,200
데이터/입력/ttm/ttm100_2025/_stats/ku=11080_chunk_004.parquet,a19e91d932002ca07c0ea5aeb2a0149eb08f3de2f1ae40f8dd88ac06b2a936cb,4836,2026-09-24 20:27:23,a05_ttm.py,200
데이터/입력/ttm/ttm100_2025/_stats/ku=11080_chunk_005.parquet,615078242a6e3ff681870d5a3da94d466e8dbffdba584700a16e5c5a4c30f251,4768,2026-09-24 20:27:23,a05_ttm.py,200
데이터/입력/ttm/ttm100_2025/_stats/ku=11080_chunk_006.parquet,b35a298a020a9f51308be8dc22527a04b3a494ddef8869f28eff01bf81816630,4702,2026-09-24 20:27:24,a05_ttm.py,200
데이터/입력/ttm/ttm100_2025/_stats/ku=11080_chunk_007.parquet,fa0c81fcd4dafc2b318a40f1adc88666624788fd45b0b1a225602a9a8b18072a,4644,2026-09-24 20:27:24,a05_ttm.py,200
데이터/입력/ttm/ttm100_2025/_stats/ku=11080_chunk_008.parquet,138045433006736d84c5db0ad5202a026cf6b452086ee861843ec815a6c3f750,2698,2026-09-24 20:27:24,a05_ttm.py,29
데이터/입력/ttm/ttm100_2025/_stats/ku=11090_chunk_000.parquet,6be34d885516b9a2c6733096be8726530f10fc77f92f9f569a1dbac45ee4d5b6,4989,2026-09-24 20:27:25,a05_ttm.py,200
데이터/입력/ttm/ttm100_2025/_stats/ku=11090_chunk_001.parquet,dbcfff524881afe96f4cc8ea712c7b93a64c14ca731c624ad3bb88bd33618272,4622,2026-09-24 20:27:25,a05_ttm.py,200
데이터/입력/ttm/ttm100_2025/_stats/ku=11090_chunk_002.parquet,7e286f5998ee706920bbd4f0f8b0fbd34eb690fde4dc9cabc94eb6a08ca6d1d3,4731,2026-09-24 20:27:25,a05_ttm.py,200
데이터/입력/ttm/ttm100_2025/_stats/ku=11090_chunk_003.parquet,d7525588125c879aa158ba0bed4e815813535a8359b2c22cad7f44f94d4d7c94,4605,2026-09-24 20:27:26,a05_ttm.py,200
데이터/입력/ttm/ttm100_2025/_stats/ku=11090_chunk_004.parquet,b165420f0871b6f7513e12f1f041362b25d6dc6f9b4814fee9eb5cd8d08fe36e,4865,2026-09-24 20:27:26,a05_ttm.py,200
데이터/입력/ttm/ttm100_2025/_stats/ku=11090_chunk_005.parquet,f3937739e7a7db74252c7100a6916a50bdb2019a35722493005cf8109f4eacfe,3138,2026-09-24 20:27:26,a05_ttm.py,63
데이터/입력/ttm/ttm100_2025/_stats/ku=11100_chunk_000.parquet,48eb943575963a55c5fa29e919cfeaceb214db47f14aeaa9d2453bab7f79be7c,4941,2026-09-24 20:27:27,a05_ttm.py,200
데이터/입력/ttm/ttm100_2025/_stats/ku=11100_chunk_001.parquet,42abac858c306a34844e0fb5562a67ee9368be8f0f9aad45ba181b1e43eb0b72,4801,2026-09-24 20:27:27,a05_ttm.py,200
데이터/입력/ttm/ttm100_2025/_stats/ku=11100_chunk_002.parquet,f2817351b717df4c296dce9ada7ab51b7df9b82b52de85dc0c2f4b11a49546a7,4858,2026-09-24 20:27:27,a05_ttm.py,200
데이터/입력/ttm/ttm100_2025/_stats/ku=11100_chunk_003.parquet,7768fec0fe3d7b4a1a95cb6c65b4e8107f71cc4cebb9f0d48d954d84156689d4,4813,2026-09-24 20:27:28,a05_ttm.py,200
데이터/입력/ttm/ttm100_2025/_stats/ku=11100_chunk_004.parquet,5746a0ebcbe2b80747021b2405219665078248872e0a2b5998633342cde70b41,4783,2026-09-24 20:27:28,a05_ttm.py,200
데이터/입력/ttm/ttm100_2025/_stats/ku=11100_chunk_005.parquet,3eac014d368ebca4fac3c9de2ed7aab75b7ad28adc7202f94f7c06c689bec22d,2727,2026-09-24 20:27:28,a05_ttm.py,29
데이터/입력/ttm/ttm100_2025/_stats/ku=11110_chunk_000.parquet,fe92b1713cecd7319112291ca540db31c010aa7776c9bfa01252799e2cf974b3,5028,2026-09-24 20:27:29,a05_ttm.py,200
데이터/입력/ttm/ttm100_2025/_stats/ku=11110_chunk_001.parquet,03ff0a2e51c2df3255f80e8e4d7868a7b659113f40e71fa07528f77bf4ae6544,4828,2026-09-24 20:27:29,a05_ttm.py,200
데이터/입력/ttm/ttm100_2025/_stats/ku=11110_chunk_002.parquet,9c762753930c8603cda32fbb5e4f83044d3bd1d54ece310b1f76364c7d395faf,4965,2026-09-24 20:27:29,a05_ttm.py,200
데이터/입력/ttm/ttm100_2025/_stats/ku=11110_chunk_003.parquet,1cd28755dadd76e80e44ec0451a8c774ffa68965e481f156446581eb48fe2c02,4963,2026-09-24 20:27:30,a05_ttm.py,200
데이터/입력/ttm/ttm100_2025/_stats/ku=11110_chunk_004.parquet,d7dcfc820a563b10e424417b9069dd1b6726ad0b168791918fd88e8b24187be5,4876,2026-09-24 20:27:30,a05_ttm.py,200
데이터/입력/ttm/ttm100_2025/_stats/ku=11110_chunk_005.parquet,69a2f5edfa897b3d3322257a873a0bcd69b71ecb69b808cfd3cc3951bb46de0b,4827,2026-09-24 20:27:30,a05_ttm.py,200
데이터/입력/ttm/ttm100_2025/_stats/ku=11110_chunk_006.parquet,bb15993ecd8914c01b720fe5835f5acfb72ea7b1cdc11bf97197143f59aaa292,4800,2026-09-24 20:27:31,a05_ttm.py,200
데이터/입력/ttm/ttm100_2025/_stats/ku=11110_chunk_007.parquet,3269c55e321bd1d1be61a70698b16c52426d64116d218bfc6a11b00a42cd861d,4259,2026-09-24 20:27:31,a05_ttm.py,133
데이터/입력/ttm/ttm100_2025/_stats/ku=11120_chunk_000.parquet,484a2af4ffbe7a3c963cc153e8165c93dafb8b859487b8e63ba50abe7bdc4cce,5002,2026-09-24 20:27:32,a05_ttm.py,200
데이터/입력/ttm/ttm100_2025/_stats/ku=11120_chunk_001.parquet,e25569260e831976d6172f0d205039efba42e4283c0ebadb763be5c02555fe00,4847,2026-09-24 20:27:32,a05_ttm.py,200
데이터/입력/ttm/ttm100_2025/_stats/ku=11120_chunk_002.parquet,25242c27944ead2bcb945eb88e55e564692383447b07dc49d16e89224873cb25,4838,2026-09-24 20:27:33,a05_ttm.py,200
데이터/입력/ttm/ttm100_2025/_stats/ku=11120_chunk_003.parquet,356ff739eede00b061e89b9f42109c44731fd6975e3f6ed3957c06ea40c5f434,4843,2026-09-24 20:27:33,a05_ttm.py,200
데이터/입력/ttm/ttm100_2025/_stats/ku=11120_chunk_004.parquet,ba2c3b1f71ecf98fc6c778d06145ed91e487a75690f3aa1c5da3a6270ed8bef8,4931,2026-09-24 20:27:34,a05_ttm.py,200
데이터/입력/ttm/ttm100_2025/_stats/ku=11120_chunk_005.parquet,ac59a3f694020716d4797429e8a973a012fc60aa12409a3ff8efae66a579fbaf,4870,2026-09-24 20:27:34,a05_ttm.py,200
데이터/입력/ttm/ttm100_2025/_stats/ku=11120_chunk_006.parquet,bd8476b87189253e2a3e3bdad6d2b215325e8a2e612cf0278566349034a23fd7,4899,2026-09-24 20:27:35,a05_ttm.py,200
데이터/입력/ttm/ttm100_2025/_stats/ku=11120_chunk_007.parquet,7fab3189cc44ab6aa6469ec241cfc9dbd7f9a475ad30d1c5a62a422e6ad6259f,4586,2026-09-24 20:27:34,a05_ttm.py,167
데이터/입력/ttm/ttm100_2025/_stats/ku=11130_chunk_000.parquet,ecafbfbd64f90294ed897b9bb94e0708a83df8951d1ec88b46ba3be0b9334585,4591,2026-09-24 20:27:35,a05_ttm.py,200
데이터/입력/ttm/ttm100_2025/_stats/ku=11130_chunk_001.parquet,0b9fa61294c90567449715772bb27577dda78f80f1acba571ed3b6116f0d3af9,4633,2026-09-24 20:27:36,a05_ttm.py,200
데이터/입력/ttm/ttm100_2025/_stats/ku=11130_chunk_002.parquet,bb40a148c407bd4a4c371d35f37eab3514c57417c76effd29a2abd08d82812b2,4898,2026-09-24 20:27:36,a05_ttm.py,200
데이터/입력/ttm/ttm100_2025/_stats/ku=11130_chunk_003.parquet,66d7d825892e15779420717d2acb70f71701c81e9aadb62e190fdb3aff39060d,4855,2026-09-24 20:27:36,a05_ttm.py,200
데이터/입력/ttm/ttm100_2025/_stats/ku=11130_chunk_004.parquet,94f8232b8b55def5005499fdd7edd41cabd4c05d28e0d5aab6765eae8164e252,4924,2026-09-24 20:27:37,a05_ttm.py,200
데이터/입력/ttm/ttm100_2025/_stats/ku=11130_chunk_005.parquet,04ea0b8797233dd88824ef23677518bcceac9742c365fbadbc00d320a8cb4d29,4953,2026-09-24 20:27:37,a05_ttm.py,200
데이터/입력/ttm/ttm100_2025/_stats/ku=11130_chunk_006.parquet,a50416a5ba0cb74d76d35a41e11923f4e3ce1d876b01152ad839e733d0f0ab86,2871,2026-09-24 20:27:37,a05_ttm.py,41
데이터/입력/ttm/ttm100_2025/_stats/ku=11140_chunk_000.parquet,4f084de291dc0cfad060e20bdc637491c0b32c2a76526baf20132e405be53302,4957,2026-09-24 20:27:38,a05_ttm.py,200
데이터/입력/ttm/ttm100_2025/_stats/ku=11140_chunk_001.parquet,0b510cbdf1af34575373e3708829bb1ec444b9a9bcfc7e9d65db5f9038180bd9,4823,2026-09-24 20:27:38,a05_ttm.py,200
데이터/입력/ttm/ttm100_2025/_stats/ku=11140_chunk_002.parquet,b87ee4307f4f92e403f15a769a2bc24726baa84c2d733f687c89a424e3edfa8a,4796,2026-09-24 20:27:39,a05_ttm.py,200
데이터/입력/ttm/ttm100_2025/_stats/ku=11140_chunk_003.parquet,fdaf19675a84ebb8c99ee5af87f0ccaba7175cbb988e39ec3ab4d75b6d711704,4791,2026-09-24 20:27:39,a05_ttm.py,200
데이터/입력/ttm/ttm100_2025/_stats/ku=11140_chunk_004.parquet,999626a9fab231af07af6ce795c9b4abe06281b78b47fb6cf2ec5f15c1b241cc,4856,2026-09-24 20:27:40,a05_ttm.py,200
데이터/입력/ttm/ttm100_2025/_stats/ku=11140_chunk_005.parquet,dd84656e0da17dcf8a0577d18d4353b03c27b844b9c8fecc477925e6ae029a05,4907,2026-09-24 20:27:40,a05_ttm.py,200
데이터/입력/ttm/ttm100_2025/_stats/ku=11140_chunk_006.parquet,8e95d574a2eb310a7b0c5ecba4522445679fde7e7064c88648e248b06817a1cc,3891,2026-09-24 20:27:40,a05_ttm.py,128
데이터/입력/ttm/ttm100_2025/_stats/ku=11150_chunk_000.parquet,4cbb3d1252ef29f2b5a33e44cc0270a0d060710add9c1efb05eaaf816ee4ac04,4985,2026-09-24 20:27:41,a05_ttm.py,200
데이터/입력/ttm/ttm100_2025/_stats/ku=11150_chunk_001.parquet,6a5f9ec5af781370825048634567ae98cc1d127494334abd503cbf8fd6763848,4741,2026-09-24 20:27:41,a05_ttm.py,200
데이터/입력/ttm/ttm100_2025/_stats/ku=11150_chunk_002.parquet,417fb0d91636d86c4bd9310c9676a3cbb0ac055d6b64c912edd9a9d4c2f9cc0b,4715,2026-09-24 20:27:41,a05_ttm.py,200
데이터/입력/ttm/ttm100_2025/_stats/ku=11150_chunk_003.parquet,f70f5400961954000a303a0ba952b67345a1189386bee998c2fd88e0d2d0af84,4826,2026-09-24 20:27:42,a05_ttm.py,200
데이터/입력/ttm/ttm100_2025/_stats/ku=11150_chunk_004.parquet,baf4abb43a8c0d86f15f4bfcfe5a4c7ed8138263c13639480452968c4e5b42e1,4695,2026-09-24 20:27:42,a05_ttm.py,200
데이터/입력/ttm/ttm100_2025/_stats/ku=11150_chunk_005.parquet,846a2892496e4e70ce9e09e72ef07f989352ff88f020cfaaae123f604c4bc4c8,4789,2026-09-24 20:27:43,a05_ttm.py,200
데이터/입력/ttm/ttm100_2025/_stats/ku=11150_chunk_006.parquet,f0f565ad1b3d7e81ef36a7e37d709811f930c5baa0a13941b4d8844d2dd2d9fc,3882,2026-09-24 20:27:43,a05_ttm.py,116
데이터/입력/ttm/ttm100_2025/_stats/ku=11160_chunk_000.parquet,5f07ae4239b951ef134103288cb5656d2e13021b66ee3adb2481b8f5a4139cb9,5057,2026-09-24 20:27:43,a05_ttm.py,200
데이터/입력/ttm/ttm100_2025/_stats/ku=11160_chunk_001.parquet,d781e3615c4f379b9b3f71ecee6cf4084adbbeefe8f37e9e32428038eddf2071,4938,2026-09-24 20:27:43,a05_ttm.py,200
데이터/입력/ttm/ttm100_2025/_stats/ku=11160_chunk_002.parquet,e978807320a459a817ac3f8feca3a5cecfbe3be4e94767344c747d7923dfa1af,4831,2026-09-24 20:27:44,a05_ttm.py,200
데이터/입력/ttm/ttm100_2025/_stats/ku=11160_chunk_003.parquet,09a3507e5a228493c2f93da1fdd3848b973c07514ad91206c66a99f01cf492c6,4716,2026-09-24 20:27:44,a05_ttm.py,200
데이터/입력/ttm/ttm100_2025/_stats/ku=11160_chunk_004.parquet,b3ec1f375d43a88072ec7bf9f677ed2c37609d361c0c5d5ac3d331aafc762c47,4684,2026-09-24 20:27:45,a05_ttm.py,200
데이터/입력/ttm/ttm100_2025/_stats/ku=11160_chunk_005.parquet,2ff08045ea2582e44f9db105725fdbbde17505722b98553f5920969596dc2e31,4837,2026-09-24 20:27:45,a05_ttm.py,200
데이터/입력/ttm/ttm100_2025/_stats/ku=11160_chunk_006.parquet,1ab699575ca3576fc49c19113901060d47a9e9e5ec6d3be378d2562b2ee29b8e,4796,2026-09-24 20:27:46,a05_ttm.py,200
데이터/입력/ttm/ttm100_2025/_stats/ku=11160_chunk_007.parquet,b062dbe00ad756574456975806fae3a95a88045a1d3d52d1e1fbdc11f947c2b0,4802,2026-09-24 20:27:46,a05_ttm.py,200
데이터/입력/ttm/ttm100_2025/_stats/ku=11160_chunk_008.parquet,b27c893d0a3ac40a425c22ab26b345fb8a2338aea55fdbe700a1e8fb0f399724,4864,2026-09-24 20:27:46,a05_ttm.py,200
데이터/입력/ttm/ttm100_2025/_stats/ku=11160_chunk_009.parquet,1a47c03eb96693f0eff49fdd2bf229a2c6d4005be3a331a4938ca08b5014d3bd,2848,2026-09-24 20:27:46,a05_ttm.py,40
데이터/입력/ttm/ttm100_2025/_stats/ku=11170_chunk_000.parquet,ae0ab03b3b158e2bae632a73a60783e8151100db33eb4cf49f93dc7a2639cf4d,4925,2026-09-24 20:27:47,a05_ttm.py,200
데이터/입력/ttm/ttm100_2025/_stats/ku=11170_chunk_001.parquet,22e3d61744c145398c9c0bfe41d766f5f4ca84f3092b5467fe0f0426f534e152,4941,2026-09-24 20:27:47,a05_ttm.py,200
데이터/입력/ttm/ttm100_2025/_stats/ku=11170_chunk_002.parquet,3ef06104f5664311beef97b83c375b50682c37c032d6dfc6d011faf3b7fd4526,4989,2026-09-24 20:27:47,a05_ttm.py,200
데이터/입력/ttm/ttm100_2025/_stats/ku=11170_chunk_003.parquet,5d298c480d6dc8826046bce9cedd1691324afbfe0345fbcbf522c69b8616d956,4872,2026-09-24 20:27:48,a05_ttm.py,200
데이터/입력/ttm/ttm100_2025/_stats/ku=11170_chunk_004.parquet,db946ddb6431431746d5e0bd9c25b8c61a32359b5fed35091806ad5f6f819f95,4898,2026-09-24 20:27:48,a05_ttm.py,200
데이터/입력/ttm/ttm100_2025/_stats/ku=11170_chunk_005.parquet,76f5d64efe1fa4d64b1e7d6688926645abc9a3ce3d55a00843a3b9ac7f19aa49,4731,2026-09-24 20:27:49,a05_ttm.py,200
데이터/입력/ttm/ttm100_2025/_stats/ku=11170_chunk_006.parquet,600ff0fb2c697ea1d0414e8b147a8cec26179448ceac70e7569a4eac612aead1,4748,2026-09-24 20:27:49,a05_ttm.py,200
데이터/입력/ttm/ttm100_2025/_stats/ku=11170_chunk_007.parquet,402af5adfdeac8a9f18f1f22a192306b73b8c27bd851167d7eddddc9e448afb4,2556,2026-09-24 20:27:49,a05_ttm.py,17
데이터/입력/ttm/ttm100_2025/_stats/ku=11180_chunk_000.parquet,ca84bb4f52f97f9e7027ee1b6639446fa902546e20025ff83d3ec41af7e38693,4955,2026-09-24 20:27:49,a05_ttm.py,200
데이터/입력/ttm/ttm100_2025/_stats/ku=11180_chunk_001.parquet,eaa18aedb748446ad16115653fc23c715bad362c168d9346fff3dbb58ad8ea54,4892,2026-09-24 20:27:50,a05_ttm.py,200
데이터/입력/ttm/ttm100_2025/_stats/ku=11180_chunk_002.parquet,dd11a643fc7dfccd53cc9b3dc69bdc1e511b12d7e07c815dfdf4429c6c114d5d,5935,2026-09-24 20:30:34,a05_ttm.py,200
데이터/입력/ttm/ttm100_2025/_stats/ku=11180_chunk_003.parquet,a64e8591f297b816282a47d32d2684011c06c40af26ca69839d9bd1208e589d1,5981,2026-09-24 20:30:34,a05_ttm.py,200
데이터/입력/ttm/ttm100_2025/_stats/ku=11180_chunk_004.parquet,f60d5b7b45744ebb400b219498465775a7803560dfec269cea60861abf4dc4c3,4466,2026-09-24 20:30:34,a05_ttm.py,76
데이터/입력/ttm/ttm100_2025/_stats/ku=11190_chunk_000.parquet,84c8583e6d1e3ca68f421ab0fa23b40f1be8c9e3698816f4e7ec7d32e65e85dd,5923,2026-09-24 20:30:35,a05_ttm.py,200
데이터/입력/ttm/ttm100_2025/_stats/ku=11190_chunk_001.parquet,33b8dba63ff3b8eceb962793d868dc44378c81e6549cf065b49489cfefa8a3c5,5936,2026-09-24 20:30:35,a05_ttm.py,200
데이터/입력/ttm/ttm100_2025/_stats/ku=11190_chunk_002.parquet,2768845012948e13cd7d5193761df01c2083f4beba2d1990da6b97ee9e1d63e5,5830,2026-09-24 20:30:35,a05_ttm.py,200
데이터/입력/ttm/ttm100_2025/_stats/ku=11190_chunk_003.parquet,32ba70e78dbe2a396cc689950d61db5e9f0d1039cb57a5d18572b9ea6d7a3af9,5889,2026-09-24 20:30:36,a05_ttm.py,200
데이터/입력/ttm/ttm100_2025/_stats/ku=11190_chunk_004.parquet,c90f52410f75fc39de236d422ca7461e53c33aefb3fdcd343d3c719d2e5fa524,5811,2026-09-24 20:30:36,a05_ttm.py,200
데이터/입력/ttm/ttm100_2025/_stats/ku=11190_chunk_005.parquet,20b0165a8f518d142d284a41a3c4ba04db25670738f48e303dcbe70283bb3bac,5869,2026-09-24 20:30:37,a05_ttm.py,200
데이터/입력/ttm/ttm100_2025/_stats/ku=11190_chunk_006.parquet,582e9babfe06430afd087478681961d3661e06e7092a5698a92173d77b6c610b,5946,2026-09-24 20:30:37,a05_ttm.py,200
데이터/입력/ttm/ttm100_2025/_stats/ku=11190_chunk_007.parquet,a259e3ad198f31999316d63d68d9830a39d447d767d0ef497b5acbd639124933,3612,2026-09-24 20:30:37,a05_ttm.py,17
데이터/입력/ttm/ttm100_2025/_stats/ku=11200_chunk_000.parquet,af4db12efa97e3d5c9c109f7e46a5d1b7b7157815c4e35f1c2c7ad59fd8bfe74,5799,2026-09-24 20:30:37,a05_ttm.py,200
데이터/입력/ttm/ttm100_2025/_stats/ku=11200_chunk_001.parquet,52f7953391750e2b15f7c90508fd93398ff46367ce79f9748866a0527473c4ab,5960,2026-09-24 20:30:38,a05_ttm.py,200
데이터/입력/ttm/ttm100_2025/_stats/ku=11200_chunk_002.parquet,b571e2e04d8472dd95be6fd02d10d2fc954bf55474056aff786adf4b5c17e23e,6002,2026-09-24 20:30:38,a05_ttm.py,200
데이터/입력/ttm/ttm100_2025/_stats/ku=11200_chunk_003.parquet,25ddfbc5f54dc7fabfb2ce40d7a129fb1074dfb56bc1bddad9e74032be0654d8,5898,2026-09-24 20:30:38,a05_ttm.py,200
데이터/입력/ttm/ttm100_2025/_stats/ku=11200_chunk_004.parquet,cbee719bab3098059b644bba5d4cbe4cf6a8fe2b8a1a21299be88dc017d0db08,6022,2026-09-24 20:30:39,a05_ttm.py,200
데이터/입력/ttm/ttm100_2025/_stats/ku=11200_chunk_005.parquet,4b2768adb0a55e83904f3444f094be6a4535a34f1d2d469ef96187946f5e72ab,5763,2026-09-24 20:30:39,a05_ttm.py,171
데이터/입력/ttm/ttm100_2025/_stats/ku=11210_chunk_000.parquet,7749fa519721e4e792205a72dc522fd4fa3833725f1b362d3566c1deed98c5a0,5925,2026-09-24 20:30:40,a05_ttm.py,200
데이터/입력/ttm/ttm100_2025/_stats/ku=11210_chunk_001.parquet,b597c2ab97a93b37317a44eb17094df5668762ed89caa11258a2455ef03fbea0,5929,2026-09-24 20:30:40,a05_ttm.py,200
데이터/입력/ttm/ttm100_2025/_stats/ku=11210_chunk_002.parquet,2887804f1a5b1768c599db378653458942f03ece6130803a8445dec6887e4ae0,5997,2026-09-24 20:30:40,a05_ttm.py,200
데이터/입력/ttm/ttm100_2025/_stats/ku=11210_chunk_003.parquet,b85dd50a1c92276a7b6b6f90d757d4462fb383f8fc255e5e27cd162858ae6a4d,5831,2026-09-24 20:30:41,a05_ttm.py,200
데이터/입력/ttm/ttm100_2025/_stats/ku=11210_chunk_004.parquet,8c633d3ce4a8eccc8ad8c8d2a127cda8674de1e7c670460cd9f301737ced5bbf,5953,2026-09-24 20:30:41,a05_ttm.py,200
데이터/입력/ttm/ttm100_2025/_stats/ku=11210_chunk_005.parquet,566c8029af244e124a348175f9a41d6569f60c0122b60b5607d655bb33060e29,5955,2026-09-24 20:30:41,a05_ttm.py,200
데이터/입력/ttm/ttm100_2025/_stats/ku=11210_chunk_006.parquet,5ce522ac5e69bc619afb40b2b13eb9587c2898e08ba3858c98c8eee628922ded,5929,2026-09-24 20:30:42,a05_ttm.py,200
데이터/입력/ttm/ttm100_2025/_stats/ku=11220_chunk_000.parquet,cffa618b59a94424c0e334be90adcf230ed567a9da96bc6af3b322048da62abb,5943,2026-09-24 20:30:42,a05_ttm.py,200
데이터/입력/ttm/ttm100_2025/_stats/ku=11220_chunk_001.parquet,3523c669f3343433a6c91223d9fb52b1ddf0a18af2d762393eecd2a4053ed107,5923,2026-09-24 20:30:43,a05_ttm.py,200
데이터/입력/ttm/ttm100_2025/_stats/ku=11220_chunk_002.parquet,d2954f2ec8bf52b264ca92a11be4a5844b6f463567477a2d82da1713d8e85eaa,5867,2026-09-24 20:30:43,a05_ttm.py,200
데이터/입력/ttm/ttm100_2025/_stats/ku=11220_chunk_003.parquet,c8662c00d921ea6c4b9743ca4c104f81a40e83fd5fdbc3cc2e08784bec5cd106,5940,2026-09-24 20:30:44,a05_ttm.py,200
데이터/입력/ttm/ttm100_2025/_stats/ku=11220_chunk_004.parquet,3bd6185a0616da6d403e99720eef7cf86ff00372e75ac86b46b103cdac386eed,5930,2026-09-24 20:30:44,a05_ttm.py,200
데이터/입력/ttm/ttm100_2025/_stats/ku=11220_chunk_005.parquet,d96832a8ff96ca6a6dbe0314b20a6838e2e258d8c105e4e5501504924aa6e8ee,5937,2026-09-24 20:30:44,a05_ttm.py,200
데이터/입력/ttm/ttm100_2025/_stats/ku=11220_chunk_006.parquet,70e4136f0be93d2e601deeb1c076c9ce6e6480e0743bba59f15c957f0675e8a9,6033,2026-09-24 20:30:44,a05_ttm.py,200
데이터/입력/ttm/ttm100_2025/_stats/ku=11220_chunk_007.parquet,c6c4cac1aa2d62f7162581990fcab30da3539ec341f1f6f3ff9e84dc75277308,5995,2026-09-24 20:30:45,a05_ttm.py,200
데이터/입력/ttm/ttm100_2025/_stats/ku=11220_chunk_008.parquet,002b01f0ea0fa307597bde14b8ad26ede17e7bf5192e5f0ce88ad645a9f66c0f,5933,2026-09-24 20:30:45,a05_ttm.py,200
데이터/입력/ttm/ttm100_2025/_stats/ku=11220_chunk_009.parquet,23f6d6bc74626c99be9d116b161a09e7f9c374e5fac9e6c59dc421ccf08a1ec7,4986,2026-09-24 20:30:46,a05_ttm.py,114
데이터/입력/ttm/ttm100_2025/_stats/ku=11230_chunk_000.parquet,4095a46a7228d48dd6ea92e2c7b3600f303d861c01b6aa02ea30cf6c7df2c8e8,5714,2026-09-24 20:30:46,a05_ttm.py,200
데이터/입력/ttm/ttm100_2025/_stats/ku=11230_chunk_001.parquet,1ee33b92f96569f4a6ba560c8b6e1e2d8f9ec1494c4cdcbbbd9e2237053871d9,5715,2026-09-24 20:30:46,a05_ttm.py,200
데이터/입력/ttm/ttm100_2025/_stats/ku=11230_chunk_002.parquet,1ace376365dad4b6547358508f6ba33c86c41cdf6eb316270b86f31d62baa85d,5658,2026-09-24 20:30:47,a05_ttm.py,200
데이터/입력/ttm/ttm100_2025/_stats/ku=11230_chunk_003.parquet,e31930858a54a03e34ea442e9b4f20889bcaaeaa541378ee641390ec1c6a3487,5692,2026-09-24 20:30:47,a05_ttm.py,200
데이터/입력/ttm/ttm100_2025/_stats/ku=11230_chunk_004.parquet,a45ce3dd921921e3e2002d1b589f1fd22fd195adb53b2e12b027dc03eb665732,5858,2026-09-24 20:30:48,a05_ttm.py,200
데이터/입력/ttm/ttm100_2025/_stats/ku=11230_chunk_005.parquet,1e7c1253dc8e2510b81b834254838bb1f96679f6343b0790a331d3ad0a150b79,5857,2026-09-24 20:30:48,a05_ttm.py,200
데이터/입력/ttm/ttm100_2025/_stats/ku=11230_chunk_006.parquet,9e99c69468cf017b36dbe611ff407862a40f6dd6a0284c683522985e1d233a78,6039,2026-09-24 20:30:48,a05_ttm.py,200
데이터/입력/ttm/ttm100_2025/_stats/ku=11230_chunk_007.parquet,d47f8aa126655aa6e3e322c8306d1af52fa7b11de2896369f3fd3809a3fd70ab,6004,2026-09-24 20:30:49,a05_ttm.py,200
데이터/입력/ttm/ttm100_2025/_stats/ku=11230_chunk_008.parquet,39239fe933cc7e01fd597c3e846d5f021de5b42751aa8d60b9eec26e39d8fb54,5923,2026-09-24 20:30:49,a05_ttm.py,200
데이터/입력/ttm/ttm100_2025/_stats/ku=11230_chunk_009.parquet,2305d8996700e03d872cf58240f13a707988a24e07888871d088c7d49c11234c,5902,2026-09-24 20:30:49,a05_ttm.py,200
데이터/입력/ttm/ttm100_2025/_stats/ku=11230_chunk_010.parquet,ff1426101db1fe46b197926af86ceb7dd3d3e62261fee5a81ed8040464298c2d,5941,2026-09-24 20:30:50,a05_ttm.py,200
데이터/입력/ttm/ttm100_2025/_stats/ku=11230_chunk_011.parquet,ce99faf192c4a8603bafb4e36847af33a37cf6e23e99a1cc7f141706b421bb18,5980,2026-09-24 20:30:50,a05_ttm.py,198
데이터/입력/ttm/ttm100_2025/_stats/ku=11240_chunk_000.parquet,05e22b62138c43ca03c9e66b3bfd323d14b2ebddb42615ae84aefd5e382020d2,5847,2026-09-24 20:30:50,a05_ttm.py,200
데이터/입력/ttm/ttm100_2025/_stats/ku=11240_chunk_001.parquet,3037b2d44165ce404c03193e9eb0e3f8fbe0d58fc026334bc94509f42319bb07,5986,2026-09-24 20:30:51,a05_ttm.py,200
데이터/입력/ttm/ttm100_2025/_stats/ku=11240_chunk_002.parquet,fc8e0bf811f62c85c49d3abfc5e0eb4c054ae2c7c73222569c42d51c756dcd77,6016,2026-09-24 20:30:51,a05_ttm.py,200
데이터/입력/ttm/ttm100_2025/_stats/ku=11240_chunk_003.parquet,cb0ff9059a48590b01ec851408259007f57f3b649099ad10c292a1c5e23a59ec,5945,2026-09-24 20:30:51,a05_ttm.py,200
데이터/입력/ttm/ttm100_2025/_stats/ku=11240_chunk_004.parquet,56aea7d33c7ce4c89c3fa495ed98fa3ec05079c55401c1a1c0cb3cd22804e484,5880,2026-09-24 20:30:52,a05_ttm.py,200
데이터/입력/ttm/ttm100_2025/_stats/ku=11240_chunk_005.parquet,a51503a3976d319284fe3ed5d0cf4411d5d588df2661563bfb49303b0491bc4b,5736,2026-09-24 20:30:52,a05_ttm.py,200
데이터/입력/ttm/ttm100_2025/_stats/ku=11240_chunk_006.parquet,8c5af42a75588c8881c3ef7fc853653f70ee6eb4aea115305ae7013bccc5de35,5727,2026-09-24 20:30:53,a05_ttm.py,200
데이터/입력/ttm/ttm100_2025/_stats/ku=11240_chunk_007.parquet,813f71f20dce2db3a7eb766ddbdba2b3b18226f8b17c03536ac1541c6b84f0c8,5932,2026-09-24 20:30:53,a05_ttm.py,200
데이터/입력/ttm/ttm100_2025/_stats/ku=11240_chunk_008.parquet,d10b399e4e9603dec3f2bc4cf785cce0eb85d8e39df1ff5db38e45a624853ec9,6077,2026-09-24 20:30:54,a05_ttm.py,200
데이터/입력/ttm/ttm100_2025/_stats/ku=11240_chunk_009.parquet,2ec795c6c9bac43dd26609ec0aed6cf713ec5b6f1c7eb8bdbde22d2632900858,5921,2026-09-24 20:30:54,a05_ttm.py,188
데이터/입력/ttm/ttm100_2025/_stats/ku=11250_chunk_000.parquet,71713c1368984a83b30000ae5a14acbfec2f18778b4825df6145e34aad53af41,5805,2026-09-24 20:30:54,a05_ttm.py,200
데이터/입력/ttm/ttm100_2025/_stats/ku=11250_chunk_001.parquet,f05762cb1f294cf99be5090aae58c48f355d8bbfc5077063a3d21bb424bc6f2b,5796,2026-09-24 20:30:55,a05_ttm.py,200
데이터/입력/ttm/ttm100_2025/_stats/ku=11250_chunk_002.parquet,7037f8d6cc203284f5de532bba0a4386208811e82de64785c7166954ef43913e,5809,2026-09-24 20:30:55,a05_ttm.py,200
데이터/입력/ttm/ttm100_2025/_stats/ku=11250_chunk_003.parquet,7b9aaad3397d999b772003522838655203361074db215192d79675be65b3b44d,5897,2026-09-24 20:30:55,a05_ttm.py,200
데이터/입력/ttm/ttm100_2025/_stats/ku=11250_chunk_004.parquet,1c7e272869e4425792b8616b862dbe505771d99f7b2f42fa6f53a09001cf51f8,5860,2026-09-24 20:30:56,a05_ttm.py,200
데이터/입력/ttm/ttm100_2025/_stats/ku=11250_chunk_005.parquet,80bbfb6330a4234ce04ed350a0474c26ce1a57152709096ddbe77e11a7ecc89b,6033,2026-09-24 20:30:56,a05_ttm.py,200
데이터/입력/ttm/ttm100_2025/_stats/ku=11250_chunk_006.parquet,022e760058680a2c302ba98f1cc49c876b9ba3aa77f4ad827212e03494e19081,5974,2026-09-24 20:30:57,a05_ttm.py,200
데이터/입력/ttm/ttm100_2025/_stats/ku=11250_chunk_007.parquet,e952a29a0d1fc18fdc086883bd6ce4f16fa392fa5e74c752fd4118eb5b80c496,3997,2026-09-24 20:30:56,a05_ttm.py,46
데이터/입력/ttm/ttm100_2025/ku=11010/chunk_000.parquet,2df040f3d95db16aee576090f36a85089f3461e095e4b1055098e261555bce3f,229369,2026-09-24 20:24:44,a05_ttm.py,112129
데이터/입력/ttm/ttm100_2025/ku=11010/chunk_001.parquet,38c9acdc4a987d40dfe83caa98d4901358ae840f2b2cf3b0044c8912be765946,232862,2026-09-24 20:24:45,a05_ttm.py,113660
데이터/입력/ttm/ttm100_2025/ku=11010/chunk_002.parquet,6663b18985c2462aa60c26e0a2430dbfc704f8b109b6c63820121ed026d04fea,227689,2026-09-24 20:24:45,a05_ttm.py,116843
데이터/입력/ttm/ttm100_2025/ku=11010/chunk_003.parquet,af115668e1ee475e83eb580b12907e04e3361df4bb433dc1f9afb6de3ea5f76f,255215,2026-09-24 20:24:46,a05_ttm.py,131901
데이터/입력/ttm/ttm100_2025/ku=11010/chunk_004.parquet,8e09b2b02bc094ba35cabccf6c844dc96a3a7a59038881bc2d678c6bd6537835,290422,2026-09-24 20:24:47,a05_ttm.py,134660
데이터/입력/ttm/ttm100_2025/ku=11010/chunk_005.parquet,cbb8f247239673d6807d9f8fc67ec889f0f825561cadff96747225aa0892cc47,304051,2026-09-24 20:24:48,a05_ttm.py,139165
데이터/입력/ttm/ttm100_2025/ku=11010/chunk_006.parquet,90f7d70b81d23ba8b4fbee134ff40728b7625043cf3a25992ec570b871aaeb80,131435,2026-09-24 20:24:48,a05_ttm.py,60171
데이터/입력/ttm/ttm100_2025/ku=11020/chunk_000.parquet,b1ac35e96e592be2e295c7efaa29df752c2b1af889fc2f770504787acab21325,338831,2026-09-24 20:27:08,a05_ttm.py,154750
데이터/입력/ttm/ttm100_2025/ku=11020/chunk_001.parquet,223d83352bce97b8981f4c61908485938c647ed86bbcbffd09741bcdced3156e,323251,2026-09-24 20:27:08,a05_ttm.py,148292
데이터/입력/ttm/ttm100_2025/ku=11020/chunk_002.parquet,0f0db3d4ff94e97ff10acff2d217fbce66546b8436f674c2b632d65070a7c35f,314304,2026-09-24 20:27:09,a05_ttm.py,143896
데이터/입력/ttm/ttm100_2025/ku=11020/chunk_003.parquet,a9829dfba1f54a2266339d71a2c288a2281b72af060f55b95410e002765d3fe7,341321,2026-09-24 20:27:09,a05_ttm.py,157416
데이터/입력/ttm/ttm100_2025/ku=11020/chunk_004.parquet,886e8adc4c1ef165d3992ba59dc8cf08d5fba08177cdaa210d24c1435e85b78f,7610,2026-09-24 20:27:09,a05_ttm.py,1615
데이터/입력/ttm/ttm100_2025/ku=11030/chunk_000.parquet,1eaf798bf081de230ba4e5640c5d63bfbf3d818ef51cee8bb6f923337400b92c,280048,2026-09-24 20:27:09,a05_ttm.py,131420
데이터/입력/ttm/ttm100_2025/ku=11030/chunk_001.parquet,2056fd46d7b7b1275a0864e36f81aca6cbd5ccf70b997aa98dd2b8f755f396ef,260653,2026-09-24 20:27:10,a05_ttm.py,131905
데이터/입력/ttm/ttm100_2025/ku=11030/chunk_002.parquet,bd99b5079777f3b2ea927652aebacdcf07df0b0a3e1b062a415099e7ae2905c9,253604,2026-09-24 20:27:10,a05_ttm.py,125691
데이터/입력/ttm/ttm100_2025/ku=11030/chunk_003.parquet,a3bfcc81b0182551ceb6775e73517c398f887ccf08670f16d771aa614b53bf71,271994,2026-09-24 20:27:10,a05_ttm.py,121348
데이터/입력/ttm/ttm100_2025/ku=11030/chunk_004.parquet,8445455afb3b7688ba692ec919168e6ea19cd07ed96a8dc185787640daaf18f7,240139,2026-09-24 20:27:11,a05_ttm.py,114217
데이터/입력/ttm/ttm100_2025/ku=11030/chunk_005.parquet,ebf54bcd4f17af15bbecdcd13edfe1056744410cfe5ce53dfb389857ddcdd911,59287,2026-09-24 20:27:11,a05_ttm.py,29690
데이터/입력/ttm/ttm100_2025/ku=11040/chunk_000.parquet,ef8bad1d3094cc87391c874664834710c03548f2564a1d97d1b290a8759c19bf,240506,2026-09-24 20:27:11,a05_ttm.py,112350
데이터/입력/ttm/ttm100_2025/ku=11040/chunk_001.parquet,d513039ea758b470c7d5f00790a0bab13ec724f9a7a3df47a6059464e6ff4ef0,308713,2026-09-24 20:27:12,a05_ttm.py,141253
데이터/입력/ttm/ttm100_2025/ku=11040/chunk_002.parquet,c0a749da587964ef89608beac1f63e956ed92d5394889d0480e2b978b1b76316,285127,2026-09-24 20:27:12,a05_ttm.py,145934
데이터/입력/ttm/ttm100_2025/ku=11040/chunk_003.parquet,9f20a6d1e75f8f8195340ad037f09bbeef4d612e0e7aeb696b034223932e68c3,275551,2026-09-24 20:27:13,a05_ttm.py,125679
데이터/입력/ttm/ttm100_2025/ku=11040/chunk_004.parquet,454e1b414f94537441bdfb5ccd8742eadcf332784a6ddfffb7e38c5a486bebc6,259121,2026-09-24 20:27:13,a05_ttm.py,130980
데이터/입력/ttm/ttm100_2025/ku=11040/chunk_005.parquet,c048380fc462168af8adc5160019a3e1e0ce9ed3be53ae2ffba347d3e9a5ade0,88155,2026-09-24 20:27:13,a05_ttm.py,37551
데이터/입력/ttm/ttm100_2025/ku=11050/chunk_000.parquet,42993978192e23bbf7892044031df0ad2c2f3a1e26b01068bf03555fd0e110c6,318575,2026-09-24 20:27:14,a05_ttm.py,148109
데이터/입력/ttm/ttm100_2025/ku=11050/chunk_001.parquet,d1077d09a85a7266c2ef00ec1932259bff27d862b80c39471285a1ae14edc3b2,283239,2026-09-24 20:27:14,a05_ttm.py,140796
데이터/입력/ttm/ttm100_2025/ku=11050/chunk_002.parquet,cfe8deabbb53ad062bab79bc68a06408fb82e17609b3a385c5ce02e95d36ff00,281477,2026-09-24 20:27:15,a05_ttm.py,143249
데이터/입력/ttm/ttm100_2025/ku=11050/chunk_003.parquet,c0ad8aa3a5c1a1755ced11d74a4f11da6c3fa9220975c65aaea54cfbdb4fd17e,268941,2026-09-24 20:27:15,a05_ttm.py,143949
데이터/입력/ttm/ttm100_2025/ku=11050/chunk_004.parquet,a1373c4539ac236904b17882b8d09a95f20e76dedad4d252dab6ea5f2549bb81,289863,2026-09-24 20:27:15,a05_ttm.py,133480
데이터/입력/ttm/ttm100_2025/ku=11050/chunk_005.parquet,0b10a9e824e43a21520f412bc479b4d22db7758bd4c6ba728914da77f27d7287,64931,2026-09-24 20:27:15,a05_ttm.py,32338
데이터/입력/ttm/ttm100_2025/ku=11060/chunk_000.parquet,08570c716e90108894cc769959f80dcd42654ff378dbdd18829e948a41c08364,351808,2026-09-24 20:27:16,a05_ttm.py,161482
데이터/입력/ttm/ttm100_2025/ku=11060/chunk_001.parquet,9564c03338ba416cb5006b627c8fb52fb28e67e4e78a55b024eb5d092c66caa6,338351,2026-09-24 20:27:16,a05_ttm.py,154270
데이터/입력/ttm/ttm100_2025/ku=11060/chunk_002.parquet,78d701fddb59b95837109ee6de946eeca10866c4c81f955f922aa201a534ffc1,307938,2026-09-24 20:27:17,a05_ttm.py,140070
데이터/입력/ttm/ttm100_2025/ku=11060/chunk_003.parquet,f89fecfb5629a82ba0603a211681f2d0649d9085cdfd52ccbea6a2179bd7f753,286688,2026-09-24 20:27:17,a05_ttm.py,132026
데이터/입력/ttm/ttm100_2025/ku=11060/chunk_004.parquet,6691b5487d6b44b43e87e7d73263665631dc5e5ecfe2a716907a42bdf975fdc0,242476,2026-09-24 20:27:18,a05_ttm.py,125862
데이터/입력/ttm/ttm100_2025/ku=11060/chunk_005.parquet,9f072f14553c90c94b9c01105a75169eb5da58fb2f7f99d69fd2a2dc78f02364,244782,2026-09-24 20:27:18,a05_ttm.py,126663
데이터/입력/ttm/ttm100_2025/ku=11070/chunk_000.parquet,b8cda79b020273afe69f4715f2f6160f4e82029e5d1edba4050965431bf7521d,275187,2026-09-24 20:27:19,a05_ttm.py,134625
데이터/입력/ttm/ttm100_2025/ku=11070/chunk_001.parquet,9becba9615a95381cc603b15c5a47a1d214117696d8a8f2dc38f5e56e406d967,278645,2026-09-24 20:27:19,a05_ttm.py,143697
데이터/입력/ttm/ttm100_2025/ku=11070/chunk_002.parquet,28742c69ced719db24f1334b2fe3baca07823717d91a2571feeab625ac3db50a,290953,2026-09-24 20:27:20,a05_ttm.py,149375
데이터/입력/ttm/ttm100_2025/ku=11070/chunk_003.parquet,02641269357227ba7a856af4207ddbe67a290da9cc8806cb1aae7ee26e1ec71b,284059,2026-09-24 20:27:20,a05_ttm.py,141418
데이터/입력/ttm/ttm100_2025/ku=11070/chunk_004.parquet,f28705176cb5570b9f5501f95dc3ae1c37f3961d086b3940d5ff5a1defc8e228,297972,2026-09-24 20:27:21,a05_ttm.py,135647
데이터/입력/ttm/ttm100_2025/ku=11070/chunk_005.parquet,8eeb2f1bfb295f8bdca6c3a426a15e33e9670c91c452a1f817737902bf76efeb,194846,2026-09-24 20:27:21,a05_ttm.py,90989
데이터/입력/ttm/ttm100_2025/ku=11080/chunk_000.parquet,d48233130952c7c303f7f503b5c50ab92676b5fe95c64881c26fba2017a8bbad,191390,2026-09-24 20:27:21,a05_ttm.py,86957
데이터/입력/ttm/ttm100_2025/ku=11080/chunk_001.parquet,b2d08e185f6ed6c99d66fcd041753f5cef1742beacf33174c2cf26e6c387256d,229384,2026-09-24 20:27:22,a05_ttm.py,117280
데이터/입력/ttm/ttm100_2025/ku=11080/chunk_002.parquet,2b0ee539da5668d8cc38ea2f2da8eeed126747e8dc9e5666aecfc33ba7c41a41,257692,2026-09-24 20:27:22,a05_ttm.py,133254
데이터/입력/ttm/ttm100_2025/ku=11080/chunk_003.parquet,bddb7c8fcd5dedd5640392d3a5aa9a9db73e18cb4852b7f219fa308fdb9227e2,287836,2026-09-24 20:27:22,a05_ttm.py,140342
데이터/입력/ttm/ttm100_2025/ku=11080/chunk_004.parquet,fc27a465c3725a1a7390759a092ca75a8034ffdae3ec7fdfd3f2bc62812a26c0,285342,2026-09-24 20:27:23,a05_ttm.py,144673
데이터/입력/ttm/ttm100_2025/ku=11080/chunk_005.parquet,3e0e8b3ce2bad2c83e552f55a32f602fcec8d856d229f7622364af5962530e0a,289630,2026-09-24 20:27:23,a05_ttm.py,145479
데이터/입력/ttm/ttm100_2025/ku=11080/chunk_006.parquet,5f98051aadf536b95476677909e4eba5ccf5b4cbf09feb69095f40e833eec028,275030,2026-09-24 20:27:24,a05_ttm.py,134082
데이터/입력/ttm/ttm100_2025/ku=11080/chunk_007.parquet,f556e32882a75a4616fb52a3f0cd0781eeb53070cd0510fe3ee72583e00c34fc,283242,2026-09-24 20:27:24,a05_ttm.py,132316
데이터/입력/ttm/ttm100_2025/ku=11080/chunk_008.parquet,74844c89058765787c335a0c73ac65c2da01cd5c05d4b4ab951e39a026492876,37245,2026-09-24 20:27:24,a05_ttm.py,15054
데이터/입력/ttm/ttm100_2025/ku=11090/chunk_000.parquet,916f43d9357a00f23c29285f44ffbcbbfef0103a26ceafb6c1ef19527718efc9,238149,2026-09-24 20:27:25,a05_ttm.py,120970
데이터/입력/ttm/ttm100_2025/ku=11090/chunk_001.parquet,a43815d936d7f55576df5782f1bf19b2927d7f262e247bb8dbf54db6f9487099,289013,2026-09-24 20:27:25,a05_ttm.py,153473
데이터/입력/ttm/ttm100_2025/ku=11090/chunk_002.parquet,06dedb8c52106440c44622edf757000d40efc749277f9d1bf045804c8d2df660,314095,2026-09-24 20:27:25,a05_ttm.py,158994
데이터/입력/ttm/ttm100_2025/ku=11090/chunk_003.parquet,8d5c3931e5caac4e1025c6725431321bccd0dbbec7308129b7373ab0663e3081,313769,2026-09-24 20:27:26,a05_ttm.py,157020
데이터/입력/ttm/ttm100_2025/ku=11090/chunk_004.parquet,9450dcbe24e4a4e1d6bb35a1055ddbad188c2a17c43821a61a32d712263e30de,290784,2026-09-24 20:27:26,a05_ttm.py,144101
데이터/입력/ttm/ttm100_2025/ku=11090/chunk_005.parquet,3dfb28f81d91d95bd855f013640667dfe02c4977d7c54244667884b2542308af,99817,2026-09-24 20:27:26,a05_ttm.py,43494
데이터/입력/ttm/ttm100_2025/ku=11100/chunk_000.parquet,1c46a52dbf6c1f5e72f83b5034df1581f5a1edacc1112b33e368a0af397ab170,271350,2026-09-24 20:27:27,a05_ttm.py,141892
데이터/입력/ttm/ttm100_2025/ku=11100/chunk_001.parquet,faeb66cc6aa068c8ff380adda171825ba215309fdea447969bf0e309f6776271,293101,2026-09-24 20:27:27,a05_ttm.py,143683
데이터/입력/ttm/ttm100_2025/ku=11100/chunk_002.parquet,099b8ac1876cda455b9e5a32d47c17cb7e6871cd44ea343aa2e888ded1d6cd08,286583,2026-09-24 20:27:27,a05_ttm.py,138009
데이터/입력/ttm/ttm100_2025/ku=11100/chunk_003.parquet,e027d3ab9b4f91af862dd866bb14e9e6db3160e9ab43ccc70af227e83c428ea3,254934,2026-09-24 20:27:28,a05_ttm.py,131781
데이터/입력/ttm/ttm100_2025/ku=11100/chunk_004.parquet,26b0dc9ea16e8c49b9d2b02b473692845ff725b985c7e10614849bd5cd46de65,251911,2026-09-24 20:27:28,a05_ttm.py,128048
데이터/입력/ttm/ttm100_2025/ku=11100/chunk_005.parquet,ae020a0fd25d032ffba65a7f033fb7dc6ff1ac2b7e6ce2fcee027bc36d80f942,47229,2026-09-24 20:27:28,a05_ttm.py,18745
데이터/입력/ttm/ttm100_2025/ku=11110/chunk_000.parquet,4fca06f07593500fdc68f4f74dc36a0a77b4893ab465409be58d809bc94da316,223922,2026-09-24 20:27:29,a05_ttm.py,109320
데이터/입력/ttm/ttm100_2025/ku=11110/chunk_001.parquet,0c1beb68000de49bca59e0aa806441d6a9c190e9924c5e3d49e8eb51d367bf15,246898,2026-09-24 20:27:29,a05_ttm.py,122231
데이터/입력/ttm/ttm100_2025/ku=11110/chunk_002.parquet,8f88626137c3034e570c044883cad1117a32ebfeb3b234e3201cdc168508dcd9,251552,2026-09-24 20:27:29,a05_ttm.py,123851
데이터/입력/ttm/ttm100_2025/ku=11110/chunk_003.parquet,e5c1829d199831f0108026d86e5040988791d103e0a968bd17b42817fa21cdea,258217,2026-09-24 20:27:30,a05_ttm.py,131850
데이터/입력/ttm/ttm100_2025/ku=11110/chunk_004.parquet,b4381cb0c0c9a5b06df6174449233f8f372bcef671153c5426201ad21c78ac2e,282089,2026-09-24 20:27:30,a05_ttm.py,142429
데이터/입력/ttm/ttm100_2025/ku=11110/chunk_005.parquet,9a99bf37bde5a7d37381d8f0a3ea2e2b5c5259c30728487d66e23e83448fcc56,285844,2026-09-24 20:27:30,a05_ttm.py,143072
데이터/입력/ttm/ttm100_2025/ku=11110/chunk_006.parquet,9ad19468572e48220bb28c838a28021c7c59fe2ba1e0a6f46fac39eec329d333,247607,2026-09-24 20:27:31,a05_ttm.py,130243
데이터/입력/ttm/ttm100_2025/ku=11110/chunk_007.parquet,9ad6d1227361a4ecf3d5c431ece634b6a39224db2ea553024cf31c49b12809e8,135361,2026-09-24 20:27:31,a05_ttm.py,68498
데이터/입력/ttm/ttm100_2025/ku=11120/chunk_000.parquet,dda269622fc5dd000b71e619f67deb719a2d8a5f487648707f54745dde324e6c,226919,2026-09-24 20:27:32,a05_ttm.py,101221
데이터/입력/ttm/ttm100_2025/ku=11120/chunk_001.parquet,2f457d216457a6cca875488807eeaa8fd98f1da8435ef392772a72ef95c71d0b,275979,2026-09-24 20:27:32,a05_ttm.py,128209
데이터/입력/ttm/ttm100_2025/ku=11120/chunk_002.parquet,30f2464ae6753a03c0616d4d7eaa560e7d8db2d7cb2f886e5aa7beeb0e31d108,290220,2026-09-24 20:27:33,a05_ttm.py,144640
데이터/입력/ttm/ttm100_2025/ku=11120/chunk_003.parquet,c9b34ad64b00c77b1ec7083b8e9c7e988047b9052d68138c88bdd6a714814358,275985,2026-09-24 20:27:33,a05_ttm.py,144298
데이터/입력/ttm/ttm100_2025/ku=11120/chunk_004.parquet,0649d97a6d6f48769a0907ec0c1e103a1298b70cd435be916ea68ccd7e84f57c,272259,2026-09-24 20:27:34,a05_ttm.py,141354
데이터/입력/ttm/ttm100_2025/ku=11120/chunk_005.parquet,bf2bd04e34590d1ab05c7546c47a369f05e99ab5bcdcec2882025cc16155935e,268672,2026-09-24 20:27:34,a05_ttm.py,141465
데이터/입력/ttm/ttm100_2025/ku=11120/chunk_006.parquet,84e01db3361291d312749ddafdda7777ae3f408c25afd0ab2d4b3189dd8146f2,271574,2026-09-24 20:27:34,a05_ttm.py,129261
데이터/입력/ttm/ttm100_2025/ku=11120/chunk_007.parquet,5f0f0b2c4590f2bf4c75f3a44122624fd8912635805a5ba3f2d875d09446f320,165251,2026-09-24 20:27:34,a05_ttm.py,82340
데이터/입력/ttm/ttm100_2025/ku=11130/chunk_000.parquet,782781bcb2fecaf911e350296d5654608aeece8249293a536bdee7b0fbe39e84,315996,2026-09-24 20:27:35,a05_ttm.py,146900
데이터/입력/ttm/ttm100_2025/ku=11130/chunk_001.parquet,ef772332ffc4d46dd3a8beda9605e7c4f60ed61f20433c55ffb0890d34f17d41,307094,2026-09-24 20:27:35,a05_ttm.py,154525
데이터/입력/ttm/ttm100_2025/ku=11130/chunk_002.parquet,1201980a874f93d60090c488f3440bd2bc069c1859340e5127771a8381634263,278387,2026-09-24 20:27:36,a05_ttm.py,141049
데이터/입력/ttm/ttm100_2025/ku=11130/chunk_003.parquet,0d8b0ab85cba71206b271fc666d39a5b32d92c574af78e0f484cca96d7d33dab,259413,2026-09-24 20:27:36,a05_ttm.py,131823
데이터/입력/ttm/ttm100_2025/ku=11130/chunk_004.parquet,93de382a7732cdf6333b66155ebdf52e09a5defa2f7daf0524146dee55871b0c,213546,2026-09-24 20:27:37,a05_ttm.py,109340
데이터/입력/ttm/ttm100_2025/ku=11130/chunk_005.parquet,e6b5ba2db808731b099ff8d26be54434594a553e8909abe1076dfdf3dd1ff1c6,246459,2026-09-24 20:27:37,a05_ttm.py,122494
데이터/입력/ttm/ttm100_2025/ku=11130/chunk_006.parquet,d4a09e92553cb59a4f1f8fe7abd12e052f8e8b021e3a8e0f9c2e10ce387f368d,72603,2026-09-24 20:27:37,a05_ttm.py,31244
데이터/입력/ttm/ttm100_2025/ku=11140/chunk_000.parquet,6e4982c06217a7c55bb90c7d3ab15a846633338a57006d6cd810bc6847dff9a4,188773,2026-09-24 20:27:38,a05_ttm.py,85124
데이터/입력/ttm/ttm100_2025/ku=11140/chunk_001.parquet,9b932e8510b7deae35f7e732c717989f9092fe0793ad936700e0b6d3e065f825,296337,2026-09-24 20:27:38,a05_ttm.py,138546
데이터/입력/ttm/ttm100_2025/ku=11140/chunk_002.parquet,69b5e71621cf1ab76c18d76b7e55fd9e16945494668024eba7a6bf996e5d2cc5,325128,2026-09-24 20:27:39,a05_ttm.py,151633
데이터/입력/ttm/ttm100_2025/ku=11140/chunk_003.parquet,2ed448def186b3608b0e64b97fecdac08113687b017f8e7060e94a9bd525454c,345535,2026-09-24 20:27:39,a05_ttm.py,160022
데이터/입력/ttm/ttm100_2025/ku=11140/chunk_004.parquet,58971f7dbd917a93b93a130b852d620c322a5caa9e05dd7beef9c0b0c9e7f191,326133,2026-09-24 20:27:40,a05_ttm.py,150640
데이터/입력/ttm/ttm100_2025/ku=11140/chunk_005.parquet,5bde856a1fd916a69fbca085e193026b68b94cdac4a4f12d3e408fadf1e31815,316105,2026-09-24 20:27:40,a05_ttm.py,144424
데이터/입력/ttm/ttm100_2025/ku=11140/chunk_006.parquet,87d0c3b442d9147a57406061cd9a3fac82f47371aa50e3ef483905bc6f00a9fc,205160,2026-09-24 20:27:40,a05_ttm.py,93712
데이터/입력/ttm/ttm100_2025/ku=11150/chunk_000.parquet,db61650a4f4f90b234449b2f610b16e1f3f2505e3f1027a427b6fc6e46f39240,231000,2026-09-24 20:27:41,a05_ttm.py,107020
데이터/입력/ttm/ttm100_2025/ku=11150/chunk_001.parquet,cc489ca250fb2c8ca9fffd202d57c9599c7d93994caaacab80c66f01a56fbf09,293429,2026-09-24 20:27:41,a05_ttm.py,134596
데이터/입력/ttm/ttm100_2025/ku=11150/chunk_002.parquet,b17b1fc509211c7aec33a30910bded6c88e07ebdf9d3d16ae1235e5221c8b85a,323854,2026-09-24 20:27:41,a05_ttm.py,148702
데이터/입력/ttm/ttm100_2025/ku=11150/chunk_003.parquet,459a21dccac0f4cf9f4d0594b1bd0a5427b7858085c652ffb553e46fa8b835f3,298085,2026-09-24 20:27:42,a05_ttm.py,147507
데이터/입력/ttm/ttm100_2025/ku=11150/chunk_004.parquet,46ab4878a2e91c50d43020e2376ca0410789937230facab8078506e358cf4a1f,276900,2026-09-24 20:27:42,a05_ttm.py,142576
데이터/입력/ttm/ttm100_2025/ku=11150/chunk_005.parquet,7213398d663d6ab8f62f6a9d773b99698410cb72679667441fee4ec148591f76,274858,2026-09-24 20:27:43,a05_ttm.py,139171
데이터/입력/ttm/ttm100_2025/ku=11150/chunk_006.parquet,9fbbbf8e157968c1a380db3784e219a4b752305e90e43e005f8c68f5497a4916,146387,2026-09-24 20:27:43,a05_ttm.py,65895
데이터/입력/ttm/ttm100_2025/ku=11160/chunk_000.parquet,2a282c94bb629fb636378511f496ff1e47ac2f3f7b44b773835822263a0f74aa,234460,2026-09-24 20:27:43,a05_ttm.py,109837
데이터/입력/ttm/ttm100_2025/ku=11160/chunk_001.parquet,f09c0324029f858afe6c884a0d78bcfc2cc116a2612ac74478e21c6392551223,281385,2026-09-24 20:27:43,a05_ttm.py,126667
데이터/입력/ttm/ttm100_2025/ku=11160/chunk_002.parquet,410269a2c24cf5167d6e7a1dc80ebf21737ce97649a17c5f3ef18973f72d96a8,295093,2026-09-24 20:27:44,a05_ttm.py,133894
데이터/입력/ttm/ttm100_2025/ku=11160/chunk_003.parquet,015f152c84e746ea12d67d7cfa04e8ee184a8cac4adf5df1957acfd308e370d5,302054,2026-09-24 20:27:44,a05_ttm.py,148666
데이터/입력/ttm/ttm100_2025/ku=11160/chunk_004.parquet,b4a9fea05b560e5d26ce11f6f3ff1303e15199fa8548635b0c3740fc58bc8473,292050,2026-09-24 20:27:45,a05_ttm.py,146140
데이터/입력/ttm/ttm100_2025/ku=11160/chunk_005.parquet,4c347eaa0842738a156fc0a859c0f534238f1996edea38c460bbbf39d431ccb3,271504,2026-09-24 20:27:45,a05_ttm.py,141338
데이터/입력/ttm/ttm100_2025/ku=11160/chunk_006.parquet,f16a529dcfad098e65850403575de830a6e672339a66053160ac609376fe1bfd,283244,2026-09-24 20:27:46,a05_ttm.py,145611
데이터/입력/ttm/ttm100_2025/ku=11160/chunk_007.parquet,a25361af949ad11584063f0efdc65db0a4f3572fbe92db662ac98fa8ff61a361,270144,2026-09-24 20:27:46,a05_ttm.py,138595
데이터/입력/ttm/ttm100_2025/ku=11160/chunk_008.parquet,e47773615d078c1e8adad7a6119b2a95c70fcee41afb7f7285b3ab500e9472ab,286782,2026-09-24 20:27:46,a05_ttm.py,129998
데이터/입력/ttm/ttm100_2025/ku=11160/chunk_009.parquet,6bef8789a145a5be738ff08dfa4f7bc2e21e7366bc615eb203dfca35848be706,49544,2026-09-24 20:27:46,a05_ttm.py,23873
데이터/입력/ttm/ttm100_2025/ku=11170/chunk_000.parquet,d8badd2b8f6e6dcb491817726ccf56eb5aa54f6fadd7cf9a2b2f1bccdfb79bc5,126224,2026-09-24 20:27:47,a05_ttm.py,63470
데이터/입력/ttm/ttm100_2025/ku=11170/chunk_001.parquet,842f01e208712b48c57641db3b5814fed05b5f41c2be359a5e3c717eaa302cae,211256,2026-09-24 20:27:47,a05_ttm.py,99742
데이터/입력/ttm/ttm100_2025/ku=11170/chunk_002.parquet,28a6e95648d83b4834ab9249df92c60e490be865b2994c0292cfe24c57cba201,244385,2026-09-24 20:27:47,a05_ttm.py,111950
데이터/입력/ttm/ttm100_2025/ku=11170/chunk_003.parquet,e52c384e5982b349abcb7097d65255c80f50f01aa16fe6a3a1c43ed0fbda2d9b,245413,2026-09-24 20:27:48,a05_ttm.py,113950
데이터/입력/ttm/ttm100_2025/ku=11170/chunk_004.parquet,4fdf3cb9bf2ae3431e1352e1ef85842308a8febda0daab15512fe1a925250b7c,237573,2026-09-24 20:27:48,a05_ttm.py,113536
데이터/입력/ttm/ttm100_2025/ku=11170/chunk_005.parquet,611445b4a40b46d022ceed1cf2e6ed0a8be13ae3e332bc32b2d82bfc6d08e199,289535,2026-09-24 20:27:48,a05_ttm.py,130380
데이터/입력/ttm/ttm100_2025/ku=11170/chunk_006.parquet,2348f4c6ba6edbe1e5d6fbe2405722fb9ef5a2843305f2f0eaf4af1c1c4884b6,325672,2026-09-24 20:27:49,a05_ttm.py,147289
데이터/입력/ttm/ttm100_2025/ku=11170/chunk_007.parquet,d168be998fdd25ffab9dfd154cfc2230af9e72e8aadd891e7c909f59c1648a75,35739,2026-09-24 20:27:49,a05_ttm.py,14257
데이터/입력/ttm/ttm100_2025/ku=11180/chunk_000.parquet,24f186f20f9947fba6261b90a5ff66b36f749223055b07de05a2c67c24f4d6b6,203854,2026-09-24 20:27:49,a05_ttm.py,94721
데이터/입력/ttm/ttm100_2025/ku=11180/chunk_001.parquet,da372c0c7dcaa8234b1a7092fed2ba78f8be123a263b08bffefbc88ab8bc0b8e,278222,2026-09-24 20:27:50,a05_ttm.py,127342
데이터/입력/ttm/ttm100_2025/ku=11180/chunk_002.parquet,5cc7cc075b5ed3436543f23ee0ea1de6b3701eda92cdee1affbacf65ec107ead,276356,2026-09-24 20:30:34,a05_ttm.py,125693
데이터/입력/ttm/ttm100_2025/ku=11180/chunk_003.parquet,6d603b974bf4f7a2167390d9393ea858fa109e29af7d626b9441787bda59cfde,293928,2026-09-24 20:30:34,a05_ttm.py,132724
데이터/입력/ttm/ttm100_2025/ku=11180/chunk_004.parquet,9657784edd05acd7da9b12a597a0d24105befcaf0d8198cb819e267efb445322,92929,2026-09-24 20:30:34,a05_ttm.py,41466
데이터/입력/ttm/ttm100_2025/ku=11190/chunk_000.parquet,1aea86ecce5b8c73e2071d89c7646fcfd35c26d444d6cf0d9fe37605fbe423cd,260590,2026-09-24 20:30:35,a05_ttm.py,125511
데이터/입력/ttm/ttm100_2025/ku=11190/chunk_001.parquet,778fe5002c7d87f8a85451e6c75ba13f57c2c4692d94ca5647fda373e4aeba45,278354,2026-09-24 20:30:35,a05_ttm.py,138582
데이터/입력/ttm/ttm100_2025/ku=11190/chunk_002.parquet,4289d88f664afc35f14aec19fb7c312173e5bdeaf043e367174ca90c6b3b822b,278780,2026-09-24 20:30:35,a05_ttm.py,144113
데이터/입력/ttm/ttm100_2025/ku=11190/chunk_003.parquet,8a28209f9c9a4e61a6bdd3af3e5303b6b454f1f7359bfaf8ab6386f052700a5d,276650,2026-09-24 20:30:36,a05_ttm.py,142574
데이터/입력/ttm/ttm100_2025/ku=11190/chunk_004.parquet,b06444f441ab38376637591516013d0a7ec42b56ba9af7e44fdb419a4e5c644b,290082,2026-09-24 20:30:36,a05_ttm.py,152321
데이터/입력/ttm/ttm100_2025/ku=11190/chunk_005.parquet,90e7e89123444d6b66baaa65fb47c76b4537f51f098cf50df6ce48cdcbf4cc61,285543,2026-09-24 20:30:37,a05_ttm.py,149980
데이터/입력/ttm/ttm100_2025/ku=11190/chunk_006.parquet,a0c3e1dbe37fd5c508bf5edd1ea3fdcf78093229a27c2c6f3e5a7067f2ddbba6,281540,2026-09-24 20:30:37,a05_ttm.py,127269
데이터/입력/ttm/ttm100_2025/ku=11190/chunk_007.parquet,e3e2b61e6260fdcdd3760b198171da94825d7d950571dc15bb1f7d61c32803a7,18875,2026-09-24 20:30:37,a05_ttm.py,7483
데이터/입력/ttm/ttm100_2025/ku=11200/chunk_000.parquet,2f3dfa2aacb5c5e09c7b3e835da38ab4937b7d0fa5bcf2793ab1cf6a9fcc6aca,288752,2026-09-24 20:30:37,a05_ttm.py,151006
데이터/입력/ttm/ttm100_2025/ku=11200/chunk_001.parquet,2efb6ab9ffca3ceea38e6dd332fc6b9b4f6253a40f342ee78b038b6f00577c0c,292084,2026-09-24 20:30:38,a05_ttm.py,133556
데이터/입력/ttm/ttm100_2025/ku=11200/chunk_002.parquet,307145537411dbf3891ed9533975f2a22274d888848a2ac4161ee74b26691581,279502,2026-09-24 20:30:38,a05_ttm.py,130654
데이터/입력/ttm/ttm100_2025/ku=11200/chunk_003.parquet,9521d09ca11d8ad9e3fb9ba2aa51245f95dcf73b56d668046a1a37341af3bd00,277374,2026-09-24 20:30:38,a05_ttm.py,126620
데이터/입력/ttm/ttm100_2025/ku=11200/chunk_004.parquet,7cc90aa70f3ef7dec5420e3383f2b3a359fe01eaf22f74282561d5d7773734d4,228087,2026-09-24 20:30:39,a05_ttm.py,114259
데이터/입력/ttm/ttm100_2025/ku=11200/chunk_005.parquet,11af7098ecae2f1f3d39af49bb117bfec826ac2dbea3da5448e9aa3d9d3a25da,245021,2026-09-24 20:30:39,a05_ttm.py,112815
데이터/입력/ttm/ttm100_2025/ku=11210/chunk_000.parquet,ddfb2cc084b13d97c5811037a3ba74cd64004495bd070fa8a90b3078ed334f37,304321,2026-09-24 20:30:40,a05_ttm.py,148683
데이터/입력/ttm/ttm100_2025/ku=11210/chunk_001.parquet,29540ade2de1f31546c46a577acca51596755ec3e3ccdca6dda75775a61bc02c,274777,2026-09-24 20:30:40,a05_ttm.py,128157
데이터/입력/ttm/ttm100_2025/ku=11210/chunk_002.parquet,93ed17856688b18624f25bfccc8e8997daf0c487b6b4637c3b0aa4c7b105cdfc,284120,2026-09-24 20:30:40,a05_ttm.py,134447
데이터/입력/ttm/ttm100_2025/ku=11210/chunk_003.parquet,2eeef6d0da90bd3e7bcedb95ee94966818727e772230946c596c76570a242d5d,304043,2026-09-24 20:30:41,a05_ttm.py,138363
데이터/입력/ttm/ttm100_2025/ku=11210/chunk_004.parquet,659789d562f399176b21dc4f6775cc161b6d9d9b46e683ced7f51a2c7c322fa6,254901,2026-09-24 20:30:41,a05_ttm.py,129458
데이터/입력/ttm/ttm100_2025/ku=11210/chunk_005.parquet,655b72397fa55913cf8221aeb92c11ce0cd6c09e8426309e62a5e8cb1fda7445,264657,2026-09-24 20:30:41,a05_ttm.py,128262
데이터/입력/ttm/ttm100_2025/ku=11210/chunk_006.parquet,e9410ed6fb1d29fcc073ec87b616c25be63835153f8e6abe4c5bd2e73f103dde,267623,2026-09-24 20:30:42,a05_ttm.py,134950
데이터/입력/ttm/ttm100_2025/ku=11220/chunk_000.parquet,337e32b022fb0adb95d6c3c0805a5b334ea36b9b26ecb3c33cfd27d71ec71b7f,304728,2026-09-24 20:30:42,a05_ttm.py,138546
데이터/입력/ttm/ttm100_2025/ku=11220/chunk_001.parquet,84c0d8bffef90a089591a07c994c34bf9897133529d5dad3a04d7f0476287076,287502,2026-09-24 20:30:43,a05_ttm.py,131820
데이터/입력/ttm/ttm100_2025/ku=11220/chunk_002.parquet,e96bc455453274656913d48ff65201e71a60a66b11ac1373e96ab56ea2b1e786,293817,2026-09-24 20:30:43,a05_ttm.py,135282
데이터/입력/ttm/ttm100_2025/ku=11220/chunk_003.parquet,5f0bffe9d2290fb30cd09b1fe7d7c73210673a8e25adf4ecee5e42aa6d3a0cbd,278894,2026-09-24 20:30:44,a05_ttm.py,138403
데이터/입력/ttm/ttm100_2025/ku=11220/chunk_004.parquet,4f98ab7eb13dc9a07d5d984e2a8f894cde997b4335452c6ef9ba42b476a72b7a,266450,2026-09-24 20:30:44,a05_ttm.py,131996
데이터/입력/ttm/ttm100_2025/ku=11220/chunk_005.parquet,f0e6d66fd34aa5432787a1151eb8bb54d42ce7a9b07f1ae4823fc8b87eea089f,262594,2026-09-24 20:30:44,a05_ttm.py,132441
데이터/입력/ttm/ttm100_2025/ku=11220/chunk_006.parquet,0f279b93dd7acc850b63c458bda1eeafbce1996b3f1c4170e327cb16e4e6cfd8,253916,2026-09-24 20:30:44,a05_ttm.py,130266
데이터/입력/ttm/ttm100_2025/ku=11220/chunk_007.parquet,2bff5c5b9ac59335912d6e848be874e0ab034b5edd3e9d78f50be83b92c03956,263853,2026-09-24 20:30:45,a05_ttm.py,134166
데이터/입력/ttm/ttm100_2025/ku=11220/chunk_008.parquet,7c1f563b3ac1cbfb444b55037c23ecf388d76eeccb50348c3881713e6ea3be43,230117,2026-09-24 20:30:45,a05_ttm.py,111894
데이터/입력/ttm/ttm100_2025/ku=11220/chunk_009.parquet,78ec3b2f06849ed90dbd158b9c14db3198ea8805ea5fb366b272c8ba529b695d,100805,2026-09-24 20:30:46,a05_ttm.py,43359
데이터/입력/ttm/ttm100_2025/ku=11230/chunk_000.parquet,76a6933e88e7f3555cc611719463e1e74b7a1ad0b5fad6b37fcafb133ea1097f,324644,2026-09-24 20:30:46,a05_ttm.py,151498
데이터/입력/ttm/ttm100_2025/ku=11230/chunk_001.parquet,24750553df805e0b41bab0032c44aae4ccee037953efcfa0f54aa1bdcb1bed6d,318267,2026-09-24 20:30:46,a05_ttm.py,155083
데이터/입력/ttm/ttm100_2025/ku=11230/chunk_002.parquet,791ff66423aa8cea1f3ef1366b05ea7f4a686930423196932f7d142e93e7a99c,305420,2026-09-24 20:30:47,a05_ttm.py,157508
데이터/입력/ttm/ttm100_2025/ku=11230/chunk_003.parquet,f656a0e2b53132f8f28342ef776180c9c2f585faf33e3d41a5701d486957d34c,295041,2026-09-24 20:30:47,a05_ttm.py,152568
데이터/입력/ttm/ttm100_2025/ku=11230/chunk_004.parquet,f79ad72df70025bf1db7c12a5c6e70f156063af761a9c891e0edab27d0dc3d1e,283499,2026-09-24 20:30:48,a05_ttm.py,147261
데이터/입력/ttm/ttm100_2025/ku=11230/chunk_005.parquet,5e41436fee333e82fa1a0fcb13cab0aef3a51b12cb562abcc7d3ce5158064b50,267148,2026-09-24 20:30:48,a05_ttm.py,136595
데이터/입력/ttm/ttm100_2025/ku=11230/chunk_006.parquet,a33fc526da4ba7a595420851b1f71aa654952763b2b5de7d5f478a1b1d05a9df,269044,2026-09-24 20:30:48,a05_ttm.py,131108
데이터/입력/ttm/ttm100_2025/ku=11230/chunk_007.parquet,3312bdd471f4f9b001c6c0d90e75e83493b19d19a6c422f10e620206b40cc16b,279320,2026-09-24 20:30:48,a05_ttm.py,132771
데이터/입력/ttm/ttm100_2025/ku=11230/chunk_008.parquet,81f596322257c8238aba7f9cb0984b35ad28a6311ec175cb3d03f1beba8f8253,261387,2026-09-24 20:30:49,a05_ttm.py,128125
데이터/입력/ttm/ttm100_2025/ku=11230/chunk_009.parquet,522a936faad4b019f0c3c5c342e50104bfc5b43c9f5892f7830378faa031a164,221411,2026-09-24 20:30:49,a05_ttm.py,114405
데이터/입력/ttm/ttm100_2025/ku=11230/chunk_010.parquet,e623cb946116b14ef2afe6b469603591b6feb6b20d167b25a02f7e9e4bc07295,214601,2026-09-24 20:30:50,a05_ttm.py,100383
데이터/입력/ttm/ttm100_2025/ku=11230/chunk_011.parquet,030ff7a2f1151f0470a5d9b8a4a33103dca05782d0c21bc9e50ff06321d5787a,230145,2026-09-24 20:30:50,a05_ttm.py,103763
데이터/입력/ttm/ttm100_2025/ku=11240/chunk_000.parquet,2e2023b1d6859864ff33526a6ead6122b891b0e6eb59bc94497809090a13967c,264681,2026-09-24 20:30:50,a05_ttm.py,125280
데이터/입력/ttm/ttm100_2025/ku=11240/chunk_001.parquet,c14c5dc04d08c7f1a19d420b530a5dd26bb1fc4dcf608706abf18edf978c2731,264247,2026-09-24 20:30:51,a05_ttm.py,124265
데이터/입력/ttm/ttm100_2025/ku=11240/chunk_002.parquet,ddfa4af037bf1013bbb368455f9606a25d9e99efd288636a1ba261084a72e5cd,277517,2026-09-24 20:30:51,a05_ttm.py,128546
데이터/입력/ttm/ttm100_2025/ku=11240/chunk_003.parquet,c350bbabfd41c28006ce136b6d32fa4c2f3112fbbbfaf4d90387940e033bd332,255874,2026-09-24 20:30:51,a05_ttm.py,132314
데이터/입력/ttm/ttm100_2025/ku=11240/chunk_004.parquet,7be9e2dcf464c62c83a2a52534a063a2b2469af094064a1ccf3b37063683635e,265632,2026-09-24 20:30:52,a05_ttm.py,138151
데이터/입력/ttm/ttm100_2025/ku=11240/chunk_005.parquet,d6fdc8c995a4fe73fc852537b121f09698367f7c01a3bec8dfe9efc140e891b2,277714,2026-09-24 20:30:52,a05_ttm.py,145295
데이터/입력/ttm/ttm100_2025/ku=11240/chunk_006.parquet,ff38ec00cdaa7cb1e1d83a2434921e56276cd8a43ea490eda7a127fff251850b,290929,2026-09-24 20:30:53,a05_ttm.py,142730
데이터/입력/ttm/ttm100_2025/ku=11240/chunk_007.parquet,ce2e5ee310f0eff3809cf92d0dbb5ce5d7bff83a9dd810d8a16d5dd97bd87453,267813,2026-09-24 20:30:53,a05_ttm.py,131933
데이터/입력/ttm/ttm100_2025/ku=11240/chunk_008.parquet,d387c6e0e976268284f86dbea156fb4b8b0d8437911f5f036ad6a9ed2bedb6ae,248301,2026-09-24 20:30:54,a05_ttm.py,115031
데이터/입력/ttm/ttm100_2025/ku=11240/chunk_009.parquet,3135961a8be79ed92bacfe5fe5c06400bde051b121eda3d2ed235f68e63b5e46,151798,2026-09-24 20:30:54,a05_ttm.py,84123
데이터/입력/ttm/ttm100_2025/ku=11250/chunk_000.parquet,677ef9e11b156a6b4f8a1bf204ed41b17fc61307cbd1f56dd6102a071e5edcdd,330276,2026-09-24 20:30:54,a05_ttm.py,151512
데이터/입력/ttm/ttm100_2025/ku=11250/chunk_001.parquet,558c5954c5b45032e4f30be1d191a20a1ca4ed5a078696c59ea6e1e4b4e66842,330434,2026-09-24 20:30:55,a05_ttm.py,152525
데이터/입력/ttm/ttm100_2025/ku=11250/chunk_002.parquet,2a7c7ab6f7d0bbd66d0a92c0808f01f6467ce4d7a52192bcf24ae38257c6ccfd,325802,2026-09-24 20:30:55,a05_ttm.py,149805
데이터/입력/ttm/ttm100_2025/ku=11250/chunk_003.parquet,d10e9c698f235bb9f5fe1922f5a1fc327f5900fa7f4daedd12ced657a5d7f6ab,320713,2026-09-24 20:30:55,a05_ttm.py,148421
데이터/입력/ttm/ttm100_2025/ku=11250/chunk_004.parquet,424ee725513db51b5557dad3b37ad07490dc50f374a5c2f9520dc415d5d622a8,290749,2026-09-24 20:30:56,a05_ttm.py,136464
데이터/입력/ttm/ttm100_2025/ku=11250/chunk_005.parquet,3056dc3dd6c40fd5a573a344c3311a6396a20cbf0c8f30c97943a618d928a0ba,250632,2026-09-24 20:30:56,a05_ttm.py,116169
데이터/입력/ttm/ttm100_2025/ku=11250/chunk_006.parquet,00f365e496c76f6d29d95c3b82127796f5bc70f897b956cc855c181d38c6f2b8,173744,2026-09-24 20:30:57,a05_ttm.py,87265
데이터/입력/ttm/ttm100_2025/ku=11250/chunk_007.parquet,a0afd8d3cddc51caa4ba18e7d7182c5b3bc9fb58eec39dbd85690c1499ebc691,31621,2026-09-24 20:30:56,a05_ttm.py,14777
데이터/입력/ttm/ttm100_2025_for2020/_meta.json,88d90f8b7864429f058729f15a7ecb80d70ceba248be2ff24bd1c5338625e953,135,2026-09-25 13:13:27,a05c_ttm_supplement.py,
데이터/입력/ttm/ttm100_2025_for2020/_stats/ku=11010_chunk_000.parquet,868d20189bc3054072cae33d86da4abcdd75d7476c670986fdc92cb55a365df5,3478,2026-09-25 00:15:06,a05c_ttm_supplement.py,9
데이터/입력/ttm/ttm100_2025_for2020/_stats/ku=11020_chunk_000.parquet,1ce399375b87204d89ef5234200d095ccae4a9f2cc2ecc0168ffa6ddd21d7d4e,3387,2026-09-25 00:15:06,a05c_ttm_supplement.py,4
데이터/입력/ttm/ttm100_2025_for2020/_stats/ku=11030_chunk_000.parquet,ce23731c41bf4319fc2a7be0ae437d75ae663e78dd913cdeea61a7145072f079,3489,2026-09-25 00:15:06,a05c_ttm_supplement.py,9
데이터/입력/ttm/ttm100_2025_for2020/_stats/ku=11040_chunk_000.parquet,f803d051d077b425b42913ee63056e528b627af2c492eafff81e8651377893b3,3522,2026-09-25 00:15:06,a05c_ttm_supplement.py,12
데이터/입력/ttm/ttm100_2025_for2020/_stats/ku=11050_chunk_000.parquet,cb8834b38254b020aa38d39268093048eda980510a10ab6837f1a1dbe7087a5c,3335,2026-09-25 00:15:06,a05c_ttm_supplement.py,1
데이터/입력/ttm/ttm100_2025_for2020/_stats/ku=11060_chunk_000.parquet,d48083285ae7cabff169f13b5ff57ed1b3abb74c92b48d4009113f7f58f13abf,3800,2026-09-25 00:15:06,a05c_ttm_supplement.py,31
데이터/입력/ttm/ttm100_2025_for2020/_stats/ku=11070_chunk_000.parquet,a4fbe0edafad876679c47f3db7d44138e79f5c3ec2988eb201517b8a3215e47f,3516,2026-09-25 00:15:07,a05c_ttm_supplement.py,11
데이터/입력/ttm/ttm100_2025_for2020/_stats/ku=11080_chunk_000.parquet,3d6d70cdb07abdf754893e6ff92e39b85ff49bf30119381eee38f9968a391b7a,4169,2026-09-25 00:15:07,a05c_ttm_supplement.py,52
데이터/입력/ttm/ttm100_2025_for2020/_stats/ku=11090_chunk_000.parquet,2003cb8ceeb484e5f8f061bf00dbe4a74bb932a1c3dbfb8618a3a46eb50aceaf,3420,2026-09-25 00:15:07,a05c_ttm_supplement.py,6
데이터/입력/ttm/ttm100_2025_for2020/_stats/ku=11100_chunk_000.parquet,4254e13026a2a86946322be9d9ec03b94ec0cba2e5d988c060be9a4597eb7735,3548,2026-09-25 00:15:07,a05c_ttm_supplement.py,13
데이터/입력/ttm/ttm100_2025_for2020/_stats/ku=11110_chunk_000.parquet,1dd6293e40b513dddbd8d2ef7ca463ce35e7db7a5a3a22f91ba08c42ac6ac984,3690,2026-09-25 00:15:07,a05c_ttm_supplement.py,21
데이터/입력/ttm/ttm100_2025_for2020/_stats/ku=11120_chunk_000.parquet,599609b3ddabda5643fafc4ae0845fb0955a698650aa0175257eb6ae035b49be,3869,2026-09-25 00:15:07,a05c_ttm_supplement.py,33
데이터/입력/ttm/ttm100_2025_for2020/_stats/ku=11130_chunk_000.parquet,15b1b945b074d733163eb76679455fcd9b7e837386fb5a52a206be6a6c89599e,3539,2026-09-25 00:15:07,a05c_ttm_supplement.py,13
데이터/입력/ttm/ttm100_2025_for2020/_stats/ku=11140_chunk_000.parquet,7dc390695a35aa566933c5f1d4f8ae28c9de73947608f02bc4e90596d06de00c,3399,2026-09-25 00:15:07,a05c_ttm_supplement.py,5
데이터/입력/ttm/ttm100_2025_for2020/_stats/ku=11150_chunk_000.parquet,77a3b9fab798fc7881b5b8552980f2841c6a0a03bf40440cb9302a4ec65b06b8,3400,2026-09-25 00:15:07,a05c_ttm_supplement.py,5
데이터/입력/ttm/ttm100_2025_for2020/_stats/ku=11160_chunk_000.parquet,69a8b92cdd022238ea2d78d5f8379f23567036e323ddac43a8993ae203c91494,3648,2026-09-25 00:15:07,a05c_ttm_supplement.py,19
데이터/입력/ttm/ttm100_2025_for2020/_stats/ku=11170_chunk_000.parquet,92179de23a330874c4460c4da5ee86d22370a4cafa9c46f588c8f8f74a992d09,3647,2026-09-25 00:15:07,a05c_ttm_supplement.py,18
데이터/입력/ttm/ttm100_2025_for2020/_stats/ku=11180_chunk_000.parquet,764f44692772a3156b167593e2a215ae6e458c6543cb335468b9a1e29c76a32e,3439,2026-09-25 00:15:07,a05c_ttm_supplement.py,7
데이터/입력/ttm/ttm100_2025_for2020/_stats/ku=11190_chunk_000.parquet,ced455f074d9dec8bb0c4507ee24677f44ef41d173b3730846378eaa100d4362,3404,2026-09-25 00:15:07,a05c_ttm_supplement.py,5
데이터/입력/ttm/ttm100_2025_for2020/_stats/ku=11200_chunk_000.parquet,8ac352e75625611b06c9ecc5bf73a2a8daf1d85b394c4118facc87f003e93c12,3866,2026-09-25 00:15:07,a05c_ttm_supplement.py,36
데이터/입력/ttm/ttm100_2025_for2020/_stats/ku=11210_chunk_000.parquet,bcdae0aae38fb20c759f48fb19aa78cfcf7f9808af88df1186684d7fb51d9c2a,3761,2026-09-25 00:15:07,a05c_ttm_supplement.py,27
데이터/입력/ttm/ttm100_2025_for2020/_stats/ku=11220_chunk_000.parquet,7cccd2ba8e7002140aa2d8d337f2ecabcbbbceaa3d4c2a874a010d54d1644aae,4924,2026-09-25 00:15:07,a05c_ttm_supplement.py,110
데이터/입력/ttm/ttm100_2025_for2020/_stats/ku=11230_chunk_000.parquet,dae601884a97c3206b7b80bbeb983806a0be8f062bb514e49d661e415e961f60,3548,2026-09-25 00:15:07,a05c_ttm_supplement.py,14
데이터/입력/ttm/ttm100_2025_for2020/_stats/ku=11240_chunk_000.parquet,669d9fc40cdac0e0a5d844f00447c137b459648a6ef6dcf5bf5b5e4607a2919a,3520,2026-09-25 00:15:07,a05c_ttm_supplement.py,11
데이터/입력/ttm/ttm100_2025_for2020/_stats/ku=11250_chunk_000.parquet,5a37e05517279f96f9bc8407c0abb13e1e53f727d4c285ac22a8a00faafe451a,3676,2026-09-25 00:15:08,a05c_ttm_supplement.py,21
데이터/입력/ttm/ttm100_2025_for2020/ku=11010/chunk_000.parquet,755ed9dc4678fea64f0200b382ba66824516b0e3802a3e286d787c093c6a76b6,22068,2026-09-25 00:15:06,a05c_ttm_supplement.py,5696
데이터/입력/ttm/ttm100_2025_for2020/ku=11020/chunk_000.parquet,ffc210cd6b4bdf0763803e98c1a1c1793349dd9c4b9d72ca2ffa1362b4300b8b,12821,2026-09-25 00:15:06,a05c_ttm_supplement.py,2849
데이터/입력/ttm/ttm100_2025_for2020/ku=11030/chunk_000.parquet,ccbd30f11098abd46e27ce13e7d4fc9da8ed26d06213987882caf341b45c5a74,17093,2026-09-25 00:15:06,a05c_ttm_supplement.py,4213
데이터/입력/ttm/ttm100_2025_for2020/ku=11040/chunk_000.parquet,3c65e99e7131f891c158d318bc987aa72b3f7cb86f4c267387fc215328f2958b,25233,2026-09-25 00:15:06,a05c_ttm_supplement.py,7282
데이터/입력/ttm/ttm100_2025_for2020/ku=11050/chunk_000.parquet,a8895e985e0c61944f7e37238e190d8824381b95139045136eeb0a31091b5276,4424,2026-09-25 00:15:06,a05c_ttm_supplement.py,726
데이터/입력/ttm/ttm100_2025_for2020/ku=11060/chunk_000.parquet,414e2ece7050f5f87c851473d4eb2be08a014c9061e541d172ca8488bc4d4d85,47465,2026-09-25 00:15:06,a05c_ttm_supplement.py,18885
데이터/입력/ttm/ttm100_2025_for2020/ku=11070/chunk_000.parquet,ed726288240484cd12788f7903a8b58d1b9d0e71ad327fca9fcaf809df202991,20513,2026-09-25 00:15:07,a05c_ttm_supplement.py,5931
데이터/입력/ttm/ttm100_2025_for2020/ku=11080/chunk_000.parquet,f6bcc45231f54ec840a9547fe1960a90f162618a59c3fbb867969bbcc5f787dc,88902,2026-09-25 00:15:07,a05c_ttm_supplement.py,30656
데이터/입력/ttm/ttm100_2025_for2020/ku=11090/chunk_000.parquet,d63235cb270372280abfe4fb4f2bc72fd63ff91ff59be9b24dcac5ad133aec03,12710,2026-09-25 00:15:07,a05c_ttm_supplement.py,2834
데이터/입력/ttm/ttm100_2025_for2020/ku=11100/chunk_000.parquet,0792948eae5ffa795665ebecb692874798b139d9a83f9fd6b2872fddd21602fc,24281,2026-09-25 00:15:07,a05c_ttm_supplement.py,7472
데이터/입력/ttm/ttm100_2025_for2020/ku=11110/chunk_000.parquet,19a7faded9f06f15035ebe8344fab48a25492412b618c5051894e6c39afa74f7,35494,2026-09-25 00:15:07,a05c_ttm_supplement.py,11381
데이터/입력/ttm/ttm100_2025_for2020/ku=11120/chunk_000.parquet,19f0df2f1ddada627a891308102ebc180932f26251de43ceb41c9917930c96f7,44122,2026-09-25 00:15:07,a05c_ttm_supplement.py,16920
데이터/입력/ttm/ttm100_2025_for2020/ku=11130/chunk_000.parquet,c951240202f7a66d331f3cd347cd3b3a91a59d04a924ba5a90236b45e00203ff,24378,2026-09-25 00:15:07,a05c_ttm_supplement.py,7878
데이터/입력/ttm/ttm100_2025_for2020/ku=11140/chunk_000.parquet,8041dc49b70f2c10d00bc17890a6b54a764f7937ca68b8ee853edc90d3414024,13165,2026-09-25 00:15:07,a05c_ttm_supplement.py,3096
데이터/입력/ttm/ttm100_2025_for2020/ku=11150/chunk_000.parquet,91118012930d8cbee7d3a44bb14d8c35cc34e175f3ba0304750fe0d3cd4ddae1,12228,2026-09-25 00:15:07,a05c_ttm_supplement.py,2660
데이터/입력/ttm/ttm100_2025_for2020/ku=11160/chunk_000.parquet,d2b8dd9bd4625c5b3d0998153bad9b50cc6180a8fa6b9902b3f903a20c314c5c,31329,2026-09-25 00:15:07,a05c_ttm_supplement.py,10003
데이터/입력/ttm/ttm100_2025_for2020/ku=11170/chunk_000.parquet,847bfca95cac2f303b76682a69a8253f65b9b673b474f2743090ed69e88e9b16,27003,2026-09-25 00:15:07,a05c_ttm_supplement.py,8296
데이터/입력/ttm/ttm100_2025_for2020/ku=11180/chunk_000.parquet,674c0fbb6746ce4c18976d3dc66531fb88859cc1b0c93b248287ff9aae102fd5,15713,2026-09-25 00:15:07,a05c_ttm_supplement.py,3604
데이터/입력/ttm/ttm100_2025_for2020/ku=11190/chunk_000.parquet,ef2521a07123e988d72ba1ab32215bbdaab156aa287720e19d220342941063f1,14162,2026-09-25 00:15:07,a05c_ttm_supplement.py,3223
데이터/입력/ttm/ttm100_2025_for2020/ku=11200/chunk_000.parquet,b004b0cc835b4e91567a87e663e6af32544c9c828c3ca5d239ba2247762a7875,47246,2026-09-25 00:15:07,a05c_ttm_supplement.py,19465
데이터/입력/ttm/ttm100_2025_for2020/ku=11210/chunk_000.parquet,19252beb2e3539bb4bcb4d122d4cdc03aa5347e60dace593d29ceb3938923391,35143,2026-09-25 00:15:07,a05c_ttm_supplement.py,12564
데이터/입력/ttm/ttm100_2025_for2020/ku=11220/chunk_000.parquet,28ff64bf77487e3b1912df22e8db571d168bdde28306581b65a6472eadae5221,167837,2026-09-25 00:15:07,a05c_ttm_supplement.py,64881
데이터/입력/ttm/ttm100_2025_for2020/ku=11230/chunk_000.parquet,76600d2e3bc10d61ac9681edf02f69feccc201de776c97f78b895a97823991ce,22475,2026-09-25 00:15:07,a05c_ttm_supplement.py,6690
데이터/입력/ttm/ttm100_2025_for2020/ku=11240/chunk_000.parquet,aa0dc01e623fd4fab30009020fefadd6dd3250a1af10cc13e8e734aaa8a8a756,24133,2026-09-25 00:15:07,a05c_ttm_supplement.py,7191
데이터/입력/ttm/ttm100_2025_for2020/ku=11250/chunk_000.parquet,f30565a4ff6170b8138f79d8f5e7a45fac863f5cb43ff02044d6cc3d7e25813f,32355,2026-09-25 00:15:08,a05c_ttm_supplement.py,12375
데이터/입력/ttm/ttm100_2025_for2020_summary.json,b732353dd08484abe98d21393dfe39b6aaf355da7c5b9e60873c88878ab3a532,526,2026-09-25 13:13:27,a05c_ttm_supplement.py,
데이터/입력/ttm/ttm100_2025_origin_stats.parquet,2ae7d9dc7260d8b14b86d471245bf3e5e1f2bb550e0a4536a427ea557e3cc6ea,507459,2026-09-24 20:37:58,a05_ttm.py,34227
데이터/입력/ttm/ttm100_2025_summary.json,ee79cfc17fcb3e07ff6584c7f4a4150ef5ce2f9e22ac9903b1df170f890771e2,1781,2026-09-24 20:38:00,a05_ttm.py,
데이터/입력/ttm/ttm250_2020/_meta.json,6153145e0c101296f90b97087df2e0383d6152465dae890d486271b3f2e8274e,73,2026-09-24 20:32:26,a05_ttm.py,
데이터/입력/ttm/ttm250_2020/_stats/ku=11010_chunk_000.parquet,b34e08f7e29439de7d13ace144a9c7203109242509d8e8a2663be8cf794548d1,5287,2026-09-24 20:32:28,a05_ttm.py,200
데이터/입력/ttm/ttm250_2020/_stats/ku=11010_chunk_001.parquet,541c2442057aa51ae5067d680a78059b90a15014ec123411d22dfcbc6be60c17,4202,2026-09-24 20:32:27,a05_ttm.py,77
데이터/입력/ttm/ttm250_2020/_stats/ku=11020_chunk_000.parquet,8df5dd88213a9dbfa731eb5658f2d936d001d994568910fd6c054cdb40a70d9f,4852,2026-09-24 20:32:28,a05_ttm.py,154
데이터/입력/ttm/ttm250_2020/_stats/ku=11030_chunk_000.parquet,314f81f85960bfda6e11e9ac17819acd918df49dd4130523616e464753e61335,5232,2026-09-24 20:32:28,a05_ttm.py,200
데이터/입력/ttm/ttm250_2020/_stats/ku=11030_chunk_001.parquet,8c0d6be30252dbe8471f4acf3242fc433873aa7fd8803cf67c5f00b7574476d6,3812,2026-09-24 20:32:28,a05_ttm.py,38
데이터/입력/ttm/ttm250_2020/_stats/ku=11040_chunk_000.parquet,2407f28b8b448f8f6ceb79963e478d0cba76d9259d85116a876f272c4cfee4c7,5241,2026-09-24 20:32:28,a05_ttm.py,200
데이터/입력/ttm/ttm250_2020/_stats/ku=11040_chunk_001.parquet,6482fc5e5c2c35c2c7c091142031d74a9de5602e367360b7e37ff8f14df73863,3698,2026-09-24 20:32:28,a05_ttm.py,26
데이터/입력/ttm/ttm250_2020/_stats/ku=11050_chunk_000.parquet,fc8e66f4244cfd3b5c8cbce5b453a5dcc431683044bf9545069bfb9f3f3e1089,5177,2026-09-24 20:32:28,a05_ttm.py,200
데이터/입력/ttm/ttm250_2020/_stats/ku=11050_chunk_001.parquet,3bc855e123fdb11339615822e9dac72cf87567b03664abad4ffc3641f10d7d93,3653,2026-09-24 20:32:28,a05_ttm.py,24
데이터/입력/ttm/ttm250_2020/_stats/ku=11060_chunk_000.parquet,7381a6baaa15653eb50918df0b655af1e865363cadcce2c116bc188796758ae6,5087,2026-09-24 20:32:29,a05_ttm.py,200
데이터/입력/ttm/ttm250_2020/_stats/ku=11060_chunk_001.parquet,5a9115c33fa3921a10c7da242cc92b3cc72d5b95caa086fefb9add79923a3474,3586,2026-09-24 20:32:29,a05_ttm.py,18
데이터/입력/ttm/ttm250_2020/_stats/ku=11070_chunk_000.parquet,6b40dd29f2b868b993bbb1b8adc86d01d06e339decc043f2d3edbc0e81c3c1f2,5112,2026-09-24 20:32:29,a05_ttm.py,200
데이터/입력/ttm/ttm250_2020/_stats/ku=11070_chunk_001.parquet,18444e97c44c193c0e4c3c092169ea9a80627f56e8cb238fb755ae2ffb4d3b6d,3955,2026-09-24 20:32:29,a05_ttm.py,52
데이터/입력/ttm/ttm250_2020/_stats/ku=11080_chunk_000.parquet,944f4c98bae2e5761e9c5e6ac56c26f483aa12a7f2fe200d57f57899b45c2a28,5247,2026-09-24 20:32:29,a05_ttm.py,200
데이터/입력/ttm/ttm250_2020/_stats/ku=11080_chunk_001.parquet,9cf4b36191991d0af672a0685dba68f54c78d1cd511cb623ffee5769e838a078,4690,2026-09-24 20:32:29,a05_ttm.py,133
데이터/입력/ttm/ttm250_2020/_stats/ku=11090_chunk_000.parquet,d167fc0d7bae788f27e59f08201ffb1c129f3aaca437d21fb8e9a81f4003a142,5279,2026-09-24 20:32:30,a05_ttm.py,200
데이터/입력/ttm/ttm250_2020/_stats/ku=11090_chunk_001.parquet,a6fb1e48ada8be49efd2916c879d333d8d2330693c5a68203d8a8c10cf72eb52,3670,2026-09-24 20:32:30,a05_ttm.py,25
데이터/입력/ttm/ttm250_2020/_stats/ku=11100_chunk_000.parquet,865c7009db96de6ed264fd6918a8a1c9a4cc7de29772e55709f25e564be1bc3c,5289,2026-09-24 20:32:30,a05_ttm.py,200
데이터/입력/ttm/ttm250_2020/_stats/ku=11100_chunk_001.parquet,831d3759beacb9f717a4e5634a9ca07917dcca2051c75cec6f64deaab7d6ea42,3777,2026-09-24 20:32:30,a05_ttm.py,37
데이터/입력/ttm/ttm250_2020/_stats/ku=11110_chunk_000.parquet,c9853b839712062f2a351156f80ad460178855eaa97e68ea5b42e86ef067c980,5240,2026-09-24 20:32:30,a05_ttm.py,200
데이터/입력/ttm/ttm250_2020/_stats/ku=11110_chunk_001.parquet,083235fcafa07eeb380cae595c3ffcec26510b411d313847216e08df39f85680,5123,2026-09-24 20:32:30,a05_ttm.py,175
데이터/입력/ttm/ttm250_2020/_stats/ku=11120_chunk_000.parquet,83fec5266c16b5afb313156dd9ec34741e5dc3b1b8845b00345ec06c5b8f14b0,5281,2026-09-24 20:32:31,a05_ttm.py,200
데이터/입력/ttm/ttm250_2020/_stats/ku=11120_chunk_001.parquet,888fa268a92b2e7f8c3bfc39d5b5eace25bc3e90fcd0438e24e0dd66c32df49d,4992,2026-09-24 20:32:31,a05_ttm.py,158
데이터/입력/ttm/ttm250_2020/_stats/ku=11130_chunk_000.parquet,5ff43871fbc0f309460c013e656da9ef0ea99a802f25e48afa81b0aa1bd41a49,5231,2026-09-24 20:32:31,a05_ttm.py,200
데이터/입력/ttm/ttm250_2020/_stats/ku=11130_chunk_001.parquet,28ae2572f68ae652d441d37e1b391b673dd56022dc1e6b06cb1f612552ffcb95,4075,2026-09-24 20:32:31,a05_ttm.py,60
데이터/입력/ttm/ttm250_2020/_stats/ku=11140_chunk_000.parquet,fa97fca1db98e19fbb3ba5944ada39b8d290ce68fcb6a6bae40f5f974e804846,5293,2026-09-24 20:32:31,a05_ttm.py,200
데이터/입력/ttm/ttm250_2020/_stats/ku=11140_chunk_001.parquet,3e866b718e0d017b49469e3c54460a215b5a0e81fefbf15648f81aaedf785cf5,4043,2026-09-24 20:32:31,a05_ttm.py,64
데이터/입력/ttm/ttm250_2020/_stats/ku=11150_chunk_000.parquet,7babbee35e0054c4367eb4983beaba2b067c3d0a407dca1d7f000cf408fd5f8e,5245,2026-09-24 20:32:32,a05_ttm.py,200
데이터/입력/ttm/ttm250_2020/_stats/ku=11150_chunk_001.parquet,6eaf80c7273b12236e969d44cd0f220137ca80a95daf73f235c6f68478191604,4124,2026-09-24 20:32:32,a05_ttm.py,70
데이터/입력/ttm/ttm250_2020/_stats/ku=11160_chunk_000.parquet,a3dbadd7a58f4dbff633d87b7365f782a82a54a5abca81b1fdf9174b81b4db2a,5358,2026-09-24 20:32:32,a05_ttm.py,200
데이터/입력/ttm/ttm250_2020/_stats/ku=11160_chunk_001.parquet,0dff8d60768eb5114d3e0f63553619211a67a68b1d02e572172797c08ed417c0,5146,2026-09-24 20:32:32,a05_ttm.py,200
데이터/입력/ttm/ttm250_2020/_stats/ku=11160_chunk_002.parquet,319769de765116129707274c027369d5f081d882c2a0c4b38163036e5792d14d,3678,2026-09-24 20:32:32,a05_ttm.py,27
데이터/입력/ttm/ttm250_2020/_stats/ku=11170_chunk_000.parquet,99181c0daf76cf8b6f640e13e1adb557f7c5b5819d8a3df6bd3ec2ed4b8bcb14,5260,2026-09-24 20:32:32,a05_ttm.py,200
데이터/입력/ttm/ttm250_2020/_stats/ku=11170_chunk_001.parquet,aa33bd808af568cae10f6de13602def521e1b9234a20404b257f3b62a9572f45,4514,2026-09-24 20:32:32,a05_ttm.py,110
데이터/입력/ttm/ttm250_2020/_stats/ku=11180_chunk_000.parquet,ec7e3009a5433ffba05424ecee30cd4c7989223db6c5a30ce3aeb0d74f89a56c,5342,2026-09-24 20:32:33,a05_ttm.py,198
데이터/입력/ttm/ttm250_2020/_stats/ku=11190_chunk_000.parquet,7c50091ed3af197ba9d9124b987fcd12ca9c45f11f59260a4027330568d52a42,5183,2026-09-24 20:32:33,a05_ttm.py,200
데이터/입력/ttm/ttm250_2020/_stats/ku=11190_chunk_001.parquet,fdb68e58ce126358c3eab34e90a7e31c3f66552cccfa44fcfa6159e3e913b355,4384,2026-09-24 20:32:33,a05_ttm.py,91
데이터/입력/ttm/ttm250_2020/_stats/ku=11200_chunk_000.parquet,16b595d664ea16ff6e07189fd85a6c16a39152e3139123e3a0e7d703b2fc6047,5277,2026-09-24 20:32:33,a05_ttm.py,200
데이터/입력/ttm/ttm250_2020/_stats/ku=11200_chunk_001.parquet,5d7c38b6688dc1445a6b317d8bed3b864b7df2c0beb636b14c57de5302e74ebd,3851,2026-09-24 20:32:33,a05_ttm.py,40
데이터/입력/ttm/ttm250_2020/_stats/ku=11210_chunk_000.parquet,8882dec47b305decd8199d7bbf74e45fb7721f8e07da73a3b62d76f1cb425591,5213,2026-09-24 20:32:33,a05_ttm.py,200
데이터/입력/ttm/ttm250_2020/_stats/ku=11210_chunk_001.parquet,0dbe4997059a95f10965735b7c5275b283b71283b4ed4c1b71ad1df10f6167cc,4417,2026-09-24 20:32:33,a05_ttm.py,100
데이터/입력/ttm/ttm250_2020/_stats/ku=11220_chunk_000.parquet,8e659031487118fff938302c2bb72d59636911137330a18fd199f6ff28755627,5289,2026-09-24 20:32:34,a05_ttm.py,200
데이터/입력/ttm/ttm250_2020/_stats/ku=11220_chunk_001.parquet,68278bd2f02c4c6eb2a4f2c1611b4a6a018afce9b930ef058cf48d2c3c82c37e,5270,2026-09-24 20:32:34,a05_ttm.py,200
데이터/입력/ttm/ttm250_2020/_stats/ku=11220_chunk_002.parquet,ac970590c668d2667c2af73e44accbcd182135d7e180991bf4c7d312d721c0cd,4488,2026-09-24 20:32:34,a05_ttm.py,107
데이터/입력/ttm/ttm250_2020/_stats/ku=11230_chunk_000.parquet,1be3c5af2531c118fdb2574a391df09e5fdaa77089fc07555031c06741aa22d6,5101,2026-09-24 20:32:34,a05_ttm.py,200
데이터/입력/ttm/ttm250_2020/_stats/ku=11230_chunk_001.parquet,4f35ca2cded3b2bdf8411d3eb5ab1608fd9c6b56d1bf259a543afba16dfcbd8c,5225,2026-09-24 20:32:34,a05_ttm.py,200
데이터/입력/ttm/ttm250_2020/_stats/ku=11230_chunk_002.parquet,49d3e2e169c9c50f6ebe454da0a9449011ae06e245d10aa1a36dfbcf023a3bc8,4595,2026-09-24 20:32:34,a05_ttm.py,120
데이터/입력/ttm/ttm250_2020/_stats/ku=11240_chunk_000.parquet,39a4e7e9868fa01987054fb7b1bb1f5d740c4faee081647d5460ac7846eebe49,5217,2026-09-24 20:32:35,a05_ttm.py,200
데이터/입력/ttm/ttm250_2020/_stats/ku=11240_chunk_001.parquet,4b4b173989aa280fbbc41ff044565d43f28cacec4c594587c18d340bfe6f48df,5223,2026-09-24 20:32:35,a05_ttm.py,200
데이터/입력/ttm/ttm250_2020/_stats/ku=11240_chunk_002.parquet,c00b918082e593f0db0c2745ea6c7e3f5a2522ef30aee2adf264b8baddfa9ee1,4040,2026-09-24 20:32:35,a05_ttm.py,58
데이터/입력/ttm/ttm250_2020/_stats/ku=11250_chunk_000.parquet,6ed523e3312d007a15acfe5f024eba621128ac3a34b667ca629400143e54ad86,5214,2026-09-24 20:32:35,a05_ttm.py,200
데이터/입력/ttm/ttm250_2020/_stats/ku=11250_chunk_001.parquet,c93ae7fd0eeab82c11782d6bfd51ebf10341b4dfa8ab761eb777378d6545f585,4537,2026-09-24 20:32:35,a05_ttm.py,110
데이터/입력/ttm/ttm250_2020/ku=11010/chunk_000.parquet,f470286dd6964ed9f97c9f77066ac30b349b44da351b883bf34615e5e3d0253e,39226,2026-09-24 20:32:28,a05_ttm.py,16436
데이터/입력/ttm/ttm250_2020/ku=11010/chunk_001.parquet,d9e6ebb4469ee8436e3e92d08b30334f0ee270a0105cdd5e96c94f91030d074f,22758,2026-09-24 20:32:27,a05_ttm.py,8597
데이터/입력/ttm/ttm250_2020/ku=11020/chunk_000.parquet,3c2f7af0de8c689839b8abf9c40cfaa41abfb18c6ff02a6ef1ba9410e49fa28d,40499,2026-09-24 20:32:28,a05_ttm.py,17880
데이터/입력/ttm/ttm250_2020/ku=11030/chunk_000.parquet,c76a6522a1cea6e8159d3ff102005298bbabd64bf4762b58f8c46190a3880a58,44061,2026-09-24 20:32:28,a05_ttm.py,18940
데이터/입력/ttm/ttm250_2020/ku=11030/chunk_001.parquet,a9ff081bc3d8e1a6b39b64a119e91fac4329ed23d873a07978fc22c2aa691b14,9287,2026-09-24 20:32:28,a05_ttm.py,2958
데이터/입력/ttm/ttm250_2020/ku=11040/chunk_000.parquet,4f523a6d647a101471c2bde019febb16e5f75019fbca5604f99b9d81732af55c,45565,2026-09-24 20:32:28,a05_ttm.py,20011
데이터/입력/ttm/ttm250_2020/ku=11040/chunk_001.parquet,b019feecc2f69169ad41cef59e12e9c9394e4f75e80e6201aa74b1866c4d3010,9328,2026-09-24 20:32:28,a05_ttm.py,2334
데이터/입력/ttm/ttm250_2020/ku=11050/chunk_000.parquet,b8380ddb356d7cacd3aacf29694d63f70b3c2bf78c99dfa06b517ff684ee3ba4,46203,2026-09-24 20:32:28,a05_ttm.py,20588
데이터/입력/ttm/ttm250_2020/ku=11050/chunk_001.parquet,c32ab8ada8e4b9b89a2dc37693305163b652f5cb400ccdfe7a34247f2bd3b863,6586,2026-09-24 20:32:28,a05_ttm.py,1972
데이터/입력/ttm/ttm250_2020/ku=11060/chunk_000.parquet,9b5c135b1afe94304253bc1034e69e3562acba8881266b5a1e435c670dbe0a0e,52363,2026-09-24 20:32:29,a05_ttm.py,23062
데이터/입력/ttm/ttm250_2020/ku=11060/chunk_001.parquet,8138fd989e5cba917de76bb1a8067b7e41e8580c893c649d083fe0980e250871,8339,2026-09-24 20:32:29,a05_ttm.py,2012
데이터/입력/ttm/ttm250_2020/ku=11070/chunk_000.parquet,2a95eba4c08870bb58020a47937ce6782b8c80435c7ffad01e1c9b8c10a70bf8,49593,2026-09-24 20:32:29,a05_ttm.py,21939
데이터/입력/ttm/ttm250_2020/ku=11070/chunk_001.parquet,c644bc16fd9b650c9a012c7e7d5da3b66cb549e8a9048e1d243f4a7a20b2a9ed,9330,2026-09-24 20:32:29,a05_ttm.py,2989
데이터/입력/ttm/ttm250_2020/ku=11080/chunk_000.parquet,67a3bb9e6449f415dbee60a7d6e5e405da81611eeea13f25f19eee394de4fe62,42758,2026-09-24 20:32:29,a05_ttm.py,18260
데이터/입력/ttm/ttm250_2020/ku=11080/chunk_001.parquet,58413fe95c379d50bf582f7f97e758683e528269cb3174b065556163b581a4ab,33236,2026-09-24 20:32:29,a05_ttm.py,14030
데이터/입력/ttm/ttm250_2020/ku=11090/chunk_000.parquet,7e6fd7ba0df8913834b423b7a15c53e7ae7a34ba19d8a04b6a89bff78e836acd,49346,2026-09-24 20:32:30,a05_ttm.py,21659
데이터/입력/ttm/ttm250_2020/ku=11090/chunk_001.parquet,821a9d4822ef525f58a468e73940d5b9527ca184e8f844c3be9267381c74180c,9861,2026-09-24 20:32:29,a05_ttm.py,2614
데이터/입력/ttm/ttm250_2020/ku=11100/chunk_000.parquet,74a67c2c11c97069724334ee29cad161e72a0db83410309cbbc86a4c40e66103,47234,2026-09-24 20:32:30,a05_ttm.py,20665
데이터/입력/ttm/ttm250_2020/ku=11100/chunk_001.parquet,00559966262e328494b84d85b7b5aed51b9a656f562bfd213e06825e7e74ed33,13255,2026-09-24 20:32:30,a05_ttm.py,3877
데이터/입력/ttm/ttm250_2020/ku=11110/chunk_000.parquet,ea2ff674e257540494355951d8b24388371c461f83709fcf6b20fdff3bca14f7,44757,2026-09-24 20:32:30,a05_ttm.py,19021
데이터/입력/ttm/ttm250_2020/ku=11110/chunk_001.parquet,59df5d574e36c229c72ba70cc476a29ecc9ccd1883e05b769f900cf7f34ec71f,33938,2026-09-24 20:32:30,a05_ttm.py,13861
데이터/입력/ttm/ttm250_2020/ku=11120/chunk_000.parquet,288097f5db2275c01a45ebc7046a6a0bd1c72422a2b704131c44528e73729320,44826,2026-09-24 20:32:31,a05_ttm.py,19395
데이터/입력/ttm/ttm250_2020/ku=11120/chunk_001.parquet,5776ce0df4c86508e798621f8b9e0b83aadca20c39cf815c27c7250a8e1b1fbb,32549,2026-09-24 20:32:31,a05_ttm.py,13242
데이터/입력/ttm/ttm250_2020/ku=11130/chunk_000.parquet,1e99370fa02f2096a085cf734011811100c2e4e3032b9f034f5d56b974685faa,46914,2026-09-24 20:32:31,a05_ttm.py,20553
데이터/입력/ttm/ttm250_2020/ku=11130/chunk_001.parquet,82035d04e6c5c9f362142c751c3d0945c3aea6daceed49015e834fc59ffd569d,15763,2026-09-24 20:32:31,a05_ttm.py,4938
데이터/입력/ttm/ttm250_2020/ku=11140/chunk_000.parquet,4747ef44148c77a5f5029e3554e53028950b7690fe688944fc4e6b54cf85800e,44424,2026-09-24 20:32:31,a05_ttm.py,19719
데이터/입력/ttm/ttm250_2020/ku=11140/chunk_001.parquet,36c5ef674fa645fcd682a4376e537b0cc1c2d669e10653b7304f992d12e33364,20362,2026-09-24 20:32:31,a05_ttm.py,7640
데이터/입력/ttm/ttm250_2020/ku=11150/chunk_000.parquet,57764a1105ca7d0b1b0c631df768b802bffc0af0100ffd8053b85bc3633da307,46665,2026-09-24 20:32:32,a05_ttm.py,20296
데이터/입력/ttm/ttm250_2020/ku=11150/chunk_001.parquet,dfaebfbf8646cfe68aef347f444d67096f9828f8e76db6e1c9b17a56ccae0426,18304,2026-09-24 20:32:31,a05_ttm.py,6309
데이터/입력/ttm/ttm250_2020/ku=11160/chunk_000.parquet,e420661b741c808a0ed54f8ae7b3774669f328133d43cebb105bd66a53f50100,43964,2026-09-24 20:32:32,a05_ttm.py,19465
데이터/입력/ttm/ttm250_2020/ku=11160/chunk_001.parquet,d298f25bf287ce88136e6e35b590f3e00cf34d0221e8d826d9b2a1871a5a9ac9,51189,2026-09-24 20:32:32,a05_ttm.py,22796
데이터/입력/ttm/ttm250_2020/ku=11160/chunk_002.parquet,ce52625e9e3c4b9ffbaa157f3802d67150556ea890a66a4dbdc5b8a93ddaa92c,7817,2026-09-24 20:32:32,a05_ttm.py,2573
데이터/입력/ttm/ttm250_2020/ku=11170/chunk_000.parquet,c5e2c13914998a68535c07d7d95ce46011817ab224613eb607db3d0ab53c3c1b,34674,2026-09-24 20:32:32,a05_ttm.py,14259
데이터/입력/ttm/ttm250_2020/ku=11170/chunk_001.parquet,bedada5bb5f7a466820cc725b681d27001a109cfc15f1c908809566ec6a69b85,27007,2026-09-24 20:32:32,a05_ttm.py,10665
데이터/입력/ttm/ttm250_2020/ku=11180/chunk_000.parquet,01d54be9281acfa01a7db1d75acf24bd3b553cdd49ed4578a7350ecb9192bd33,37631,2026-09-24 20:32:33,a05_ttm.py,15717
데이터/입력/ttm/ttm250_2020/ku=11190/chunk_000.parquet,b475147c00824508a945c6fc3db10615cfadbd9a1df1276511762da16aecf586,49362,2026-09-24 20:32:33,a05_ttm.py,21630
데이터/입력/ttm/ttm250_2020/ku=11190/chunk_001.parquet,3c12d7f51a97690fecdf4b0768890d99eb7637d37ff8996380173ace2d5900dc,23116,2026-09-24 20:32:33,a05_ttm.py,8669
데이터/입력/ttm/ttm250_2020/ku=11200/chunk_000.parquet,ed65f75c3064b4d79b3bfc84f7cc333a063cc68e156498c7d0fb21d2d7dbb7c8,44177,2026-09-24 20:32:33,a05_ttm.py,19107
데이터/입력/ttm/ttm250_2020/ku=11200/chunk_001.parquet,803ecd85368f36edbd15439e098c2f918d999b895ba44079b8f624e668992816,13145,2026-09-24 20:32:33,a05_ttm.py,4104
데이터/입력/ttm/ttm250_2020/ku=11210/chunk_000.parquet,49d43a28e38486278a3166aa056ad256decff234020ac4d6e93f6d00ea4f546b,46992,2026-09-24 20:32:33,a05_ttm.py,20598
데이터/입력/ttm/ttm250_2020/ku=11210/chunk_001.parquet,8a0500f7f6631076056553c7ff7e7eaeebe0bdcde3b9e738040be76a305720b9,25269,2026-09-24 20:32:33,a05_ttm.py,9577
데이터/입력/ttm/ttm250_2020/ku=11220/chunk_000.parquet,16886b48105503cc1344ae7a9dc98a6f5da520d5b83ff418e381acbc5047844e,43879,2026-09-24 20:32:34,a05_ttm.py,19199
데이터/입력/ttm/ttm250_2020/ku=11220/chunk_001.parquet,1ea6e1932ac4d03632f6b002411e386b22fdbe77924c9358756e188ff764d7ca,43579,2026-09-24 20:32:34,a05_ttm.py,18386
데이터/입력/ttm/ttm250_2020/ku=11220/chunk_002.parquet,d06d9a026395598f94543c479cb34b75ec0f1a1860978932bdb2f7d4bd3e5d8f,19600,2026-09-24 20:32:34,a05_ttm.py,6575
데이터/입력/ttm/ttm250_2020/ku=11230/chunk_000.parquet,020a392a9a9a08cd422618f24687fcb2f5a1ae94236ea14eb61e8b1b55eb7f0c,54286,2026-09-24 20:32:34,a05_ttm.py,24132
데이터/입력/ttm/ttm250_2020/ku=11230/chunk_001.parquet,300db3d5b43a96be9d4a67a04351c75ebe53a59d818c269acc262e412365f609,46834,2026-09-24 20:32:34,a05_ttm.py,20452
데이터/입력/ttm/ttm250_2020/ku=11230/chunk_002.parquet,ab58f888702d59fcb706278f3df79e2589c66b49a57ff41828de2382f35a6fed,22081,2026-09-24 20:32:34,a05_ttm.py,7824
데이터/입력/ttm/ttm250_2020/ku=11240/chunk_000.parquet,62d6af2d84df726d631c5a49ddab16c590c0f235d5f797ee965b1a3f84f42098,44825,2026-09-24 20:32:35,a05_ttm.py,19609
데이터/입력/ttm/ttm250_2020/ku=11240/chunk_001.parquet,4bef44ba1c081a8e3af7db632c973a61f29e25de9338ebeea0a897c58e0f832f,45068,2026-09-24 20:32:35,a05_ttm.py,19829
데이터/입력/ttm/ttm250_2020/ku=11240/chunk_002.parquet,e5d21424f0f86ca29a29ba5a7d7effbd32411ad5a7a6b9957b170aa6cf285003,10796,2026-09-24 20:32:35,a05_ttm.py,3901
데이터/입력/ttm/ttm250_2020/ku=11250/chunk_000.parquet,5bfcecbafa5c48d86e5a5a620f3a896487250cdd8cc11e626a667f4b8f7d6190,51173,2026-09-24 20:32:35,a05_ttm.py,22499
데이터/입력/ttm/ttm250_2020/ku=11250/chunk_001.parquet,280b04769bf87a03a73823c429226735deed0ecd4ef5de691eb20ce690934259,21852,2026-09-24 20:32:35,a05_ttm.py,8255
데이터/입력/ttm/ttm250_2020_origin_stats.parquet,8aff528f2eb7523abb3bb534bc38c60cc26a74ba6c37d7bdd1611acffa2b32e5,107212,2026-09-24 20:38:14,a05_ttm.py,7472
데이터/입력/ttm/ttm250_2020_summary.json,6c0cb6f815bb1c40f648bb7c328cfaaa89205021ef4164d383b3d5f5f0bb96cf,1777,2026-09-24 20:38:14,a05_ttm.py,
데이터/입력/ttm/ttm250_2025/_meta.json,a6e84b11927abb3e9f086a6df404abd11c4c4a5ac876cfd87a6184d54eb2e4b2,73,2026-09-24 20:32:09,a05_ttm.py,
데이터/입력/ttm/ttm250_2025/_stats/ku=11010_chunk_000.parquet,3099e7ab45b24537158b76b2cc634618bd25fac53a70b70c45309daabe521fa4,5241,2026-09-24 20:32:11,a05_ttm.py,200
데이터/입력/ttm/ttm250_2025/_stats/ku=11010_chunk_001.parquet,2ecc7fceff95e8adf1c80f8ee54e041dd30d08b2df3971f7ebee030655800a6f,4235,2026-09-24 20:32:10,a05_ttm.py,81
데이터/입력/ttm/ttm250_2025/_stats/ku=11020_chunk_000.parquet,15dd63e3546daad1ff0ca3f06de3295b352ae69a300dd0d919676e004f84473b,4806,2026-09-24 20:32:11,a05_ttm.py,154
데이터/입력/ttm/ttm250_2025/_stats/ku=11030_chunk_000.parquet,58b3c22376cb372ac1962decb94f37d53da49e306d62953ee1047c8872b95ea3,5231,2026-09-24 20:32:11,a05_ttm.py,200
데이터/입력/ttm/ttm250_2025/_stats/ku=11030_chunk_001.parquet,8c21c824c8c96d2013ed746f97ff6fc5de0a859c16265581b6acfc8af66db07f,3821,2026-09-24 20:32:11,a05_ttm.py,40
데이터/입력/ttm/ttm250_2025/_stats/ku=11040_chunk_000.parquet,38f7913788a1b78f4fcdcb6aa9f241c1d08c2a327eb84d41e856dc390c5fa798,5250,2026-09-24 20:32:12,a05_ttm.py,200
데이터/입력/ttm/ttm250_2025/_stats/ku=11040_chunk_001.parquet,fdbbdc22f643c7ab37800ca1b4f19c9750bc3fe5cfb3520ba76a7a64886a11a9,3624,2026-09-24 20:32:11,a05_ttm.py,21
데이터/입력/ttm/ttm250_2025/_stats/ku=11050_chunk_000.parquet,e7ff3b87bb4531508b464c3df7404b9846ea204a795a09d6a88c50112321c5a0,5178,2026-09-24 20:32:12,a05_ttm.py,200
데이터/입력/ttm/ttm250_2025/_stats/ku=11050_chunk_001.parquet,f9f6d7e044f7c7cf748e03e5f4c811ecc555e41e8fccff20e07d81654bab656f,3651,2026-09-24 20:32:12,a05_ttm.py,22
데이터/입력/ttm/ttm250_2025/_stats/ku=11060_chunk_000.parquet,fb55a3d98dc3e299bec79755e6a22e278259e1011d2ce3464b0bbb082859cbf1,5142,2026-09-24 20:32:13,a05_ttm.py,200
데이터/입력/ttm/ttm250_2025/_stats/ku=11060_chunk_001.parquet,5d0147e4676dd699dee772a73482b36dca5a95036569e18bea3cbad68962246b,3606,2026-09-24 20:32:12,a05_ttm.py,18
데이터/입력/ttm/ttm250_2025/_stats/ku=11070_chunk_000.parquet,33f5366fe94e1e7bf7d42601067d67385954e2c8f2c753914de09554bd474731,5169,2026-09-24 20:32:13,a05_ttm.py,200
데이터/입력/ttm/ttm250_2025/_stats/ku=11070_chunk_001.parquet,921e0a7ad2da86749da727c8c9aeaf87a2ad66a2a76767768aa5e44de4cf23a5,3997,2026-09-24 20:32:13,a05_ttm.py,54
데이터/입력/ttm/ttm250_2025/_stats/ku=11080_chunk_000.parquet,5b5201567366727042c5c8d6c544b0d5a0413374d681492442300f910171176e,5224,2026-09-24 20:32:14,a05_ttm.py,200
데이터/입력/ttm/ttm250_2025/_stats/ku=11080_chunk_001.parquet,cb0e9ccd7aea4af2e24f867fa4435b375c403cbc6562ebc242efa22f19b0ec01,4652,2026-09-24 20:32:14,a05_ttm.py,129
데이터/입력/ttm/ttm250_2025/_stats/ku=11090_chunk_000.parquet,6710afe7096022f53e8c3e8b987e8eaad96e552f1deea8125d47f08af97ab12b,5245,2026-09-24 20:32:15,a05_ttm.py,200
데이터/입력/ttm/ttm250_2025/_stats/ku=11090_chunk_001.parquet,49b6fb3082fb9f9b7ac6eaa0dab3d713b94f8edb382739d0bc11f1d5d65bc187,3698,2026-09-24 20:32:14,a05_ttm.py,28
데이터/입력/ttm/ttm250_2025/_stats/ku=11100_chunk_000.parquet,d20f9ba9482ef2dcbd0c41ec10c9b0dcdb21778879683d1f4acfe70e68fd3fb4,5219,2026-09-24 20:32:15,a05_ttm.py,200
데이터/입력/ttm/ttm250_2025/_stats/ku=11100_chunk_001.parquet,94aae4e2f16838060e49b13bd7e884e793ff132760214fa16f79132da313cde7,3763,2026-09-24 20:32:15,a05_ttm.py,36
데이터/입력/ttm/ttm250_2025/_stats/ku=11110_chunk_000.parquet,5487688b0d08167c93c1b90f528954c4ad306a7d3283e3ba23ce7fb385620689,5293,2026-09-24 20:32:16,a05_ttm.py,200
데이터/입력/ttm/ttm250_2025/_stats/ku=11110_chunk_001.parquet,9def53be4405d48a88191f5825d4d33ab9d74658910af1682bd19fbde31815c6,5128,2026-09-24 20:32:15,a05_ttm.py,178
데이터/입력/ttm/ttm250_2025/_stats/ku=11120_chunk_000.parquet,60d3d99afdae63a6ccc4309ac7ae39f6634356d776a6cfb607f6b66035036bab,5317,2026-09-24 20:32:16,a05_ttm.py,200
데이터/입력/ttm/ttm250_2025/_stats/ku=11120_chunk_001.parquet,00cd97f8939306d7461c76343b0bb288d700912eedf0d09b6c50027feed26fe6,4989,2026-09-24 20:32:16,a05_ttm.py,164
데이터/입력/ttm/ttm250_2025/_stats/ku=11130_chunk_000.parquet,2cb7aa1b06523bead34a67a93541bae5a0c43fc01717037c53091aadeebe78ba,5194,2026-09-24 20:32:17,a05_ttm.py,200
데이터/입력/ttm/ttm250_2025/_stats/ku=11130_chunk_001.parquet,fadf4e0917b370001f8abd00c5739af9397defeafaae22c38997710727acc33e,4057,2026-09-24 20:32:16,a05_ttm.py,59
데이터/입력/ttm/ttm250_2025/_stats/ku=11140_chunk_000.parquet,15615a0e9224d7403490fea7127a1f8186ae83805bcf0e5b361996466fcf1a8b,5348,2026-09-24 20:32:17,a05_ttm.py,200
데이터/입력/ttm/ttm250_2025/_stats/ku=11140_chunk_001.parquet,e2ad0a428b5ae94edea9eeb5935501510b8131f6617a9e669d46e1a2816bf58c,4205,2026-09-24 20:32:17,a05_ttm.py,75
데이터/입력/ttm/ttm250_2025/_stats/ku=11150_chunk_000.parquet,661d21b7de48eaaa21145a809ae734a6a786c5dec4c79c357571e7837ff90439,5210,2026-09-24 20:32:18,a05_ttm.py,200
데이터/입력/ttm/ttm250_2025/_stats/ku=11150_chunk_001.parquet,0a01d1f8e92e5286e71da8c277ae788c2ee30df819de2b59cb51f3d63d04549f,4179,2026-09-24 20:32:18,a05_ttm.py,73
데이터/입력/ttm/ttm250_2025/_stats/ku=11160_chunk_000.parquet,e28dfe328dd43cb3bd1d85efac62256e5803eb767474451fed6a479b4ceaa9e7,5350,2026-09-24 20:32:18,a05_ttm.py,200
데이터/입력/ttm/ttm250_2025/_stats/ku=11160_chunk_001.parquet,99d2a7465e3ab6abc867fae227dbffcffdbf6398ec7fcab5555700e6ae313330,5154,2026-09-24 20:32:19,a05_ttm.py,200
데이터/입력/ttm/ttm250_2025/_stats/ku=11160_chunk_002.parquet,a28f8a23bda62e06be88c71b085a53936f00c3cfaf806dd6e8a0f9ab677fcc7d,3741,2026-09-24 20:32:18,a05_ttm.py,31
데이터/입력/ttm/ttm250_2025/_stats/ku=11170_chunk_000.parquet,ba66aa88ce1a504e3a4bb6a31f71c799bb5f2e33c9a64ab37d85519643777c09,5257,2026-09-24 20:32:19,a05_ttm.py,200
데이터/입력/ttm/ttm250_2025/_stats/ku=11170_chunk_001.parquet,8cb9663db42bbef378507592386209c7afc1bd7dbb6c09dd8fe02176ba418bdf,4540,2026-09-24 20:32:19,a05_ttm.py,115
데이터/입력/ttm/ttm250_2025/_stats/ku=11180_chunk_000.parquet,dc974cc7c26cccddc2741dcc803854a64a7a363d0766eb8122c09bbf2d21acaa,5289,2026-09-24 20:32:20,a05_ttm.py,199
데이터/입력/ttm/ttm250_2025/_stats/ku=11190_chunk_000.parquet,04b7386bad320e711a3c01d6bee9b13b4984403e49b89e94049a33fff0016c51,5214,2026-09-24 20:32:20,a05_ttm.py,200
데이터/입력/ttm/ttm250_2025/_stats/ku=11190_chunk_001.parquet,0546fa39af8c72ec7b296db7db5f264321966cd07e15dad06569ef0118b2f7e2,4372,2026-09-24 20:32:20,a05_ttm.py,93
데이터/입력/ttm/ttm250_2025/_stats/ku=11200_chunk_000.parquet,9ae42cba3d35741019e1d1eb76e5d138adebf482c1b85edf044ce386f98496f3,5237,2026-09-24 20:32:21,a05_ttm.py,200
데이터/입력/ttm/ttm250_2025/_stats/ku=11200_chunk_001.parquet,7d868213db21edf9b48c1f31ad808011156a74edbbd7a058cf846e34baa04444,3886,2026-09-24 20:32:20,a05_ttm.py,42
데이터/입력/ttm/ttm250_2025/_stats/ku=11210_chunk_000.parquet,0694805885b7e0d7c98f328d6172b718a3c54b7f081964119f10d887290384c6,5240,2026-09-24 20:32:21,a05_ttm.py,200
데이터/입력/ttm/ttm250_2025/_stats/ku=11210_chunk_001.parquet,6d5ec14a095b094a71bc3c746bce7347942b7699ad4a9f8fee99d5e2f5d9d096,4387,2026-09-24 20:32:21,a05_ttm.py,98
데이터/입력/ttm/ttm250_2025/_stats/ku=11220_chunk_000.parquet,3b657fe5d6e788beeeb63e62ed0237164d62f43bfc2c1124a17aebbd040f941f,5220,2026-09-24 20:32:22,a05_ttm.py,200
데이터/입력/ttm/ttm250_2025/_stats/ku=11220_chunk_001.parquet,369c0c3d2865ba033ec19b7c56bd9f25b1556ca2d7837950da988976a24025c1,5294,2026-09-24 20:32:22,a05_ttm.py,200
데이터/입력/ttm/ttm250_2025/_stats/ku=11220_chunk_002.parquet,f113a328d72e9511b58ea63db9195e58c4947c611dfe068d2bb6eaaad6c4a494,4562,2026-09-24 20:32:22,a05_ttm.py,116
데이터/입력/ttm/ttm250_2025/_stats/ku=11230_chunk_000.parquet,bde1298c2d6975ecaba8e40d0a10c8714ea4425386d76171cf3ad87006d61ddc,5123,2026-09-24 20:32:22,a05_ttm.py,200
데이터/입력/ttm/ttm250_2025/_stats/ku=11230_chunk_001.parquet,94dcab2c61e3daa0882dcbae88a9ca0c5fd95db99bda38b9a3faa3976cbe3c2d,5198,2026-09-24 20:32:22,a05_ttm.py,200
데이터/입력/ttm/ttm250_2025/_stats/ku=11230_chunk_002.parquet,cc6ec00473f123b81daf87e1d2ccc6a2c071e5d4d79ae21bac4698779d2a168b,4680,2026-09-24 20:32:23,a05_ttm.py,133
데이터/입력/ttm/ttm250_2025/_stats/ku=11240_chunk_000.parquet,439c3b00c92906cdac5d16bc34d444ea7cf6799e374511ae453ab901517b17ac,5225,2026-09-24 20:32:23,a05_ttm.py,200
데이터/입력/ttm/ttm250_2025/_stats/ku=11240_chunk_001.parquet,101d2c2250498e6f80ead9f20755f880325a75b283a6b557aa2b90dd7fccdaae,5154,2026-09-24 20:32:23,a05_ttm.py,200
데이터/입력/ttm/ttm250_2025/_stats/ku=11240_chunk_002.parquet,d2e8a3ca20efdffebeb402b60ea8b0fdc76031060b47f478498b516562c698d0,4123,2026-09-24 20:32:23,a05_ttm.py,65
데이터/입력/ttm/ttm250_2025/_stats/ku=11250_chunk_000.parquet,8c3757a8ea22037cca58fe5f521f68da5090a3309358b72667733c4fcd153b21,5182,2026-09-24 20:32:24,a05_ttm.py,200
데이터/입력/ttm/ttm250_2025/_stats/ku=11250_chunk_001.parquet,21718b5155e05cb11efc174510bd9cbb4a5824b669ae06cf47a95cbc79a6564b,4789,2026-09-24 20:32:24,a05_ttm.py,136
데이터/입력/ttm/ttm250_2025/ku=11010/chunk_000.parquet,e35e23d6109775713d9a78ce7e3c8b917790337a8756c28620e82992296d77ec,43031,2026-09-24 20:32:11,a05_ttm.py,18209
데이터/입력/ttm/ttm250_2025/ku=11010/chunk_001.parquet,dc55d3faa9b6dcc9ac52424df8401cf15f9d81888a5a19454d584f7dc6961669,23699,2026-09-24 20:32:10,a05_ttm.py,8977
데이터/입력/ttm/ttm250_2025/ku=11020/chunk_000.parquet,d350ca0fd5f207c5a57e1f9430d25fa4b7eaa46587339ef3d42c4287f04431e0,40650,2026-09-24 20:32:11,a05_ttm.py,17975
데이터/입력/ttm/ttm250_2025/ku=11030/chunk_000.parquet,579d989647159345d01c1388afde25834bb507e37bc224504c54c535834a8fd0,44470,2026-09-24 20:32:11,a05_ttm.py,19094
데이터/입력/ttm/ttm250_2025/ku=11030/chunk_001.parquet,65f75b05f7a2a49306765c9a4e3f1f0e3b8ac7274cdf9c325a7cb77d2b3949b6,9849,2026-09-24 20:32:11,a05_ttm.py,3254
데이터/입력/ttm/ttm250_2025/ku=11040/chunk_000.parquet,b4e5fdfd1036eb6f562dcbc586bf0bb24bfe8ae3252c54cbc2846650ac61c743,46107,2026-09-24 20:32:12,a05_ttm.py,20098
데이터/입력/ttm/ttm250_2025/ku=11040/chunk_001.parquet,e0690f12dc899831a4691c53654044c398a8d4444d5031888bcdf3fb09e3b99e,6739,2026-09-24 20:32:11,a05_ttm.py,1729
데이터/입력/ttm/ttm250_2025/ku=11050/chunk_000.parquet,68217f2bf793837c58a087151efaf861c7d00679438e1dcc06b5fd8798c62eda,49086,2026-09-24 20:32:12,a05_ttm.py,21914
데이터/입력/ttm/ttm250_2025/ku=11050/chunk_001.parquet,8f99c12bbe8648eaf5de12fbbf915bd1722aa8498b36368bc04296b3f4e4a1c0,6195,2026-09-24 20:32:12,a05_ttm.py,1687
데이터/입력/ttm/ttm250_2025/ku=11060/chunk_000.parquet,1b70c41ddfd66ae3cd2212073534ec9f2325c87b2793ddfa36c52ae1cc2c2aa7,50929,2026-09-24 20:32:13,a05_ttm.py,22324
데이터/입력/ttm/ttm250_2025/ku=11060/chunk_001.parquet,5522a0e547d8fec1cdb1ea0d64993496bd1a6c0874d3ad91e134c4ee3ff68656,7786,2026-09-24 20:32:12,a05_ttm.py,1854
데이터/입력/ttm/ttm250_2025/ku=11070/chunk_000.parquet,27f8390e1bfc756723e02095cbac16f185bce5bd9f37d4cc9a34ba9ad9f87cff,49235,2026-09-24 20:32:13,a05_ttm.py,21653
데이터/입력/ttm/ttm250_2025/ku=11070/chunk_001.parquet,53181948fc307ae7a9c28fff9a11b48445b30926930f34f05bbcf5ffacef1e49,10218,2026-09-24 20:32:13,a05_ttm.py,3398
데이터/입력/ttm/ttm250_2025/ku=11080/chunk_000.parquet,45a7ace977c2eb89e89305243f42cf62e91d28800121b3aec3736ce5fb23d0c5,43816,2026-09-24 20:32:14,a05_ttm.py,18801
데이터/입력/ttm/ttm250_2025/ku=11080/chunk_001.parquet,3863ca0ea5039ab9bc898dc069ef9ea19c44ab61c72d768ca9259bbf9daa02f4,32081,2026-09-24 20:32:14,a05_ttm.py,13368
데이터/입력/ttm/ttm250_2025/ku=11090/chunk_000.parquet,1eecc5ad2a3f39ff9291df8dba215736267dfc4710011c9d2e04b813fb4a4a9c,49737,2026-09-24 20:32:15,a05_ttm.py,21744
데이터/입력/ttm/ttm250_2025/ku=11090/chunk_001.parquet,731c80938ba36103903fd297fd5495067fa46605644cc841afc47c64319c2dd6,10703,2026-09-24 20:32:14,a05_ttm.py,2922
데이터/입력/ttm/ttm250_2025/ku=11100/chunk_000.parquet,f4dd03dd1cf24cf8ee4f713b9f184d6218a711a005e4b11901a9294a3cd7e560,46926,2026-09-24 20:32:15,a05_ttm.py,20324
데이터/입력/ttm/ttm250_2025/ku=11100/chunk_001.parquet,f879c8e0f0913d21ef1ccb5b0bfa197fa1fff44e690ef0698aaa32edd0c411dd,12437,2026-09-24 20:32:15,a05_ttm.py,3563
데이터/입력/ttm/ttm250_2025/ku=11110/chunk_000.parquet,9a2d54dd9f5aa11bd9147c16e26b7d668d4e99fd8ff95265c5a038d46db95b68,43378,2026-09-24 20:32:15,a05_ttm.py,18177
데이터/입력/ttm/ttm250_2025/ku=11110/chunk_001.parquet,ac6ea3098de52b81f2b6068e3ade955c962ee4d9842be219ecb483f55f6fa4cb,39679,2026-09-24 20:32:15,a05_ttm.py,16936
데이터/입력/ttm/ttm250_2025/ku=11120/chunk_000.parquet,e04c5f3044123167b51991a289ffe78ee95e41a9d364197c4843639966006c9a,45289,2026-09-24 20:32:16,a05_ttm.py,19655
데이터/입력/ttm/ttm250_2025/ku=11120/chunk_001.parquet,deb75e5033b8716365e3fe06ed6a1d017544d4b88c7eb30bf251e9438453c029,35523,2026-09-24 20:32:16,a05_ttm.py,14858
데이터/입력/ttm/ttm250_2025/ku=11130/chunk_000.parquet,f7a40701daa01b5f8af4800ded2dbaee05f050a0b809eb993017cf25368c4abf,48970,2026-09-24 20:32:17,a05_ttm.py,21477
데이터/입력/ttm/ttm250_2025/ku=11130/chunk_001.parquet,b71e32ec9bf49ce81e0ca144bcb5824ef06bf9ea4b1f58750be7869b075cc3df,16617,2026-09-24 20:32:16,a05_ttm.py,5358
데이터/입력/ttm/ttm250_2025/ku=11140/chunk_000.parquet,ef631cf89ee9081859e683948f68e3dd8f592f90a8c83b7133e97a4521f4fc09,43659,2026-09-24 20:32:17,a05_ttm.py,19511
데이터/입력/ttm/ttm250_2025/ku=11140/chunk_001.parquet,f8abd60340af0bf21e7343e148f50f9d67ba45fd75457ee4bcf36e32ad157b31,22605,2026-09-24 20:32:17,a05_ttm.py,8725
데이터/입력/ttm/ttm250_2025/ku=11150/chunk_000.parquet,f8bfa7fc538619f47e8d3256a961e90b67679240001fdd29a30af911d0abd588,48528,2026-09-24 20:32:18,a05_ttm.py,21086
데이터/입력/ttm/ttm250_2025/ku=11150/chunk_001.parquet,0e2be7973a2e1af7192340b44dceec2a5d2a284a3c3a33eac15f24a18f28b5cb,20550,2026-09-24 20:32:17,a05_ttm.py,7349
데이터/입력/ttm/ttm250_2025/ku=11160/chunk_000.parquet,32dca4dae69a26ab1b3e8533b9e6e72b3ebefa70444f315f68b9a35c86907b0f,41016,2026-09-24 20:32:18,a05_ttm.py,17643
데이터/입력/ttm/ttm250_2025/ku=11160/chunk_001.parquet,97a41aaf096acc0f8098b45f5986553c7e9e0d9eae9101cfcf2ea3013e5b8acb,50698,2026-09-24 20:32:19,a05_ttm.py,22287
데이터/입력/ttm/ttm250_2025/ku=11160/chunk_002.parquet,cc6a2f0c86847ff0121a5abf7a6b95aded578acf4272419c58529b46930af5d2,8505,2026-09-24 20:32:18,a05_ttm.py,2590
데이터/입력/ttm/ttm250_2025/ku=11170/chunk_000.parquet,c62df0fc73a4834c4ab566e08676cb711a7bb577bce2df7c601f6f81aefac8a8,34948,2026-09-24 20:32:19,a05_ttm.py,14363
데이터/입력/ttm/ttm250_2025/ku=11170/chunk_001.parquet,c3083b39af9b0fb47dfae643bdf8ed11614c6f0852618abb8707fbb3d26c711c,29741,2026-09-24 20:32:19,a05_ttm.py,11906
데이터/입력/ttm/ttm250_2025/ku=11180/chunk_000.parquet,8734b2cc6d733461f7f899740fdff5ae78f72843885deab0636a0e49d5000813,42260,2026-09-24 20:32:20,a05_ttm.py,17995
데이터/입력/ttm/ttm250_2025/ku=11190/chunk_000.parquet,f63939c7a4046bf041f55069c056ae2ca4de8827ce5ca692900c658f7df7b5b9,49362,2026-09-24 20:32:20,a05_ttm.py,21455
데이터/입력/ttm/ttm250_2025/ku=11190/chunk_001.parquet,e32399afd2aa74befbda028f70895bfa082de67a0be8e0264f7dd0548f0b94a8,24453,2026-09-24 20:32:20,a05_ttm.py,9401
데이터/입력/ttm/ttm250_2025/ku=11200/chunk_000.parquet,553ec2b035305a0bde3120cd824c50bf7705548c3eacb637c511d2ea38ee8ccc,47535,2026-09-24 20:32:21,a05_ttm.py,20492
데이터/입력/ttm/ttm250_2025/ku=11200/chunk_001.parquet,90032b2c256edd5391ec977d1a150060e3a4e893b6dd96a38e5278a4a5622fe7,13622,2026-09-24 20:32:20,a05_ttm.py,4256
데이터/입력/ttm/ttm250_2025/ku=11210/chunk_000.parquet,513daf6b88ade07ef782e9af0c4159f496e2214508e97ff5b5095971f9bc6a99,48165,2026-09-24 20:32:21,a05_ttm.py,20819
데이터/입력/ttm/ttm250_2025/ku=11210/chunk_001.parquet,639d596f2d874193740ebf5e0bb560ae410d2e8a73e282d6332b45d048862fac,25638,2026-09-24 20:32:21,a05_ttm.py,9772
데이터/입력/ttm/ttm250_2025/ku=11220/chunk_000.parquet,398119c94c3a793a230b066e91847ed6148afd8b562a9cc876e9d3d382560d99,47317,2026-09-24 20:32:21,a05_ttm.py,20543
데이터/입력/ttm/ttm250_2025/ku=11220/chunk_001.parquet,5c6d0d68529ba875255db3016cab3a195e8907b9748ec4eddbbced6017e532b6,45592,2026-09-24 20:32:22,a05_ttm.py,19465
데이터/입력/ttm/ttm250_2025/ku=11220/chunk_002.parquet,3bfc59eaeac0c2cdee89afacf6fc24d1b12f0677391ea699ae5ae9f2b729dbcf,22197,2026-09-24 20:32:22,a05_ttm.py,7671
데이터/입력/ttm/ttm250_2025/ku=11230/chunk_000.parquet,d61c808f4b46b2ad65b3030472dcbaba783da32fa65cf7fb9fe1317710cd1504,53361,2026-09-24 20:32:22,a05_ttm.py,23586
데이터/입력/ttm/ttm250_2025/ku=11230/chunk_001.parquet,24bb60c2069f4907f65adef8c86374181743a29477317c51927f1609bf2d8423,45257,2026-09-24 20:32:22,a05_ttm.py,19614
데이터/입력/ttm/ttm250_2025/ku=11230/chunk_002.parquet,380da302a7f0b10c621a78de63065989900f22c99c239893d9c88952cb05b56c,27161,2026-09-24 20:32:23,a05_ttm.py,10390
데이터/입력/ttm/ttm250_2025/ku=11240/chunk_000.parquet,1fef90206c63b708f5cb8e54167b42e0f1a3ef3c21ff572c249077615bc4288d,46099,2026-09-24 20:32:23,a05_ttm.py,20308
데이터/입력/ttm/ttm250_2025/ku=11240/chunk_001.parquet,54d41a19ced52dce54e29df1196e8a4295a677a600355f3ae1b827477fc72f18,48012,2026-09-24 20:32:23,a05_ttm.py,21063
데이터/입력/ttm/ttm250_2025/ku=11240/chunk_002.parquet,8afe1d22511baefb5861a5dcf2d8c5e46988b904f16baedfcfa119004523ab48,13038,2026-09-24 20:32:23,a05_ttm.py,5020
데이터/입력/ttm/ttm250_2025/ku=11250/chunk_000.parquet,34280318f015530a04b59512c13791c005bbe3ada54507aa0e1c009de9b1812b,50901,2026-09-24 20:32:24,a05_ttm.py,22381
데이터/입력/ttm/ttm250_2025/ku=11250/chunk_001.parquet,c27adb73f4fd78ecb2fd5c7c6d3c90e29596b1e34ac47ccc997fd6e624aa8c45,26279,2026-09-24 20:32:24,a05_ttm.py,10489
데이터/입력/ttm/ttm250_2025_origin_stats.parquet,8afe9cc2887d119a511c4379849687496b2ec4ff829c517b99d1351de7bb83e6,108257,2026-09-24 20:38:11,a05_ttm.py,7560
데이터/입력/ttm/ttm250_2025_summary.json,6c4705abc892c46184edbae6289ca10a3ce0e21c96d78818b73516df3b80a5e3,1773,2026-09-24 20:38:12,a05_ttm.py,
문서/검증_20260929/cleanup_ledger.json,152106da579494fbbd35117f585ec8907ae4d58d9ba3935c23bb0fc6e0246af0,16861,2026-09-29 12:33:54,문서,
문서/검증_20260929/final_scope_verification.json,62edc1cce5643758f6234c72be192b52893c4eca0367b7e2aa37ef74324319a5,5493,2026-09-29 12:30:55,문서,
문서/검증_20260929/kpa_correction_validation.json,0ee01f73666c8a65641e08eb30f3790475c4cd3ea2030624d2cc3028cc399788,1543,2026-09-29 12:15:35,문서,
문서/검증_20260929/metadata_final.log,afb27ba7eed180b17c7c990a1fc516139c9664a8136155bc2d32f62adb5d5e69,3432,2026-09-29 12:29:28,문서,
문서/검증_20260929/prior_audit_final_small_checks.json,0bd49acb64ca2d2f350cd3aa0f73162810549ba2fb2008fbc9234ab4bb02d5aa,2797,2026-09-29 08:52:39,문서,
문서/검증_20260929/prior_audit_final_snapshot_proof.json,e4d03b3a919fb7b93e242698d605c1c96c597bc203ef492c1422be103b264455,1386,2026-09-29 08:54:31,문서,
문서/검증_20260929/prior_audit_independent_numeric.json,a3787b8ab6ec32aaa084056cbb4040622e48788e841206bb3bda251e665ae583,99525,2026-09-29 08:49:54,문서,
문서/검증_20260929/prior_audit_rerun_remaining_results.json,542b4d8128595ad5a788da001db58b01e0a351c922318158434e83d09a1a99f1,18719,2026-09-29 08:52:08,문서,
문서/검증_20260929/prior_audit_scratch_cleanup_inventory.json,df1f35f438bfdb4536e4d9a95ee2aed24ec0ae9c62f893f3ae4748b4368561f5,11494,2026-09-29 08:47:47,문서,
문서/검증_20260929/remaining_reruns.json,8c18ee404ae8212530c9e3f5b18739e62954fd00a714a21c53c1c220197a4f7a,7817,2026-09-29 12:21:36,문서,
문서/검증_20260929/remaining_runner.log,d481fba7e2b62cfb89c509dcef10abaa6fd59facb30f2d6915b8cef175a01b5b,221,2026-09-29 12:21:36,문서,
문서/검증_20260929/replacement_ledger.json,dc5344087579f43380f9f2dd7fc63fb94db8e60a19614f1b3135b804ac43ece7,12520,2026-09-29 12:33:54,문서,
문서/검증_20260929/rerun_natstd_B_2020.log,a812c261e1d32980d3ae57a7b7f0e569a2712f680252fdc0f9c0c6c2140a8204,41955,2026-09-29 12:21:28,문서,
문서/검증_20260929/rerun_natstd_B_2025.log,971e94a52cfd299176b19c55294c28d9e280c8999490c545997ae4e6d70f0713,42169,2026-09-29 12:21:36,문서,
문서/검증_20260929/rerun_sens_union_2020.log,cc5d3da1070e8223e0088841f5af6e727162dddfee7a690cf74c9c99d044c77b,43129,2026-09-29 12:20:31,문서,
문서/검증_20260929/rerun_xb_main_2020.log,d48e92f77f68b05562aadd664f5edfd1d46a25943f9280606a0aaf26eacc7033,42173,2026-09-29 12:20:48,문서,
문서/검증_20260929/rerun_xb_main_2025.log,e8965c7cb555772e34d8217570b2bbf7f12f50b21a0109d21bc324116ee0bf8f,42387,2026-09-29 12:21:04,문서,
문서/검증_20260929/rerun_xb_net2025_2020.log,7e397c68b2b7e674328739315be2fd400ba78bb62abfdaafc7d0b9c17600bcb8,48027,2026-09-29 12:21:20,문서,
문서/검증_20260929/stage_archive_inventory.json,f03696cea12134276a6310d6c1953109fa70a0c2d1468292097727b7ef64a92b,28607,2026-09-29 12:33:54,문서,
문서/검증_20260929/temporal.log,0d0be04c6fde3c5608d640075a563f45c76544c060775f9e0e7d9950aa25d1ba,732,2026-09-29 12:21:23,문서,
문서/검증_20260929/test_engine.log,c802e70d7226d0499fcb37db2d6db2f2f260403cf9826233ceecf9d89e1f841b,998,2026-09-29 12:13:58,문서,
문서/검증_20260929/test_engine_final.log,c802e70d7226d0499fcb37db2d6db2f2f260403cf9826233ceecf9d89e1f841b,998,2026-09-29 12:29:33,문서,
문서/검증_20260929/test_release_canonical.log,403698d54762c383c6b46b50f13fc3c17dfcf5872ae8abdd760c997d14ed1a17,114,2026-09-29 12:29:34,문서,
문서/검증_20260929/test_release_final.log,28bb3f05e9ade41c8b57a6a84e73fb8a0da60024e3a525121586395b99536409,114,2026-09-29 12:20:09,문서,
문서/검증_20260929/이전_run_meta/natstd_B/run_meta_2020_100.json,77c9a8219cdd7c294a165117bee163b68fb5b4cc81fd064bd2a89733d4c43086,1374,2026-09-25 13:11:25,문서,
문서/검증_20260929/이전_run_meta/natstd_B/run_meta_2025_100.json,a4571301e35bfdd370858bf351ad30c074e34d48e2b842ff86db4eebd7dc673a,1374,2026-09-25 13:13:19,문서,
문서/검증_20260929/이전_run_meta/sens_union/run_meta_2020_100.json,3863eb210d973edcd633808086c8d6a8d2ed458b0a2e055001420301971f674f,3002,2026-09-25 13:11:18,문서,
문서/검증_20260929/이전_run_meta/xb_main/run_meta_2020_100.json,b7be3d74772847da517ce83cd48f4adb0f33dda71b58f2c3495076a9ac2713c3,1636,2026-09-27 13:20:45,문서,
문서/검증_20260929/이전_run_meta/xb_main/run_meta_2025_100.json,e9a1a04a3e3dca3d4b4e01e4898a5fab478c4fdde286c44b7c9e147abacb63e3,1636,2026-09-27 13:21:00,문서,
문서/검증_20260929/이전_run_meta/xb_net2025/run_meta_2020_100.json,125746ae5b7447c5965457aebcb8e56c07ac7e079ac821c5806f88a3416cb631,1792,2026-09-27 13:21:15,문서,
문서/검증보고서.md,c3af4982cc7828118848d1535ced623fd8f5f86068b6a162c011341cc731798c,7931,2026-09-26 10:36:06,문서,
문서/격자마스터_구축기록.md,2acf0a480ac600544697602a254668f080265e3f9d4b518695784e5cd9808f2f,11935,2026-09-26 10:32:26,문서,
문서/경계기하지표_구축기록.md,5d816901eaf4cd33b893b1ed400474cc18c525248fcd9c683e53229da3d07e4b,6518,2026-09-24 20:17:16,문서,
문서/공동연구자_시작_20260929.md,49ab0856f4e09b8bc609311931e9e3ecbc71e0be4bca35e345836d0738d1632c,5866,2026-09-29 12:23:54,문서,
문서/네트워크_소요시간표_구축기록.md,2a973e72a5600c6316c930d4812c32cea86bbe3d66abfcb6284154f61eb6e9d1,15394,2026-09-24 20:37:11,문서,
문서/배포검증_20260929.md,beaa54b847e2ddb8d25732a1825975bcd12c6eb45e5ee5d0d2b73511327d7c9e,7104,2026-09-29 12:33:54,문서,
문서/선행연구_지표정의_조사.md,7ee90c744bbb50f30d9bc8fbb9e2eedb9ffd9a641cc2029c8447ce6c1aa34f52,8680,2026-09-24 20:04:23,문서,
문서/시설경계연결_구축기록.md,f425ac676c3755ddd987fc425284d63c3e46efaddf868b7ae307b226e37dc246,7525,2026-09-26 10:35:18,문서,
문서/자료가공설계.md,5206c38695c9f88ee6fa8f8faba660ff4c595174ccbed249ea456d89645dfc59,11504,2026-09-25 12:49:30,문서,
문서/작업기록.md,31c02eda6d97abfdcbf9f8d7a8cb12706b9fb1343b6689a4a52e365f6958ae3a,35388,2026-09-29 12:28:44,문서,
문서/접근성엔진_구축기록.md,464ecd47a86b43821a6d44e5221913914e06413d4f3aa81f31d641f6cf38fb64,17634,2026-09-25 09:39:32,문서,
문서/지표정의_확정.md,ae8a6a0e581fbc92c3caad95996e3d45f3691f6db66e5d4bc38e0755a336c466,15677,2026-09-29 12:28:44,문서,
문서/출처_전처리_연결표_20260929.md,dcb51a28b0df088038d6f4fe62ef1a71ada0124b8b73f86226f47b738b3ed4ed,6525,2026-09-29 12:23:54,문서,
코드/a00_config.py,3ae74676dd6386590cd09ff8902dd3da6e7c7b1550ba31cbb7e47a0b3933d819,6346,2026-09-26 10:28:06,코드,
코드/a01_grid_master.py,a95c57a0908af5ae0bbd5688a979ec8142eef551b290d26be64709422507e0e1,31101,2026-09-25 09:27:05,코드,
코드/a02_facility_boundary.py,247af2347d5a98302c323eb4bf8fc7be88be2fc534cf2091a3cbf7c1eabeca9c,13534,2026-09-25 13:04:28,코드,
코드/a03_boundary_metrics.py,1fea4703cd5fe75ea6809646c510b0f64ac65b73429fa7eb0d645a8997999890,13512,2026-09-25 09:27:05,코드,
코드/a04_network.py,aadf82fa2f96a1554987bb0ed32222459b9befdf5e97e330d09b82433165e49d,17913,2026-09-25 09:27:05,코드,
코드/a05_ttm.py,0ea96f6ac70ba021706f03d3d05751f465fe71787878c5d6e6c4e9836178d4aa,19431,2026-09-25 09:27:05,코드,
코드/a05b_record.py,2191eda4a5a3d72ac0fe609c77e4b0db6732166e94014a4a6a609cabf2956dea,19198,2026-09-25 09:27:43,코드,
코드/a05c_ttm_supplement.py,ff512e35bb24af0c560274ca4f47216f52e1ab5a241e490591df63e8d1a7cf12,7483,2026-09-25 00:15:46,코드,
코드/a06_engine.py,627962cc404c7cab343603b6788e4f671df7232e6d7a4421a90b4ac93d8c3b1e,37109,2026-09-29 12:20:08,코드,
코드/a06b_summary.py,edce1cd372ea9319131c0bb0e061f1f09dc4bcbff2d6fd2b4bb9a078b3469ec1,18825,2026-09-26 09:46:45,코드,
코드/a06c_delta.py,9d6c15cd8177e45cba5c0ddacd60c4f86c945312b1f9aea32621731be9234a8b,4040,2026-09-29 12:12:17,코드,
코드/a06d_temporal_sensitivity.py,19c449fb20b7c33007846184cc36b042ce49653349f741418515c6b654e77600,1886,2026-09-29 12:21:22,코드,
코드/a07_study3_outputs.py,0eb19ffefba26657135399276222e884fca250ae03300ce7625091da3da4806f,11372,2026-09-25 13:07:02,코드,
코드/a08_ku_compare.py,0ec88f2bac4ff271d3001e984bc4d0fe50dbf749fae56c73765666cc51fa175f,12713,2026-09-25 09:27:05,코드,
코드/a10_verify.py,5ac7a9e2be52479c101e8af501668f4ba9b25a03258a21c316bbabe4d373af57,27931,2026-09-29 12:28:43,코드,
코드/a11_provenance.py,089ad4a40cbdc1a4d06683a75f0ec7697cd4fc45d33b19521cb40f404c69f782,5370,2026-09-29 12:20:08,코드,
코드/a99_manifest.py,59b336ae1930c529c3c1807264a450eaceba9b200976ed6a843eac3246a5b000,2698,2026-09-25 09:27:30,코드,
코드/requirements.txt,e7dde2c0d758827931d93236d785617a7d04c853e334b65a0709fc96eede261e,706,2026-09-25 13:08:01,코드,
코드/run_engine.bat,a86ba9cbdcedb4a6b66667098e082a30bc8e56fe5280941c147e49c0ac586ff8,3421,2026-09-29 12:28:43,코드,
코드/run_ttm.bat,b6e7c9d5465dff84c7ae86069de391b7f9d94ce864748d59e8b6ac9d6feef65c,2088,2026-09-25 09:27:43,코드,
코드/tests/test_engine.py,3a44d5b59419652759d7287f7f33ecf15c0e1256a20ad3db5518e0e31b0376fe,21384,2026-09-27 13:19:36,코드,
코드/tests/test_geometry.py,2a1fc939f72f2682f97d035e7be2a8b1a24bff08a9e47ed62ac8e3cc4197f274,2314,2026-09-25 09:45:38,코드,
코드/tests/test_release.py,c28946f27ee7ef567755747d7fcfa126d3d59200036151a07f8047407c993b11,4215,2026-09-29 12:20:08,코드,
