시설,year,facility_id,address,result,detail
휴게음식점,2020,LIC-rest_cafes-3000000-3000000-104-1968-09612,서울특별시 종로구 신문로1가 129-2,no_exact_match,
휴게음식점,2020,LIC-rest_cafes-3000000-3000000-104-1977-09151,서울특별시 종로구 통일로 208-1 (교북동),no_exact_match,
휴게음식점,2020,LIC-rest_cafes-3000000-3000000-104-1981-09148,서울특별시 종로구 내수동 39-2,no_exact_match,
휴게음식점,2020,LIC-rest_cafes-3000000-3000000-104-1981-09610,서울특별시 종로구 신문로2가 1-400,no_exact_match,
휴게음식점,2020,LIC-rest_cafes-3000000-3000000-104-1986-09631,서울특별시 종로구 내수동 10-2,no_exact_match,
휴게음식점,2020,LIC-rest_cafes-3000000-3000000-104-1986-09724,서울특별시 종로구 신문로1가 107-4,no_exact_match,
휴게음식점,2020,LIC-rest_cafes-3000000-3000000-104-1990-09778,서울특별시 종로구 평창동 73-2,no_exact_match,
휴게음식점,2020,LIC-rest_cafes-3000000-3000000-104-1991-09488,서울특별시 종로구 연지동 327-3,no_exact_match,
휴게음식점,2020,LIC-rest_cafes-3000000-3000000-104-1992-09591,서울특별시 종로구 신문로1가 58-10,no_exact_match,
휴게음식점,2020,LIC-rest_cafes-3000000-3000000-104-1993-10035,서울특별시 종로구 평동 53-0,no_exact_match,
휴게음식점,2020,LIC-rest_cafes-3000000-3000000-104-1993-10046,서울특별시 종로구 통일로 228-1 (무악동),no_exact_match,
휴게음식점,2020,LIC-rest_cafes-3000000-3000000-104-1994-09830,서울특별시 종로구 혜화동 163-14,no_exact_match,
휴게음식점,2020,LIC-rest_cafes-3000000-3000000-104-1994-09872,서울특별시 종로구 부암동 210-27,no_exact_match,
휴게음식점,2020,LIC-rest_cafes-3000000-3000000-104-1994-10049,서울특별시 종로구 통일로 168 (교남동),no_exact_match,
휴게음식점,2020,LIC-rest_cafes-3000000-3000000-104-1995-09888,서울특별시 종로구 신문로1가 184-0,no_exact_match,
휴게음식점,2020,LIC-rest_cafes-3000000-3000000-104-1997-09952,서울특별시 종로구 봉익동 38-25,no_exact_match,
휴게음식점,2020,LIC-rest_cafes-3000000-3000000-104-1998-09974,서울특별시 종로구 봉익동 38-10,no_exact_match,
휴게음식점,2020,LIC-rest_cafes-3000000-3000000-104-1999-10294,서울특별시 종로구 청진동 237-1,no_exact_match,
휴게음식점,2020,LIC-rest_cafes-3000000-3000000-104-2000-11494,서울특별시 종로구 청진동 231-0,no_exact_match,
휴게음식점,2020,LIC-rest_cafes-3000000-3000000-104-2001-12049,서울특별시 종로구 종로1가 22-2 외1필지,no_exact_match,
휴게음식점,2020,LIC-rest_cafes-3000000-3000000-104-2002-00017,서울특별시 종로구 관훈동 24,no_exact_match,
휴게음식점,2020,LIC-rest_cafes-3000000-3000000-104-2005-00055,"서울특별시 종로구 우정국로 24 (공평동,지상1층)",no_exact_match,
휴게음식점,2020,LIC-rest_cafes-3000000-3000000-104-2005-00078,서울특별시 종로구 성균관로 23-1 (명륜2가),no_exact_match,
휴게음식점,2020,LIC-rest_cafes-3000000-3000000-104-2007-00011,서울특별시 종로구 수송동 76 롯데캐슬천지인상가 홈플러스내1층,no_exact_match,
휴게음식점,2020,LIC-rest_cafes-3000000-3000000-104-2007-00069,서울특별시 종로구 도렴동 83,no_exact_match,
휴게음식점,2020,LIC-rest_cafes-3000000-3000000-104-2007-00077,서울특별시 종로구 평동 90,no_exact_match,
휴게음식점,2020,LIC-rest_cafes-3000000-3000000-104-2008-00017,서울특별시 종로구 종로3가 61-68 (종로3가역 지하4층),no_exact_match,
휴게음식점,2020,LIC-rest_cafes-3000000-3000000-104-2009-00066,서울특별시 종로구 새문안로5길 2 (신문로1가),no_exact_match,
휴게음식점,2020,LIC-rest_cafes-3000000-3000000-104-2009-00067,서울특별시 종로구 새문안로5길 4 (신문로1가),no_exact_match,
휴게음식점,2020,LIC-rest_cafes-3000000-3000000-104-2009-00144,"서울특별시 종로구 통일로 234-1 (무악동,(지상 1층))",no_exact_match,
휴게음식점,2020,LIC-rest_cafes-3000000-3000000-104-2010-00105,"서울특별시 종로구 신문로2가 91-4 지상1층(일부), 지하1층",no_exact_match,
휴게음식점,2020,LIC-rest_cafes-3000000-3000000-104-2011-00103,서울특별시 종로구 연건동 196-11 1층,no_exact_match,
휴게음식점,2020,LIC-rest_cafes-3000000-3000000-104-2011-00127,"서울특별시 종로구 통일로 238 (무악동,(1층))",no_exact_match,
휴게음식점,2020,LIC-rest_cafes-3000000-3000000-104-2011-00132,서울특별시 종로구 묘동 59 지하철3호선 종로3가역 25번 기둥 옆,no_exact_match,
휴게음식점,2020,LIC-rest_cafes-3000000-3000000-104-2012-00101,서울특별시 종로구 관철동 44 1호선 종각역 지하2층 .A-2호,no_exact_match,
휴게음식점,2020,LIC-rest_cafes-3000000-3000000-104-2012-00107,서울특별시 종로구 숭인동 65-13,no_exact_match,
휴게음식점,2020,LIC-rest_cafes-3000000-3000000-104-2012-00118,서울특별시 종로구 묘동 59 지하철3호선3가역지하3층,no_exact_match,
휴게음식점,2020,LIC-rest_cafes-3000000-3000000-104-2015-00059,"서울특별시 종로구 통일로 228-1, 1층 (무악동)",no_exact_match,
휴게음식점,2020,LIC-rest_cafes-3000000-3000000-104-2016-00203,서울특별시 종로구 교남동 62-1 팰리스에비뉴 4블럭 4124호,no_exact_match,
휴게음식점,2020,LIC-rest_cafes-3000000-3000000-104-2017-00071,서울특별시 종로구 서린동 43-4 청계천로 보행전용거리,no_exact_match,
휴게음식점,2020,LIC-rest_cafes-3000000-3000000-104-2017-00082,서울특별시 종로구 평동 43 경희궁자이상가3블럭3112호,no_exact_match,
휴게음식점,2020,LIC-rest_cafes-3000000-3000000-104-2017-00084,서울특별시 종로구 교남동 62-1 경희궁자이 펠리스에비뉴 2201호,no_exact_match,
휴게음식점,2020,LIC-rest_cafes-3000000-3000000-104-2017-00176,서울특별시 종로구 교남동 62-1 경희궁자이 팰리스에비뉴 3129호,no_exact_match,
휴게음식점,2020,LIC-rest_cafes-3000000-3000000-104-2018-00038,서울특별시 종로구 교남동 62-1 팰리스에비뉴4BL 4123호,no_exact_match,
휴게음식점,2020,LIC-rest_cafes-3000000-3000000-104-2018-00077,서울특별시 종로구 서린동 14 청계광장,no_exact_match,
휴게음식점,2020,LIC-rest_cafes-3000000-3000000-104-2018-00084,서울특별시 종로구 지봉로 65-1 (창신동),no_exact_match,
휴게음식점,2020,LIC-rest_cafes-3000000-3000000-104-2018-00088,서울특별시 종로구 교남동 62-1 펠리스에비뉴2BL 2106호,no_exact_match,
휴게음식점,2020,LIC-rest_cafes-3000000-3000000-104-2018-00167,서울특별시 종로구 교남동 62-1 경희궁자이 팰리스에비뉴 4103호,no_exact_match,
휴게음식점,2020,LIC-rest_cafes-3000000-3000000-104-2019-00117,서울특별시 종로구 종로58길 40 (숭인동),no_exact_match,
휴게음식점,2020,LIC-rest_cafes-3010000-3010000-104-1967-00849,서울특별시 중구 예관동 1-3,no_exact_match,
휴게음식점,2020,LIC-rest_cafes-3010000-3010000-104-1967-01435,서울특별시 중구 무교동 81-0,no_exact_match,
휴게음식점,2020,LIC-rest_cafes-3010000-3010000-104-1967-01475,서울특별시 중구 입정동 226-0,no_exact_match,
휴게음식점,2020,LIC-rest_cafes-3010000-3010000-104-1968-00969,서울특별시 중구 광희동2가 275-6,no_exact_match,
휴게음식점,2020,LIC-rest_cafes-3010000-3010000-104-1968-01030,서울특별시 중구 남대문로5가 6-25,no_exact_match,
휴게음식점,2020,LIC-rest_cafes-3010000-3010000-104-1968-01257,서울특별시 중구 서소문로 126 (서소문동),no_exact_match,
휴게음식점,2020,LIC-rest_cafes-3010000-3010000-104-1968-01395,서울특별시 중구 충무로1가 62-10,no_exact_match,
휴게음식점,2020,LIC-rest_cafes-3010000-3010000-104-1968-01423,서울특별시 중구 을지로1가 96-6,no_exact_match,
휴게음식점,2020,LIC-rest_cafes-3010000-3010000-104-1968-01623,서울특별시 중구 남대문시장10길 14 (회현동1가),no_exact_match,
휴게음식점,2020,LIC-rest_cafes-3010000-3010000-104-1969-01114,서울특별시 중구 을지로2가 21-1,no_exact_match,
휴게음식점,2020,LIC-rest_cafes-3010000-3010000-104-1969-01447,서울특별시 중구 충무로2가 49-27,no_exact_match,
휴게음식점,2020,LIC-rest_cafes-3010000-3010000-104-1969-01464,서울특별시 중구 을지로2가 148-53,no_exact_match,
휴게음식점,2020,LIC-rest_cafes-3010000-3010000-104-1969-01585,서울특별시 중구 산림동 205-0,no_exact_match,
휴게음식점,2020,LIC-rest_cafes-3010000-3010000-104-1970-01260,서울특별시 중구 수하동 65-0,no_exact_match,
휴게음식점,2020,LIC-rest_cafes-3010000-3010000-104-1970-01384,서울특별시 중구 을지로2가 46-0,no_exact_match,
휴게음식점,2020,LIC-rest_cafes-3010000-3010000-104-1970-01416,서울특별시 중구 태평로2가 366-0,no_exact_match,
휴게음식점,2020,LIC-rest_cafes-3010000-3010000-104-1971-00891,서울특별시 중구 충무로2가 83-5,no_exact_match,
휴게음식점,2020,LIC-rest_cafes-3010000-3010000-104-1971-01370,서울특별시 중구 초동 118-1,no_exact_match,
휴게음식점,2020,LIC-rest_cafes-3010000-3010000-104-1971-01658,서울특별시 중구 만리동1가 200-5,no_exact_match,
휴게음식점,2020,LIC-rest_cafes-3010000-3010000-104-1971-01675,서울특별시 중구 무교동 62-0,no_exact_match,
휴게음식점,2020,LIC-rest_cafes-3010000-3010000-104-1972-00755,서울특별시 중구 남대문로5가 774-0,no_exact_match,
휴게음식점,2020,LIC-rest_cafes-3010000-3010000-104-1972-01745,서울특별시 중구 삼각동 31-1,no_exact_match,
휴게음식점,2020,LIC-rest_cafes-3010000-3010000-104-1973-01473,서울특별시 중구 을지로2가 169-1,no_exact_match,
휴게음식점,2020,LIC-rest_cafes-3010000-3010000-104-1974-01323,서울특별시 중구 신당동 21-7,no_exact_match,
휴게음식점,2020,LIC-rest_cafes-3010000-3010000-104-1974-01555,서울특별시 중구 남창동 519-7,no_exact_match,
휴게음식점,2020,LIC-rest_cafes-3010000-3010000-104-1974-01577,서울특별시 중구 신당동 95-96,no_exact_match,
휴게음식점,2020,LIC-rest_cafes-3010000-3010000-104-1976-00887,서울특별시 중구 저동2가 23-3,no_exact_match,
휴게음식점,2020,LIC-rest_cafes-3010000-3010000-104-1976-01389,서울특별시 중구 수하동 3-0,no_exact_match,
휴게음식점,2020,LIC-rest_cafes-3010000-3010000-104-1976-01456,서울특별시 중구 저동1가 66-0,no_exact_match,
휴게음식점,2020,LIC-rest_cafes-3010000-3010000-104-1977-01466,서울특별시 중구 충무로4가 29-4,no_exact_match,
휴게음식점,2020,LIC-rest_cafes-3010000-3010000-104-1978-01956,서울특별시 중구 신당동 310-0,no_exact_match,
휴게음식점,2020,LIC-rest_cafes-3010000-3010000-104-1980-00857,서울특별시 중구 신당동 213-20,no_exact_match,
휴게음식점,2020,LIC-rest_cafes-3010000-3010000-104-1981-00743,서울특별시 중구 을지로1가 95-3,no_exact_match,
휴게음식점,2020,LIC-rest_cafes-3010000-3010000-104-1981-00780,서울특별시 중구 을지로2가 199-69,no_exact_match,
휴게음식점,2020,LIC-rest_cafes-3010000-3010000-104-1981-00782,서울특별시 중구 순화동 27-0,no_exact_match,
휴게음식점,2020,LIC-rest_cafes-3010000-3010000-104-1981-00787,서울특별시 중구 신당동,no_exact_match,
휴게음식점,2020,LIC-rest_cafes-3010000-3010000-104-1981-00815,서울특별시 중구 을지로6가 21-24,no_exact_match,
휴게음식점,2020,LIC-rest_cafes-3010000-3010000-104-1982-00652,서울특별시 중구 황학동 685-0,no_exact_match,
휴게음식점,2020,LIC-rest_cafes-3010000-3010000-104-1982-00659,서울특별시 중구 충무로1가 21-6,no_exact_match,
휴게음식점,2020,LIC-rest_cafes-3010000-3010000-104-1982-00674,서울특별시 중구 수하동 31-0,no_exact_match,
휴게음식점,2020,LIC-rest_cafes-3010000-3010000-104-1982-00722,서울특별시 중구 수하동 2-1,no_exact_match,
휴게음식점,2020,LIC-rest_cafes-3010000-3010000-104-1982-01339,서울특별시 중구 산림동 205-0,no_exact_match,
휴게음식점,2020,LIC-rest_cafes-3010000-3010000-104-1983-00587,서울특별시 중구 회현동3가,no_exact_match,
휴게음식점,2020,LIC-rest_cafes-3010000-3010000-104-1983-00605,서울특별시 중구 을지로4가,no_exact_match,
휴게음식점,2020,LIC-rest_cafes-3010000-3010000-104-1983-00610,서울특별시 중구 만리동2가 772-0,no_exact_match,
휴게음식점,2020,LIC-rest_cafes-3010000-3010000-104-1983-01911,서울특별시 중구 신당동 54-0,no_exact_match,
휴게음식점,2020,LIC-rest_cafes-3010000-3010000-104-1984-01885,서울특별시 중구 을지로4가 0-0 지하상가 33역동 57호호,no_exact_match,
휴게음식점,2020,LIC-rest_cafes-3010000-3010000-104-1985-01213,서울특별시 중구 충무로1가 23-0,no_exact_match,
휴게음식점,2020,LIC-rest_cafes-3010000-3010000-104-1985-01871,서울특별시 중구 만리동2가 52-5,no_exact_match,
휴게음식점,2020,LIC-rest_cafes-3010000-3010000-104-1985-01992,서울특별시 중구 중림동 18-6,no_exact_match,
휴게음식점,2020,LIC-rest_cafes-3010000-3010000-104-1986-00245,서울특별시 중구 서소문동 201-4,no_exact_match,
휴게음식점,2020,LIC-rest_cafes-3010000-3010000-104-1986-01244,서울특별시 중구 중림동 108-85,no_exact_match,
휴게음식점,2020,LIC-rest_cafes-3010000-3010000-104-1986-01877,서울특별시 중구 신당동 541-0,no_exact_match,
휴게음식점,2020,LIC-rest_cafes-3010000-3010000-104-1986-01915,서울특별시 중구 남대문로5가 84-18,no_exact_match,
휴게음식점,2020,LIC-rest_cafes-3010000-3010000-104-1988-01876,서울특별시 중구 흥인동 0-0,no_exact_match,
휴게음식점,2020,LIC-rest_cafes-3010000-3010000-104-1988-01975,서울특별시 중구 소공동 1-42,no_exact_match,
휴게음식점,2020,LIC-rest_cafes-3010000-3010000-104-1989-00058,서울특별시 중구 흥인동 1-0,no_exact_match,
휴게음식점,2020,LIC-rest_cafes-3010000-3010000-104-1989-00059,서울특별시 중구 흥인동 1-0,no_exact_match,
휴게음식점,2020,LIC-rest_cafes-3010000-3010000-104-1989-00071,서울특별시 중구 흥인동 1-0,no_exact_match,
휴게음식점,2020,LIC-rest_cafes-3010000-3010000-104-1989-00275,서울특별시 중구 을지로7가 205-2,no_exact_match,
휴게음식점,2020,LIC-rest_cafes-3010000-3010000-104-1989-00845,서울특별시 중구 순화동 198-1,no_exact_match,
휴게음식점,2020,LIC-rest_cafes-3010000-3010000-104-1991-00536,서울특별시 중구 을지로7가 112-1,no_exact_match,
휴게음식점,2020,LIC-rest_cafes-3010000-3010000-104-1991-00807,서울특별시 중구 순화동 1-6,no_exact_match,
휴게음식점,2020,LIC-rest_cafes-3010000-3010000-104-1993-00308,서울특별시 중구 을지로1가 56-0,no_exact_match,
휴게음식점,2020,LIC-rest_cafes-3010000-3010000-104-1993-01458,서울특별시 중구 수하동 25-2,no_exact_match,
휴게음식점,2020,LIC-rest_cafes-3010000-3010000-104-1993-01502,서울특별시 중구 을지로3가 0 을지로지하도상가 3111호,no_exact_match,
휴게음식점,2020,LIC-rest_cafes-3010000-3010000-104-1994-00234,서울특별시 중구 회현동1가 28-4,no_exact_match,
휴게음식점,2020,LIC-rest_cafes-3010000-3010000-104-1994-00730,서울특별시 중구 북창동 1-0,no_exact_match,
휴게음식점,2020,LIC-rest_cafes-3010000-3010000-104-1995-00213,서울특별시 중구 의주로1가 42-1,no_exact_match,
휴게음식점,2020,LIC-rest_cafes-3010000-3010000-104-1995-00219,서울특별시 중구 서애로 7 (충무로5가),no_exact_match,
휴게음식점,2020,LIC-rest_cafes-3010000-3010000-104-1996-00018,서울특별시 중구 남산동1가 4-0,no_exact_match,
휴게음식점,2020,LIC-rest_cafes-3010000-3010000-104-1996-01795,서울특별시 중구 명동2가 103-0,no_exact_match,
휴게음식점,2020,LIC-rest_cafes-3010000-3010000-104-1997-01759,서울특별시 중구 명동2가 54-0,no_exact_match,
휴게음식점,2020,LIC-rest_cafes-3010000-3010000-104-1998-00466,서울특별시 중구 을지로1가 38-2,no_exact_match,
휴게음식점,2020,LIC-rest_cafes-3010000-3010000-104-1998-00663,서울특별시 중구 신당동 106-8,no_exact_match,
휴게음식점,2020,LIC-rest_cafes-3010000-3010000-104-1998-00677,서울특별시 중구 충무로1가 2207-0,no_exact_match,
휴게음식점,2020,LIC-rest_cafes-3010000-3010000-104-1998-01629,서울특별시 중구 주교동 76-0,no_exact_match,
휴게음식점,2020,LIC-rest_cafes-3010000-3010000-104-1999-12390,서울특별시 중구 남대문로5가 213-0 2호건물,no_exact_match,
휴게음식점,2020,LIC-rest_cafes-3010000-3010000-104-2000-12526,서울특별시 중구 명동2가 88-0 5.6.8 프린스빌딩302호,no_exact_match,
휴게음식점,2020,LIC-rest_cafes-3010000-3010000-104-2000-12691,서울특별시 중구 을지로6가 185-0 밀리오레9층,no_exact_match,
휴게음식점,2020,LIC-rest_cafes-3010000-3010000-104-2001-13774,서울특별시 중구 무교동 63-1 파이낸스빌딩 2층,no_exact_match,
휴게음식점,2020,LIC-rest_cafes-3010000-3010000-104-2001-13811,서울특별시 중구 을지로1가 56-0 새서울지하상가 212호,no_exact_match,
휴게음식점,2020,LIC-rest_cafes-3010000-3010000-104-2002-00034,서울특별시 중구 을지로1가 89-1 지하철상가 202-02,no_exact_match,
휴게음식점,2020,LIC-rest_cafes-3010000-3010000-104-2002-00068,서울특별시 중구 소공동 87 소공지하상가 20-1호,no_exact_match,
휴게음식점,2020,LIC-rest_cafes-3010000-3010000-104-2002-00169,"서울특별시 중구 삼일대로 341 (저동1가,(중앙B/D별관3호))",no_exact_match,
휴게음식점,2020,LIC-rest_cafes-3010000-3010000-104-2002-00170,서울특별시 중구 장충동2가 189-2 (동대입구역322-13),no_exact_match,
휴게음식점,2020,LIC-rest_cafes-3010000-3010000-104-2003-00071,서울특별시 중구 을지로1가 89-1 (지하철2호선 을지로입구역 202-10호),no_exact_match,
휴게음식점,2020,LIC-rest_cafes-3010000-3010000-104-2005-00045,서울특별시 중구 을지로5가 0 (지하상가477호),no_exact_match,
휴게음식점,2020,LIC-rest_cafes-3010000-3010000-104-2005-00076,"서울특별시 중구 을지로1가 0 지하도상가내(29,31호)",no_exact_match,
휴게음식점,2020,LIC-rest_cafes-3010000-3010000-104-2005-00092,서울특별시 중구 충무로1가 52-20 (지하1층),no_exact_match,
휴게음식점,2020,LIC-rest_cafes-3010000-3010000-104-2005-00099,서울특별시 중구 충무로1가 52-20 (지하1층),no_exact_match,
휴게음식점,2020,LIC-rest_cafes-3010000-3010000-104-2005-00125,서울특별시 중구 충무로1가 52-20 (지하1층),no_exact_match,
휴게음식점,2020,LIC-rest_cafes-3010000-3010000-104-2005-00159,서울특별시 중구 충무로1가 52-20 (지하1층),no_exact_match,
휴게음식점,2020,LIC-rest_cafes-3010000-3010000-104-2005-00202,서울특별시 중구 소공동 87 소공지하상가40호,no_exact_match,
휴게음식점,2020,LIC-rest_cafes-3010000-3010000-104-2006-00101,서울특별시 중구 다동 187,no_exact_match,
휴게음식점,2020,LIC-rest_cafes-3010000-3010000-104-2006-00106,서울특별시 중구 을지로4가 0 (지하도상가401호),no_exact_match,
휴게음식점,2020,LIC-rest_cafes-3010000-3010000-104-2006-00118,서울특별시 중구 순화동 1-94 외24필지(지상1층),no_exact_match,
휴게음식점,2020,LIC-rest_cafes-3010000-3010000-104-2006-00121,"서울특별시 중구 을지로1가 2-0 을지로입구지하도상가(77,79,81,83호)",no_exact_match,
휴게음식점,2020,LIC-rest_cafes-3010000-3010000-104-2006-00129,"서울특별시 중구 만리재로 137 (만리동2가,외1필지(지상1층))",no_exact_match,
휴게음식점,2020,LIC-rest_cafes-3010000-3010000-104-2006-00152,서울특별시 중구 충무로1가 52-0 외1필지(지하1층),no_exact_match,
휴게음식점,2020,LIC-rest_cafes-3010000-3010000-104-2007-00040,"서울특별시 중구 세종대로2길 7 (남대문로5가,(지상1층))",no_exact_match,
휴게음식점,2020,LIC-rest_cafes-3010000-3010000-104-2007-00109,서울특별시 중구 신당동 294 (지하3층)5호선내,no_exact_match,
휴게음식점,2020,LIC-rest_cafes-3010000-3010000-104-2007-00124,서울특별시 중구 충무로1가 52-20 신세계백화점본점 식품관(지하1층),no_exact_match,
휴게음식점,2020,LIC-rest_cafes-3010000-3010000-104-2008-00024,"서울특별시 중구 세종대로2길 11 (남대문로5가,(지상1층))",no_exact_match,
휴게음식점,2020,LIC-rest_cafes-3010000-3010000-104-2009-00044,서울특별시 중구 신당동 294 청구역 지하3층,no_exact_match,
휴게음식점,2020,LIC-rest_cafes-3010000-3010000-104-2009-00120,서울특별시 중구 충무로1가 52-20 신세계백화점 지하1층,no_exact_match,
휴게음식점,2020,LIC-rest_cafes-3010000-3010000-104-2009-00274,"서울특별시 중구 서애로 7 (충무로5가,외1필지 (지상1층))",no_exact_match,
휴게음식점,2020,LIC-rest_cafes-3010000-3010000-104-2010-00166,서울특별시 중구 을지로4가 234-1 (을지지하상가 408호),no_exact_match,
휴게음식점,2020,LIC-rest_cafes-3010000-3010000-104-2010-00197,서울특별시 중구 방산동 0 방산동부터 오간수교까지이르는 하천부지 1층,no_exact_match,
휴게음식점,2020,LIC-rest_cafes-3010000-3010000-104-2011-00021,서울특별시 중구 을지로1가 89-1 2호선 을리로입구역상가 지하1층,no_exact_match,
휴게음식점,2020,LIC-rest_cafes-3010000-3010000-104-2011-00189,서울특별시 중구 충무로1가 64 (지하철4호선 명동역 구내 지하1층),no_exact_match,
휴게음식점,2020,LIC-rest_cafes-3010000-3010000-104-2011-00236,서울특별시 중구 을지로1가 89-1 지하철2호선 을지로입구역 지하1층,no_exact_match,
휴게음식점,2020,LIC-rest_cafes-3010000-3010000-104-2012-00050,서울특별시 중구 신당동 45 상가1층 1-5호,no_exact_match,
휴게음식점,2020,LIC-rest_cafes-3010000-3010000-104-2012-00058,서울특별시 중구 신당동 45 상가1층 2-4호,no_exact_match,
휴게음식점,2020,LIC-rest_cafes-3010000-3010000-104-2012-00125,서울특별시 중구 을지로1가 89-1 지하철2호선 지하1층 을지로입구역 202-10호,no_exact_match,
휴게음식점,2020,LIC-rest_cafes-3010000-3010000-104-2012-00140,서울특별시 중구 남창동 46 지하철4호선 회현역 지하1층,no_exact_match,
휴게음식점,2020,LIC-rest_cafes-3010000-3010000-104-2012-00149,서울특별시 중구 을지로4가 261 을지로4가역 역사내 지하1층 7번출구,no_exact_match,
휴게음식점,2020,LIC-rest_cafes-3010000-3010000-104-2012-00153,서울특별시 중구 을지로1가 89-1 지하1층,no_exact_match,
휴게음식점,2020,LIC-rest_cafes-3010000-3010000-104-2012-00185,서울특별시 중구 명동2가 107 1층,no_exact_match,
휴게음식점,2020,LIC-rest_cafes-3010000-3010000-104-2013-00035,"서울특별시 중구 삼일대로10길 28, 1층 (저동2가)",no_exact_match,
휴게음식점,2020,LIC-rest_cafes-3010000-3010000-104-2019-00276,서울특별시 중구 신당동 307-33 1층,no_exact_match,
휴게음식점,2020,LIC-rest_cafes-3020000-3020000-104-1982-02782,서울특별시 용산구 청파로 33 (청파동1가),no_exact_match,
휴게음식점,2020,LIC-rest_cafes-3020000-3020000-104-1987-02718,서울특별시 용산구 백범로99가길 30-2 (한강로2가),no_exact_match,
휴게음식점,2020,LIC-rest_cafes-3020000-3020000-104-1999-02114,서울특별시 용산구 한강로3가 65-227,no_exact_match,
휴게음식점,2020,LIC-rest_cafes-3020000-3020000-104-2000-07553,서울특별시 용산구 산천동 6,no_exact_match,
휴게음식점,2020,LIC-rest_cafes-3020000-3020000-104-2006-00022,"서울특별시 용산구 독서당로29길 29 (한남동,외36필지(학생회관 2층))",no_exact_match,
휴게음식점,2020,LIC-rest_cafes-3020000-3020000-104-2007-00040,서울특별시 용산구 한강로2가 351 (지상1층),no_exact_match,
휴게음식점,2020,LIC-rest_cafes-3020000-3020000-104-2007-00044,서울특별시 용산구 한강로3가 65-207 (지상1층),no_exact_match,
휴게음식점,2020,LIC-rest_cafes-3020000-3020000-104-2010-00008,서울특별시 용산구 한강로3가 65-207 (지상1층),no_exact_match,
휴게음식점,2020,LIC-rest_cafes-3030000-3030000-104-2006-00065,서울특별시 성동구 금호동3가 411,no_exact_match,
휴게음식점,2020,LIC-rest_cafes-3040000-3040000-104-2007-00079,서울특별시 광진구 능동 256 (지하2층),no_exact_match,
휴게음식점,2020,LIC-rest_cafes-3040000-3040000-104-2012-00010,서울특별시 광진구 자양동 73,no_exact_match,
휴게음식점,2020,LIC-rest_cafes-3050000-3050000-104-1981-09188,서울특별시 동대문구 용두동 216-1,no_exact_match,
휴게음식점,2020,LIC-rest_cafes-3050000-3050000-104-1987-09659,서울특별시 동대문구 제기동 122-321 (제기로 37-18),no_exact_match,
휴게음식점,2020,LIC-rest_cafes-3050000-3050000-104-2001-12460,"서울특별시 동대문구 전농동 645-0 동아(아)상가101,102호",no_exact_match,
휴게음식점,2020,LIC-rest_cafes-3050000-3050000-104-2007-00047,서울특별시 동대문구 장안동 416 지하1층 (장안남길 46),no_exact_match,
휴게음식점,2020,LIC-rest_cafes-3050000-3050000-104-2012-00006,서울특별시 동대문구 제기동 51 제기역 2번출구에서 개찰구방향으로 오른편,no_exact_match,
휴게음식점,2020,LIC-rest_cafes-3050000-3050000-104-2014-00010,서울특별시 동대문구 제기동 51 제기동역,no_exact_match,
휴게음식점,2020,LIC-rest_cafes-3060000-3060000-104-2009-00058,서울특별시 중랑구 사가정로37길 15 (면목동),no_exact_match,
휴게음식점,2020,LIC-rest_cafes-3060000-3060000-104-2011-00050,"서울특별시 중랑구 면목로49길 71 (면목동,1층)",no_exact_match,
휴게음식점,2020,LIC-rest_cafes-3060000-3060000-104-2016-00100,"서울특별시 중랑구 봉화산로4길 31, 1층 (중화동)",no_exact_match,
휴게음식점,2020,LIC-rest_cafes-3070000-3070000-104-1986-08418,서울특별시 성북구 하월곡동 77-370,no_exact_match,
휴게음식점,2020,LIC-rest_cafes-3070000-3070000-104-1993-08993,서울특별시 성북구 장월로 155-1 (장위동),no_exact_match,
휴게음식점,2020,LIC-rest_cafes-3070000-3070000-104-2000-10180,서울특별시 성북구 돈암동 583-0,no_exact_match,
휴게음식점,2020,LIC-rest_cafes-3070000-3070000-104-2005-00031,"서울특별시 성북구 성북동 278-3 ,-4",no_exact_match,
휴게음식점,2020,LIC-rest_cafes-3070000-3070000-104-2005-00035,서울특별시 성북구 삼선동2가 46,no_exact_match,
휴게음식점,2020,LIC-rest_cafes-3070000-3070000-104-2006-00056,서울특별시 성북구 길음동 544-26 외1필지,no_exact_match,
휴게음식점,2020,LIC-rest_cafes-3070000-3070000-104-2009-00048,"서울특별시 성북구 장월로38길 46 (장위동,(1층))",no_exact_match,
휴게음식점,2020,LIC-rest_cafes-3100000-3100000-104-1996-06232,서울특별시 노원구 하계동 11-2 한신스포츠센타 1층,no_exact_match,
휴게음식점,2020,LIC-rest_cafes-3100000-3100000-104-1999-06581,"서울특별시 노원구 월계로 343 (월계동,현주프라자 1층)",no_exact_match,
휴게음식점,2020,LIC-rest_cafes-3100000-3100000-104-2006-00044,서울특별시 노원구 덕릉로141길 0 (상계동),no_exact_match,
휴게음식점,2020,LIC-rest_cafes-3100000-3100000-104-2010-00086,서울특별시 노원구 월계로 337 (월계동),no_exact_match,
휴게음식점,2020,LIC-rest_cafes-3100000-3100000-104-2010-00115,서울특별시 노원구 상계동 0 2구역 15블럭 6롯트 명륜빌딩 지상 1층,no_exact_match,
휴게음식점,2020,LIC-rest_cafes-3100000-3100000-104-2011-00068,"서울특별시 노원구 월계로49길 28, 1층 (월계동)",no_exact_match,
휴게음식점,2020,LIC-rest_cafes-3100000-3100000-104-2011-00164,서울특별시 노원구 상계동 - 2구역 15블럭 5롯트 2층,no_exact_match,
휴게음식점,2020,LIC-rest_cafes-3100000-3100000-104-2012-00066,"서울특별시 노원구 상계동 107 6구역52블럭2롯트 단대아파트상가 107,108호",no_exact_match,
휴게음식점,2020,LIC-rest_cafes-3100000-3100000-104-2019-00193,"서울특별시 노원구 한글비석로19길 20, 수학문화관1층로비 (중계동)",no_exact_match,
휴게음식점,2020,LIC-rest_cafes-3110000-3110000-104-1986-04898,서울특별시 은평구 진관동 409-28,no_exact_match,
휴게음식점,2020,LIC-rest_cafes-3110000-3110000-104-1993-04708,서울특별시 은평구 통일로 620 (녹번동),no_exact_match,
휴게음식점,2020,LIC-rest_cafes-3110000-3110000-104-1995-05040,서울특별시 은평구 응암동 332-29 (지하1층),no_exact_match,
휴게음식점,2020,LIC-rest_cafes-3110000-3110000-104-1997-04761,서울특별시 은평구 갈현동 274-51,no_exact_match,
휴게음식점,2020,LIC-rest_cafes-3110000-3110000-104-2008-00025,서울특별시 은평구 증산동 223-27 1층 5호,no_exact_match,
휴게음식점,2020,LIC-rest_cafes-3110000-3110000-104-2009-00062,서울특별시 은평구 수색동 76-14 (지상2층),no_exact_match,
휴게음식점,2020,LIC-rest_cafes-3110000-3110000-104-2009-00076,서울특별시 은평구 수색동 76-14 이마트수색점 4층,no_exact_match,
휴게음식점,2020,LIC-rest_cafes-3110000-3110000-104-2011-00139,서울특별시 은평구 갈현동 439 지하1층 지하철3호선 연신내역점,no_exact_match,
휴게음식점,2020,LIC-rest_cafes-3110000-3110000-104-2012-00099,서울특별시 은평구 불광동 281 3호선 불광역사내,no_exact_match,
휴게음식점,2020,LIC-rest_cafes-3110000-3110000-104-2012-00100,서울특별시 은평구 갈현동 439 3호선 연신내역사내,no_exact_match,
휴게음식점,2020,LIC-rest_cafes-3110000-3110000-104-2014-00056,"서울특별시 은평구 가좌로12길 18 (신사동, 1층)",no_exact_match,
휴게음식점,2020,LIC-rest_cafes-3110000-3110000-104-2014-00065,"서울특별시 은평구 통일로78길 11-9 (불광동, 1층)",no_exact_match,
휴게음식점,2020,LIC-rest_cafes-3110000-3110000-104-2016-00168,"서울특별시 은평구 불광동 1-200 상가동 지층 1,2호",no_exact_match,
휴게음식점,2020,LIC-rest_cafes-3120000-3120000-104-1970-03091,서울특별시 서대문구 남가좌동 259-2,no_exact_match,
휴게음식점,2020,LIC-rest_cafes-3120000-3120000-104-1970-03165,서울특별시 서대문구 홍은동 48-84,no_exact_match,
휴게음식점,2020,LIC-rest_cafes-3120000-3120000-104-1983-03088,서울특별시 서대문구 남가좌동 262-9,no_exact_match,
휴게음식점,2020,LIC-rest_cafes-3120000-3120000-104-1983-03162,서울특별시 서대문구 연희동 172-4,no_exact_match,
휴게음식점,2020,LIC-rest_cafes-3120000-3120000-104-1984-08559,서울특별시 서대문구 남가좌동 159-5,no_exact_match,
휴게음식점,2020,LIC-rest_cafes-3120000-3120000-104-1989-08457,서울특별시 서대문구 옥천동 1-18,no_exact_match,
휴게음식점,2020,LIC-rest_cafes-3120000-3120000-104-1993-03135,서울특별시 서대문구 합동 189-0 신원빌딩,no_exact_match,
휴게음식점,2020,LIC-rest_cafes-3120000-3120000-104-1994-03125,서울특별시 서대문구 합동 189-4,no_exact_match,
휴게음식점,2020,LIC-rest_cafes-3120000-3120000-104-1994-03238,서울특별시 서대문구 남가좌동 124-40,no_exact_match,
휴게음식점,2020,LIC-rest_cafes-3120000-3120000-104-1995-03320,서울특별시 서대문구 연희동 13-0,no_exact_match,
휴게음식점,2020,LIC-rest_cafes-3120000-3120000-104-1996-03350,서울특별시 서대문구 신촌동 9-1,no_exact_match,
휴게음식점,2020,LIC-rest_cafes-3120000-3120000-104-1999-03815,서울특별시 서대문구 북가좌동 292-52,no_exact_match,
휴게음식점,2020,LIC-rest_cafes-3120000-3120000-104-1999-04069,서울특별시 서대문구 남가좌동 188-3,no_exact_match,
휴게음식점,2020,LIC-rest_cafes-3120000-3120000-104-1999-09792,서울특별시 서대문구 북가좌동 113-48,no_exact_match,
휴게음식점,2020,LIC-rest_cafes-3120000-3120000-104-2000-04969,서울특별시 서대문구 대현동 121-19,no_exact_match,
휴게음식점,2020,LIC-rest_cafes-3120000-3120000-104-2001-05053,서울특별시 서대문구 남가좌동 237-0 삼성(아)상가지하1층05호,no_exact_match,
휴게음식점,2020,LIC-rest_cafes-3120000-3120000-104-2001-10432,서울특별시 서대문구 대현동 90-31,no_exact_match,
휴게음식점,2020,LIC-rest_cafes-3120000-3120000-104-2002-00014,서울특별시 서대문구 북아현로 1 (북아현동),no_exact_match,
휴게음식점,2020,LIC-rest_cafes-3120000-3120000-104-2003-00036,서울특별시 서대문구 홍은동 48-84 유진상가 1층,no_exact_match,
휴게음식점,2020,LIC-rest_cafes-3120000-3120000-104-2006-00027,서울특별시 서대문구 대현동 60-101 지상1층,no_exact_match,
휴게음식점,2020,LIC-rest_cafes-3120000-3120000-104-2007-00030,서울특별시 서대문구 북아현동 144-1 지상1층,no_exact_match,
휴게음식점,2020,LIC-rest_cafes-3120000-3120000-104-2008-00067,서울특별시 서대문구 북아현동 176-49 지상1층,no_exact_match,
휴게음식점,2020,LIC-rest_cafes-3120000-3120000-104-2008-00073,서울특별시 서대문구 충정로3가 58 충정로역사 5호선 지하2층,no_exact_match,
휴게음식점,2020,LIC-rest_cafes-3120000-3120000-104-2011-00027,서울특별시 서대문구 홍은동 48-84 유진상가 1층,no_exact_match,
휴게음식점,2020,LIC-rest_cafes-3120000-3120000-104-2013-00057,서울특별시 서대문구 홍은중앙로 65 (홍은동),no_exact_match,
휴게음식점,2020,LIC-rest_cafes-3120000-3120000-104-2014-00071,서울특별시 서대문구 거북골로 64 (남가좌동),no_exact_match,
휴게음식점,2020,LIC-rest_cafes-3120000-3120000-104-2018-00149,서울특별시 서대문구 홍은동 48-84 유진상가 내 서대문50플러스센터 2층,no_exact_match,
휴게음식점,2020,LIC-rest_cafes-3130000-3130000-104-1971-06351,서울특별시 마포구 아현동 614-2,no_exact_match,
휴게음식점,2020,LIC-rest_cafes-3130000-3130000-104-1994-06590,서울특별시 마포구 대흥로24길 12 (염리동),no_exact_match,
휴게음식점,2020,LIC-rest_cafes-3130000-3130000-104-1995-06606,서울특별시 마포구 공덕동 188-44,no_exact_match,
휴게음식점,2020,LIC-rest_cafes-3130000-3130000-104-1997-06525,서울특별시 마포구 상암동 340-1,no_exact_match,
휴게음식점,2020,LIC-rest_cafes-3130000-3130000-104-2010-00013,서울특별시 마포구 아현동 329 지하철2호선 아현역사내 2번출구앞,no_exact_match,
휴게음식점,2020,LIC-rest_cafes-3130000-3130000-104-2010-00046,"서울특별시 마포구 숭문길 90 (염리동,지층)",no_exact_match,
휴게음식점,2020,LIC-rest_cafes-3130000-3130000-104-2010-00227,서울특별시 마포구 상암동 0 디지털미디어센터역 B1대합실 지에스25,no_exact_match,
휴게음식점,2020,LIC-rest_cafes-3130000-3130000-104-2011-00118,서울특별시 마포구 상암동 0 디엠씨내비 4-4 상암아이티타워 지하 121호,no_exact_match,
휴게음식점,2020,LIC-rest_cafes-3130000-3130000-104-2014-00043,서울특별시 마포구 숭문길 149 (대흥동),no_exact_match,
휴게음식점,2020,LIC-rest_cafes-3130000-3130000-104-2015-00089,"서울특별시 마포구 신촌로20길 9 (노고산동, 삼진빌딩 가동 1층일부)",no_exact_match,
휴게음식점,2020,LIC-rest_cafes-3140000-3140000-104-2011-00140,서울특별시 양천구 신정동 000-0 신정3택지개발사업지구상가3단지 316-109,no_exact_match,
휴게음식점,2020,LIC-rest_cafes-3140000-3140000-104-2013-00100,"서울특별시 양천구 중앙로43길 6-1, 1층 (신정동)",no_exact_match,
휴게음식점,2020,LIC-rest_cafes-3140000-3140000-104-2015-00074,"서울특별시 양천구 중앙로33길 11, 지상1층 (신정동)",no_exact_match,
휴게음식점,2020,LIC-rest_cafes-3140000-3140000-104-2015-00078,"서울특별시 양천구 중앙로29길 22, 지상1층 (신정동)",no_exact_match,
휴게음식점,2020,LIC-rest_cafes-3150000-3150000-104-2007-00045,"서울특별시 강서구 강서로 272, 지하 1층 (내발산동, 1동 발산역)",no_exact_match,
휴게음식점,2020,LIC-rest_cafes-3160000-3160000-104-1986-06884,서울특별시 구로구 가리봉동 148-40,no_exact_match,
휴게음식점,2020,LIC-rest_cafes-3160000-3160000-104-2007-00001,서울특별시 구로구 개봉동 148,no_exact_match,
휴게음식점,2020,LIC-rest_cafes-3160000-3160000-104-2012-00090,서울특별시 구로구 구로동 124 구로디지털역 전기실 옆 2호선 지상1층 232-003호,no_exact_match,
휴게음식점,2020,LIC-rest_cafes-3170000-3170000-104-1992-00233,"서울특별시 금천구 시흥대로71길 7, 지하1층 (시흥동)",no_exact_match,
휴게음식점,2020,LIC-rest_cafes-3180000-3180000-104-1970-01392,서울특별시 영등포구 신길동 209-103,no_exact_match,
휴게음식점,2020,LIC-rest_cafes-3180000-3180000-104-1972-01606,서울특별시 영등포구 문래동1가 71-6,no_exact_match,
휴게음식점,2020,LIC-rest_cafes-3180000-3180000-104-1981-01372,서울특별시 영등포구 양산로35길 12-1 (영등포동7가),no_exact_match,
휴게음식점,2020,LIC-rest_cafes-3180000-3180000-104-1981-01600,서울특별시 영등포구 양평동1가 13-12,no_exact_match,
휴게음식점,2020,LIC-rest_cafes-3180000-3180000-104-1981-02014,서울특별시 영등포구 영등포동 618-95,no_exact_match,
휴게음식점,2020,LIC-rest_cafes-3180000-3180000-104-1982-01834,서울특별시 영등포구 당산동2가 65-40,no_exact_match,
휴게음식점,2020,LIC-rest_cafes-3180000-3180000-104-1984-01129,서울특별시 영등포구 양평동2가 19-0,no_exact_match,
휴게음식점,2020,LIC-rest_cafes-3180000-3180000-104-1994-00874,서울특별시 영등포구 디지털로 446 (대림동),no_exact_match,
휴게음식점,2020,LIC-rest_cafes-3180000-3180000-104-1995-00670,서울특별시 영등포구 양화동 47-1,no_exact_match,
휴게음식점,2020,LIC-rest_cafes-3180000-3180000-104-1995-00711,서울특별시 영등포구 영등포동4가 426-0 지하1층,no_exact_match,
휴게음식점,2020,LIC-rest_cafes-3180000-3180000-104-1999-12339,서울특별시 영등포구 양평동3가 75-1 거성파스텔(아)상가 107동,no_exact_match,
휴게음식점,2020,LIC-rest_cafes-3180000-3180000-104-2001-13943,서울특별시 영등포구 영등포동4가 441-21,no_exact_match,
휴게음식점,2020,LIC-rest_cafes-3180000-3180000-104-2004-00036,"서울특별시 영등포구 영등포로 417 (신길동,외 3필지(1381,1382,1377))",no_exact_match,
휴게음식점,2020,LIC-rest_cafes-3180000-3180000-104-2006-00015,서울특별시 영등포구 영등포동1가 618 영등포역 구내,no_exact_match,
휴게음식점,2020,LIC-rest_cafes-3180000-3180000-104-2006-00074,서울특별시 영등포구 신길동 2152 지상1층,no_exact_match,
휴게음식점,2020,LIC-rest_cafes-3180000-3180000-104-2007-00110,서울특별시 영등포구 영등포동1가 618-496 롯데백화점 지하1층,no_exact_match,
휴게음식점,2020,LIC-rest_cafes-3180000-3180000-104-2008-00099,서울특별시 영등포구 신길동 3863 (1층),no_exact_match,
휴게음식점,2020,LIC-rest_cafes-3180000-3180000-104-2008-00103,서울특별시 영등포구 신길동 4664 외1필지,no_exact_match,
휴게음식점,2020,LIC-rest_cafes-3180000-3180000-104-2008-00139,"서울특별시 영등포구 디지털로 440 (대림동,지상1층)",no_exact_match,
휴게음식점,2020,LIC-rest_cafes-3180000-3180000-104-2009-00058,"서울특별시 영등포구 신길로 31 (대림동,외1필지 지상1층)",no_exact_match,
휴게음식점,2020,LIC-rest_cafes-3180000-3180000-104-2016-00199,서울특별시 영등포구 양화동 47 1층,no_exact_match,
휴게음식점,2020,LIC-rest_cafes-3180000-3180000-104-2017-00354,"서울특별시 영등포구 양산로 99-1, 1층 (당산동3가)",no_exact_match,
휴게음식점,2020,LIC-rest_cafes-3190000-3190000-104-1994-00917,서울특별시 동작구 대방동 356-1,no_exact_match,
휴게음식점,2020,LIC-rest_cafes-3190000-3190000-104-1999-07462,서울특별시 동작구 여의대방로22길 136 (신대방동),no_exact_match,
휴게음식점,2020,LIC-rest_cafes-3190000-3190000-104-2002-00022,서울특별시 동작구 신대방동 341-29,no_exact_match,
휴게음식점,2020,LIC-rest_cafes-3190000-3190000-104-2003-00003,서울특별시 동작구 상도1동 51,no_exact_match,
휴게음식점,2020,LIC-rest_cafes-3190000-3190000-104-2006-00011,서울특별시 동작구 상도동 36-1 대림아파트상가(지상1층),no_exact_match,
휴게음식점,2020,LIC-rest_cafes-3190000-3190000-104-2009-00090,서울특별시 동작구 신대방동 395 (보라매공원 매점),no_exact_match,
휴게음식점,2020,LIC-rest_cafes-3190000-3190000-104-2010-00005,서울특별시 동작구 대방동 393 신대방삼거리역점,no_exact_match,
휴게음식점,2020,LIC-rest_cafes-3190000-3190000-104-2010-00009,서울특별시 동작구 상도동 752-2,no_exact_match,
휴게음식점,2020,LIC-rest_cafes-3190000-3190000-104-2011-00022,"서울특별시 동작구 흑석로 115-8 (흑석동,지하1층)",no_exact_match,
휴게음식점,2020,LIC-rest_cafes-3190000-3190000-104-2011-00133,서울특별시 동작구 흑석동 45-2 흑석한강센트레빌 1층 111호,no_exact_match,
휴게음식점,2020,LIC-rest_cafes-3190000-3190000-104-2012-00069,서울특별시 동작구 사당동 9-31 4호선 총신대입구역사내 지하1층,no_exact_match,
휴게음식점,2020,LIC-rest_cafes-3190000-3190000-104-2012-00073,서울특별시 동작구 사당동 9-31 4호선 총신대입구역 지하1층,no_exact_match,
휴게음식점,2020,LIC-rest_cafes-3190000-3190000-104-2015-00043,"서울특별시 동작구 시흥대로 652, 지하층 (신대방동)",no_exact_match,
휴게음식점,2020,LIC-rest_cafes-3200000-3200000-104-2018-00056,"서울특별시 관악구 구암5길 16, 1층 (봉천동)",no_exact_match,
휴게음식점,2020,LIC-rest_cafes-3210000-3210000-104-1991-01217,서울특별시 서초구 반포동 257-3,no_exact_match,
휴게음식점,2020,LIC-rest_cafes-3210000-3210000-104-1993-00591,서울특별시 서초구 방배동 983-10,no_exact_match,
휴게음식점,2020,LIC-rest_cafes-3210000-3210000-104-2000-15917,서울특별시 서초구 양재동 23-1 (112호),no_exact_match,
휴게음식점,2020,LIC-rest_cafes-3210000-3210000-104-2001-16175,서울특별시 서초구 양재동 23-2 (1층),no_exact_match,
휴게음식점,2020,LIC-rest_cafes-3210000-3210000-104-2002-00045,서울특별시 서초구 양재동 11-43,no_exact_match,
휴게음식점,2020,LIC-rest_cafes-3210000-3210000-104-2002-00072,서울특별시 서초구 방배동 225 방배지하철역사내,no_exact_match,
휴게음식점,2020,LIC-rest_cafes-3210000-3210000-104-2002-00085,"서울특별시 서초구 서초동 84-1 강남대우쇼핑센타 B-32,33호",no_exact_match,
휴게음식점,2020,LIC-rest_cafes-3210000-3210000-104-2004-00142,"서울특별시 서초구 서초동 0-0 강남역강남지하상가지하1층에프6,15,16,17호",no_exact_match,
휴게음식점,2020,LIC-rest_cafes-3210000-3210000-104-2009-00251,서울특별시 서초구 반포동 75 9호선 고속터미널역사내 B2층(반포19-11이 맞음),no_exact_match,
휴게음식점,2020,LIC-rest_cafes-3210000-3210000-104-2010-00188,서울특별시 서초구 반포동 75 도시철도9호선 고속터미널역 B2층(반포19-11이 맞음),no_exact_match,
휴게음식점,2020,LIC-rest_cafes-3210000-3210000-104-2012-00016,서울특별시 서초구 서초동 1500 (서초 1748-5 가 맞음) 서초역내 B1층,no_exact_match,
휴게음식점,2020,LIC-rest_cafes-3210000-3210000-104-2012-00095,서울특별시 서초구 반포동 162 3호선 고속터미널역 지하2층 C-7호,no_exact_match,
휴게음식점,2020,LIC-rest_cafes-3210000-3210000-104-2014-00202,서울특별시 서초구 방배동 442-13 1층,no_exact_match,
휴게음식점,2020,LIC-rest_cafes-3210000-3210000-104-2015-00198,"서울특별시 서초구 안골1길 2, 2층 (내곡동)",no_exact_match,
휴게음식점,2020,LIC-rest_cafes-3210000-3210000-104-2015-00199,"서울특별시 서초구 안골1길 2, 1층 (내곡동)",no_exact_match,
휴게음식점,2020,LIC-rest_cafes-3210000-3210000-104-2016-00196,"서울특별시 서초구 서초동 1318-11 강남역 9,10번 출구",no_exact_match,
휴게음식점,2020,LIC-rest_cafes-3210000-3210000-104-2016-00237,"서울특별시 서초구 서초동 1318-11 강남역 9,10번 출구 외 2개소",no_exact_match,
휴게음식점,2020,LIC-rest_cafes-3210000-3210000-104-2016-00484,"서울특별시 서초구 서초동 1318-11 강남역 9번, 10번 출구(지오다노 앞)",no_exact_match,
휴게음식점,2020,LIC-rest_cafes-3210000-3210000-104-2016-00485,"서울특별시 서초구 서초동 1318-11 강남역9번,10번출구, 지오다노 앞",no_exact_match,
휴게음식점,2020,LIC-rest_cafes-3210000-3210000-104-2017-00028,"서울특별시 서초구 서초동 1318-11 강남역 9번,10번출구",no_exact_match,
휴게음식점,2020,LIC-rest_cafes-3210000-3210000-104-2017-00029,"서울특별시 서초구 서초동 1318-11 강남역 9,10번출구 외 2개소",no_exact_match,
휴게음식점,2020,LIC-rest_cafes-3210000-3210000-104-2017-00087,"서울특별시 서초구 서초동 1318-11 강남역 9,10번 출구",no_exact_match,
휴게음식점,2020,LIC-rest_cafes-3210000-3210000-104-2017-00266,"서울특별시 서초구 서초동 1318-11 강남역 9번,10번 출구 앞",no_exact_match,
휴게음식점,2020,LIC-rest_cafes-3210000-3210000-104-2017-00298,"서울특별시 서초구 안골1길 2, 1층 (내곡동)",no_exact_match,
휴게음식점,2020,LIC-rest_cafes-3210000-3210000-104-2018-00390,"서울특별시 서초구 안골1길 2, 1층 101호 (내곡동)",no_exact_match,
휴게음식점,2020,LIC-rest_cafes-3210000-3210000-104-2019-00116,서울특별시 서초구 잠원동 115-5 1층,no_exact_match,
휴게음식점,2020,LIC-rest_cafes-3220000-3220000-104-1975-01874,서울특별시 강남구 도곡동 125-22,no_exact_match,
휴게음식점,2020,LIC-rest_cafes-3220000-3220000-104-1979-02292,서울특별시 강남구 대치동 287-96,no_exact_match,
휴게음식점,2020,LIC-rest_cafes-3220000-3220000-104-1980-01839,서울특별시 강남구 개포동 0,no_exact_match,
휴게음식점,2020,LIC-rest_cafes-3220000-3220000-104-1982-01799,서울특별시 강남구 대치동 256-1 .3,no_exact_match,
휴게음식점,2020,LIC-rest_cafes-3220000-3220000-104-1982-01815,서울특별시 강남구 신사동 342-1,no_exact_match,
휴게음식점,2020,LIC-rest_cafes-3220000-3220000-104-1982-01817,서울특별시 강남구 역삼동 430-6,no_exact_match,
휴게음식점,2020,LIC-rest_cafes-3220000-3220000-104-1983-02165,서울특별시 강남구 개포동 0,no_exact_match,
휴게음식점,2020,LIC-rest_cafes-3220000-3220000-104-1984-01774,서울특별시 강남구 역삼동 437-1,no_exact_match,
휴게음식점,2020,LIC-rest_cafes-3220000-3220000-104-1985-02028,서울특별시 강남구 개포동 0,no_exact_match,
휴게음식점,2020,LIC-rest_cafes-3220000-3220000-104-1986-01711,서울특별시 강남구 역삼동 227-3,no_exact_match,
휴게음식점,2020,LIC-rest_cafes-3220000-3220000-104-1986-02745,서울특별시 강남구 압구정동 369-0,no_exact_match,
휴게음식점,2020,LIC-rest_cafes-3220000-3220000-104-1987-01682,서울특별시 강남구 개포동 504-0,no_exact_match,
휴게음식점,2020,LIC-rest_cafes-3220000-3220000-104-1988-01837,서울특별시 강남구 개포동 105-1,no_exact_match,
휴게음식점,2020,LIC-rest_cafes-3220000-3220000-104-1989-01654,서울특별시 강남구 삼성동 0-0,no_exact_match,
휴게음식점,2020,LIC-rest_cafes-3220000-3220000-104-1989-21888,서울특별시 강남구 개포동 188-21,no_exact_match,
휴게음식점,2020,LIC-rest_cafes-3220000-3220000-104-1993-00938,서울특별시 강남구 신사동 162-16 .17,no_exact_match,
휴게음식점,2020,LIC-rest_cafes-3220000-3220000-104-1995-01096,서울특별시 강남구 삼성동 8-3 지상1층,no_exact_match,
휴게음식점,2020,LIC-rest_cafes-3220000-3220000-104-1996-00670,서울특별시 강남구 청담동 123-52,no_exact_match,
휴게음식점,2020,LIC-rest_cafes-3220000-3220000-104-1996-00798,서울특별시 강남구 도곡동 112-0,no_exact_match,
휴게음식점,2020,LIC-rest_cafes-3220000-3220000-104-1998-02863,서울특별시 강남구 수서동 11-0 목연상가 17호호,no_exact_match,
휴게음식점,2020,LIC-rest_cafes-3220000-3220000-104-1999-20646,서울특별시 강남구 역삼동 796-21,no_exact_match,
휴게음식점,2020,LIC-rest_cafes-3220000-3220000-104-2000-22159,서울특별시 강남구 삼성동 159-2 011,no_exact_match,
휴게음식점,2020,LIC-rest_cafes-3220000-3220000-104-2000-22320,"서울특별시 강남구 언주로 406 (역삼동,(1층108호))",no_exact_match,
휴게음식점,2020,LIC-rest_cafes-3220000-3220000-104-2001-23852,서울특별시 강남구 개포동 0,no_exact_match,
휴게음식점,2020,LIC-rest_cafes-3220000-3220000-104-2001-23864,서울특별시 강남구 대치동 산 626 청실상가  111호,no_exact_match,
휴게음식점,2020,LIC-rest_cafes-3220000-3220000-104-2002-00134,"서울특별시 강남구 도곡동 956-3,4 지상1층",no_exact_match,
휴게음식점,2020,LIC-rest_cafes-3220000-3220000-104-2003-00233,서울특별시 강남구 수서동 439-2 수서역구내,no_exact_match,
휴게음식점,2020,LIC-rest_cafes-3220000-3220000-104-2005-00088,"서울특별시 강남구 논현로 732 (논현동,지상3층)",no_exact_match,
휴게음식점,2020,LIC-rest_cafes-3220000-3220000-104-2006-00070,"서울특별시 강남구 강남대로106길 26 (역삼동,지상1층)",no_exact_match,
휴게음식점,2020,LIC-rest_cafes-3220000-3220000-104-2008-00228,서울특별시 강남구 청담동 31-17 지상1층,no_exact_match,
휴게음식점,2020,LIC-rest_cafes-3220000-3220000-104-2009-00096,서울특별시 강남구 역삼동 707-37 한신인터밸리24지하2층B126호,no_exact_match,
휴게음식점,2020,LIC-rest_cafes-3220000-3220000-104-2011-00027,서울특별시 강남구 수서동 439-2 지하철3호선 수서역 구내,no_exact_match,
휴게음식점,2020,LIC-rest_cafes-3220000-3220000-104-2011-00168,서울특별시 강남구 일원동 214 일원역구내348-10,no_exact_match,
휴게음식점,2020,LIC-rest_cafes-3220000-3220000-104-2011-00317,서울특별시 강남구 수서동 439-2 수서역구내 지하1층,no_exact_match,
휴게음식점,2020,LIC-rest_cafes-3220000-3220000-104-2011-00392,서울특별시 강남구 신사동 327-13 지층,no_exact_match,
휴게음식점,2020,LIC-rest_cafes-3220000-3220000-104-2012-00152,"서울특별시 강남구 영동대로4길 7, 지상1층 (일원동, 공무원연금매장)",no_exact_match,
휴게음식점,2020,LIC-rest_cafes-3220000-3220000-104-2012-00324,서울특별시 강남구 일원동 214,no_exact_match,
휴게음식점,2020,LIC-rest_cafes-3220000-3220000-104-2012-00365,서울특별시 강남구 역삼동 796-22 지상106호,no_exact_match,
휴게음식점,2020,LIC-rest_cafes-3220000-3220000-104-2013-00095,"서울특별시 강남구 논현로 732, 지상1층 (논현동)",no_exact_match,
휴게음식점,2020,LIC-rest_cafes-3230000-3230000-104-1989-02064,서울특별시 송파구 동남로 4-15 (문정동),no_exact_match,
휴게음식점,2020,LIC-rest_cafes-3230000-3230000-104-2010-00284,"서울특별시 송파구 송파대로 359 (가락동, 지하철8호선 송파역 지하1층 )",no_exact_match,
휴게음식점,2020,LIC-rest_cafes-3240000-3240000-104-2007-00034,"서울특별시 강동구 구천면로31길 22 (천호동,(1층))",no_exact_match,
휴게음식점,2020,LIC-rest_cafes-3000000-3000000-104-1984-08965,서울특별시 종로구 신문로1가 51-0,filled,jibun:서울 종로구 신문로1가 51
휴게음식점,2020,LIC-rest_cafes-3000000-3000000-104-2000-11326,"서울특별시 종로구 성균관로 25-2, 지상1층 (명륜3가, 성균관대학교 교수회관)",filled,road:서울 종로구 성균관로 25-2
휴게음식점,2020,LIC-rest_cafes-3000000-3000000-104-2002-00047,"서울특별시 종로구 낙원동 25, 33, 35 지상2층",filled,jibun:서울 종로구 낙원동 25
휴게음식점,2020,LIC-rest_cafes-3000000-3000000-104-2003-00055,서울특별시 종로구 관수동 5  번지외 1필지 지상1층,filled,jibun:서울 종로구 관수동 5
휴게음식점,2020,LIC-rest_cafes-3000000-3000000-104-2004-00094,서울특별시 종로구 인사동 32-2    외1필지 지상2층,filled,jibun:서울 종로구 인사동 32-2
휴게음식점,2020,LIC-rest_cafes-3000000-3000000-104-2011-00131,서울특별시 종로구 종로1가 44 지하철1호선 종각역 전기실 옆,filled,jibun:서울 종로구 종로1가 44
휴게음식점,2020,LIC-rest_cafes-3000000-3000000-104-2012-00133,서울특별시 종로구 대학로 86 (동숭동),filled,road:서울 종로구 대학로 86
휴게음식점,2020,LIC-rest_cafes-3000000-3000000-104-2012-00134,"서울특별시 종로구 이화장길 81, 한국방송통신대학교 열린관 지상 1층 (동숭동)",filled,road:서울 종로구 이화장길 81
휴게음식점,2020,LIC-rest_cafes-3000000-3000000-104-2013-00061,"서울특별시 종로구 대학로14길 18-2, 2층 (혜화동)",filled,road:서울 종로구 대학로14길 18-2
휴게음식점,2020,LIC-rest_cafes-3000000-3000000-104-2014-00046,"서울특별시 종로구 평창문화로 81, 1층 (평창동)",filled,road:서울 종로구 평창문화로 81
휴게음식점,2020,LIC-rest_cafes-3000000-3000000-104-2016-00070,"서울특별시 종로구 우정국로 68, 1층 (관훈동)",filled,road:서울 종로구 우정국로 68
휴게음식점,2020,LIC-rest_cafes-3000000-3000000-104-2017-00005,"서울특별시 종로구 대학로 104, 1층 (동숭동)",filled,road:서울 종로구 대학로 104
휴게음식점,2020,LIC-rest_cafes-3000000-3000000-104-2017-00094,서울특별시 종로구 종로1가 44 1호선종각역 152-05호,filled,jibun:서울 종로구 종로1가 44
휴게음식점,2020,LIC-rest_cafes-3000000-3000000-104-2018-00229,"서울특별시 종로구 지봉로17길 17, 1층 (창신동)",filled,road:서울 종로구 지봉로17길 17
휴게음식점,2020,LIC-rest_cafes-3000000-3000000-104-2019-00092,"서울특별시 종로구 종로 292, 1층 (창신동)",filled,road:서울 종로구 종로 292
휴게음식점,2020,LIC-rest_cafes-3000000-3000000-104-2019-00119,"서울특별시 종로구 율곡로 286, 야드인빌딩 2층 (종로6가)",filled,road:서울 종로구 율곡로 286
휴게음식점,2020,LIC-rest_cafes-3010000-3010000-104-1968-01910,서울특별시 중구 신당동 106-0,filled,jibun:서울특별시 중구 흥인동 106
휴게음식점,2020,LIC-rest_cafes-3010000-3010000-104-1969-00959,서울특별시 중구 서소문로11길 2-1 (서소문동),filled,road:서울 중구 서소문로11길 2-1
휴게음식점,2020,LIC-rest_cafes-3010000-3010000-104-1974-01568,서울특별시 중구 신당동 11-1,filled,jibun:서울특별시 중구 무학동 11-1
휴게음식점,2020,LIC-rest_cafes-3010000-3010000-104-1978-00851,서울특별시 중구 충무로2가 2-4 충무지하상,filled,jibun:서울특별시 중구 충무로4가 2-4
휴게음식점,2020,LIC-rest_cafes-3010000-3010000-104-1982-00638,서울특별시 중구 신당동 97-1,filled,jibun:서울특별시 중구 흥인동 97-1
휴게음식점,2020,LIC-rest_cafes-3010000-3010000-104-1983-00567,서울특별시 중구 신당동 1-0,filled,jibun:서울특별시 중구 무학동 1
휴게음식점,2020,LIC-rest_cafes-3010000-3010000-104-1983-00618,서울특별시 중구 필동1가 36-1,filled,jibun:서울특별시 중구 필동3가 36-1
휴게음식점,2020,LIC-rest_cafes-3010000-3010000-104-1984-00470,서울특별시 중구 신당동 2-32,filled,jibun:서울특별시 중구 흥인동 2-32
휴게음식점,2020,LIC-rest_cafes-3010000-3010000-104-1986-00837,서울특별시 중구 신당동 71-0,filled,jibun:서울특별시 중구 무학동 71
휴게음식점,2020,LIC-rest_cafes-3010000-3010000-104-1988-00102,서울특별시 중구 신당동 1-0,filled,jibun:서울특별시 중구 무학동 1
휴게음식점,2020,LIC-rest_cafes-3010000-3010000-104-1989-00056,서울특별시 중구 신당동 1-0,filled,jibun:서울특별시 중구 무학동 1
휴게음식점,2020,LIC-rest_cafes-3010000-3010000-104-1989-01650,서울특별시 중구 회현동1가 1-11,filled,jibun:서울특별시 중구 회현동3가 1-11
휴게음식점,2020,LIC-rest_cafes-3010000-3010000-104-1991-01970,서울특별시 중구 소공동 120-28,filled,jibun:서울특별시 중구 서소문동 120-28
휴게음식점,2020,LIC-rest_cafes-3010000-3010000-104-1993-01676,서울특별시 중구 명동13길 29 (을지로2가),filled,jibun:서울특별시 중구 다동 13
휴게음식점,2020,LIC-rest_cafes-3010000-3010000-104-1993-01753,서울특별시 중구 필동1가 38-1,filled,jibun:서울특별시 중구 필동3가 38-1
휴게음식점,2020,LIC-rest_cafes-3010000-3010000-104-2009-00104,서울특별시 중구 신당동 106-1 신당역 지하2층,filled,jibun:서울특별시 중구 흥인동 106-1
휴게음식점,2020,LIC-rest_cafes-3010000-3010000-104-2013-00167,"서울특별시 중구 을지로 지하 281 (을지로7가, 동대문역사문화공원역사내 )",filled,road:서울 중구 을지로 281
휴게음식점,2020,LIC-rest_cafes-3010000-3010000-104-2014-00081,"서울특별시 중구 을지로 88 (을지로2가, 을지로지하도상가 을특4호)",filled,road:서울 중구 을지로 지하 88
휴게음식점,2020,LIC-rest_cafes-3010000-3010000-104-2017-00211,"서울특별시 중구 소공로 63 (충무로1가, 신세계백화점 지하1층)",filled,road:서울 중구 소공로 63
휴게음식점,2020,LIC-rest_cafes-3010000-3010000-104-2017-00299,서울특별시 중구 장충동2가 14-21 장충자락내 푸드존,filled,jibun:서울특별시 중구 장충동2가 산 14-21
휴게음식점,2020,LIC-rest_cafes-3010000-3010000-104-2017-00362,"서울특별시 중구 세종대로11길 36 (서소문동, 1층)",filled,road:서울 중구 세종대로11길 36
휴게음식점,2020,LIC-rest_cafes-3010000-3010000-104-2017-00373,"서울특별시 중구 중림로 51-2, 1층 (중림동)",filled,road:서울 중구 중림로 51-2
휴게음식점,2020,LIC-rest_cafes-3010000-3010000-104-2017-00407,"서울특별시 중구 남대문로 112, 1층 (남대문로1가)",filled,road:서울 중구 남대문로 112
휴게음식점,2020,LIC-rest_cafes-3010000-3010000-104-2018-00162,"서울특별시 중구 퇴계로 211-5, 1층 (충무로4가)",filled,road:서울 중구 퇴계로 211-5
휴게음식점,2020,LIC-rest_cafes-3020000-3020000-104-2010-00036,서울특별시 용산구 한강대로 112 (한강로2가),filled,road:서울 용산구 한강대로 지하 112
휴게음식점,2020,LIC-rest_cafes-3020000-3020000-104-2013-00091,"서울특별시 용산구 한강대로 112 (한강로2가, 신용산역 지하1층 429-13호)",filled,road:서울 용산구 한강대로 지하 112
휴게음식점,2020,LIC-rest_cafes-3020000-3020000-104-2014-00136,"서울특별시 용산구 한강대로 지하 112, 429-02호 (한강로2가, 신용산역)",filled,road:서울 용산구 한강대로 지하 112
휴게음식점,2020,LIC-rest_cafes-3020000-3020000-104-2019-00034,"서울특별시 용산구 원효로 186-1, 1층 (원효로2가)",filled,road:서울 용산구 원효로 186-1
휴게음식점,2020,LIC-rest_cafes-3020000-3020000-104-2019-00098,"서울특별시 용산구 원효로89길 12, 1층 (원효로1가)",filled,road:서울 용산구 원효로89길 12
휴게음식점,2020,LIC-rest_cafes-3030000-3030000-104-2007-00051,"서울특별시 성동구 행당로 지하 89 (행당동,행당역내 지하3층)",filled,road:서울 성동구 행당로 89
휴게음식점,2020,LIC-rest_cafes-3030000-3030000-104-2007-00053,"서울특별시 성동구 왕십리로 지하 300 (행당동,왕십리역내 지하2층)",filled,road:서울 성동구 왕십리로 지하 300
휴게음식점,2020,LIC-rest_cafes-3030000-3030000-104-2007-00055,"서울특별시 성동구 천호대로 지하 300 (용답동,답십리역내 지하2층)",filled,road:서울 성동구 천호대로 지하 300
휴게음식점,2020,LIC-rest_cafes-3030000-3030000-104-2015-00017,"서울특별시 성동구 왕십리로 206 (행당동, 한양대역 구내)",filled,road:서울 성동구 왕십리로 206
휴게음식점,2020,LIC-rest_cafes-3030000-3030000-104-2015-00033,"서울특별시 성동구 왕십리로 지하 300, 4층 (행당동, 왕십리역5호선 상왕십리역방향 환승로 약40m)",filled,road:서울 성동구 왕십리로 지하 300
휴게음식점,2020,LIC-rest_cafes-3030000-3030000-104-2015-00069,"서울특별시 성동구 왕십리로 206, 2층 (행당동, 2호선 한양대역 내)",filled,road:서울 성동구 왕십리로 206
휴게음식점,2020,LIC-rest_cafes-3030000-3030000-104-2017-00190,"서울특별시 성동구 왕십리로 지하 300, 2호선 지하2층 238-12호 (행당동)",filled,road:서울 성동구 왕십리로 지하 300
휴게음식점,2020,LIC-rest_cafes-3030000-3030000-104-2018-00047,"서울특별시 성동구 독서당로 227, 순복음옥수교회 1층 (옥수동)",filled,road:서울 성동구 독서당로 227
휴게음식점,2020,LIC-rest_cafes-3030000-3030000-104-2018-00071,"서울특별시 성동구 아차산로 18, 뚝섬역 2층 210-05호 (성수동1가)",filled,road:서울 성동구 아차산로 18
휴게음식점,2020,LIC-rest_cafes-3030000-3030000-104-2019-00094,"서울특별시 성동구 왕십리로 지하 300, 왕십리역 2호선지하2층 208-113호 (행당동)",filled,road:서울 성동구 왕십리로 지하 300
휴게음식점,2020,LIC-rest_cafes-3030000-3030000-104-2019-00113,"서울특별시 성동구 성수이로24길 3, A동 1층 (성수동2가)",filled,road:서울 성동구 성수이로24길 3
휴게음식점,2020,LIC-rest_cafes-3030000-3030000-104-2019-00185,"서울특별시 성동구 천호대로 244, 판매시설동 2층 2213호 (용답동, 청계 SK VIEW)",filled,road:서울 성동구 천호대로 244
휴게음식점,2020,LIC-rest_cafes-3060000-3060000-104-2006-00020,"서울특별시 중랑구 신내로 201 (신내동,홈플러스서울신내점)",filled,road:서울 중랑구 신내로 201
휴게음식점,2020,LIC-rest_cafes-3060000-3060000-104-2019-00066,"서울특별시 중랑구 상봉로15나길 2, 1층 (면목동)",filled,road:서울 중랑구 상봉로15나길 2
휴게음식점,2020,LIC-rest_cafes-3070000-3070000-104-1977-08417,"서울특별시 성북구 삼선동1가 21-1 ,16-1",filled,jibun:서울특별시 성북구 삼선동3가 21-1
휴게음식점,2020,LIC-rest_cafes-3080000-3080000-104-2012-00026,서울특별시 강북구 오현로 46 (미아동),filled,road:서울 강북구 오현로 지하 46
휴게음식점,2020,LIC-rest_cafes-3080000-3080000-104-2018-00042,"서울특별시 강북구 삼양로19길 206, 선경빌딩 지하1층 (미아동)",filled,road:서울 강북구 삼양로19길 206
휴게음식점,2020,LIC-rest_cafes-3100000-3100000-104-2015-00126,"서울특별시 노원구 덕릉로 851, 1층 (상계동, 재개발사업지구내)",filled,road:서울 노원구 덕릉로 851
휴게음식점,2020,LIC-rest_cafes-3100000-3100000-104-2019-00029,"서울특별시 노원구 광운로22길 39, 1층 (월계동)",filled,road:서울 노원구 광운로22길 39
휴게음식점,2020,LIC-rest_cafes-3110000-3110000-104-2008-00026,"서울특별시 은평구 진관3로 67, 909동 1층 106호 (진관동, 은평뉴타운 구파발)",filled,road:서울 은평구 진관3로 67
휴게음식점,2020,LIC-rest_cafes-3110000-3110000-104-2010-00123,"서울특별시 은평구 진관3로 67 (진관동,은평뉴타운 911동 상가104호 일부)",filled,road:서울 은평구 진관3로 67
휴게음식점,2020,LIC-rest_cafes-3110000-3110000-104-2010-00145,"서울특별시 은평구 진관3로 77, 922동 상가101호 (진관동)",filled,road:서울 은평구 진관3로 77
휴게음식점,2020,LIC-rest_cafes-3110000-3110000-104-2010-00149,"서울특별시 은평구 진관3로 77, 916동 110호 (진관동, 상가)",filled,road:서울 은평구 진관3로 77
휴게음식점,2020,LIC-rest_cafes-3110000-3110000-104-2011-00082,"서울특별시 은평구 진관2로 15-40 (진관동,1층(2호))",filled,road:서울 은평구 진관2로 15-40
휴게음식점,2020,LIC-rest_cafes-3110000-3110000-104-2012-00098,"서울특별시 은평구 진관3로 15-45 (진관동, 은평뉴타운구파발 1011동 지상1층 상가105호)",filled,road:서울 은평구 진관3로 15-45
휴게음식점,2020,LIC-rest_cafes-3110000-3110000-104-2013-00042,"서울특별시 은평구 진관3로 77 (진관동, 은평뉴타운 구파발919동 상가109호)",filled,road:서울 은평구 진관3로 77
휴게음식점,2020,LIC-rest_cafes-3110000-3110000-104-2014-00080,"서울특별시 은평구 연서로 487 (진관동, 제각말 528동 상가103호)",filled,road:서울 은평구 연서로 487
휴게음식점,2020,LIC-rest_cafes-3110000-3110000-104-2015-00017,"서울특별시 은평구 연서로50길 8 (진관동, 지하1층)",filled,road:서울 은평구 연서로50길 8
휴게음식점,2020,LIC-rest_cafes-3110000-3110000-104-2015-00095,"서울특별시 은평구 진관2로 12 (진관동, 메이플카운티2차 113~116호)",filled,road:서울 은평구 진관2로 12
휴게음식점,2020,LIC-rest_cafes-3110000-3110000-104-2015-00135,"서울특별시 은평구 진관2로 15-46, 1층 110호 (진관동, 메트로프라자 )",filled,road:서울 은평구 진관2로 15-46
휴게음식점,2020,LIC-rest_cafes-3110000-3110000-104-2015-00138,"서울특별시 은평구 진관2로 15-46 (진관동, 메트로플라자 1층 103호)",filled,road:서울 은평구 진관2로 15-46
휴게음식점,2020,LIC-rest_cafes-3110000-3110000-104-2015-00158,"서울특별시 은평구 진관2로 12, 2층 (진관동, 메이플카운티 2차 207호,211호)",filled,road:서울 은평구 진관2로 12
휴게음식점,2020,LIC-rest_cafes-3110000-3110000-104-2016-00003,"서울특별시 은평구 진관2로 15-46 (진관동, 1층 106호)",filled,road:서울 은평구 진관2로 15-46
휴게음식점,2020,LIC-rest_cafes-3110000-3110000-104-2016-00027,"서울특별시 은평구 통일로 1030 (진관동, 107호)",filled,road:서울 은평구 통일로 1030
휴게음식점,2020,LIC-rest_cafes-3110000-3110000-104-2016-00095,"서울특별시 은평구 진관3로 20 (진관동, SW 메디컬 빌딩 1,2층)",filled,road:서울 은평구 진관3로 20
휴게음식점,2020,LIC-rest_cafes-3110000-3110000-104-2016-00109,"서울특별시 은평구 진관3로 77 (진관동, 919동101호)",filled,road:서울 은평구 진관3로 77
휴게음식점,2020,LIC-rest_cafes-3110000-3110000-104-2017-00033,"서울특별시 은평구 통일로 1010, 아이파크포레스트게이트 지하2층 B203호 (진관동)",filled,road:서울 은평구 통일로 1010
휴게음식점,2020,LIC-rest_cafes-3110000-3110000-104-2017-00128,"서울특별시 은평구 진관3로 21, 101동 1층 110호 (진관동, 은평뉴타운 엘크루상가)",filled,road:서울 은평구 진관3로 21
휴게음식점,2020,LIC-rest_cafes-3110000-3110000-104-2017-00139,"서울특별시 은평구 진관3로 21, 101동 115호 (진관동, 은평뉴타운엘크루)",filled,road:서울 은평구 진관3로 21
휴게음식점,2020,LIC-rest_cafes-3110000-3110000-104-2017-00150,"서울특별시 은평구 진관3로 11, 121호 (진관동, 힐데스하임)",filled,road:서울 은평구 진관3로 11
휴게음식점,2020,LIC-rest_cafes-3110000-3110000-104-2017-00173,"서울특별시 은평구 진관3로 77, 제919동 제1층 제상가113호 (진관동)",filled,road:서울 은평구 진관3로 77
휴게음식점,2020,LIC-rest_cafes-3110000-3110000-104-2017-00175,"서울특별시 은평구 진관3로 11, 101동 1층 107호 (진관동, 은평뉴타운 힐데스하임)",filled,road:서울 은평구 진관3로 11
휴게음식점,2020,LIC-rest_cafes-3110000-3110000-104-2017-00185,"서울특별시 은평구 진관3로 21, 제101동 제1층 상가 제124호 (진관동, 은평뉴타운 엘크루)",filled,road:서울 은평구 진관3로 21
휴게음식점,2020,LIC-rest_cafes-3110000-3110000-104-2017-00225,"서울특별시 은평구 통일로 1020, 은평신한헤센스마트 1층 L101호 (진관동)",filled,road:서울 은평구 통일로 1020
휴게음식점,2020,LIC-rest_cafes-3110000-3110000-104-2017-00229,"서울특별시 은평구 진관3로 11, 101동 1층,2층 109호,110호,203호,204호 (진관동, 은평뉴타운 힐데스하임)",filled,road:서울 은평구 진관3로 11
휴게음식점,2020,LIC-rest_cafes-3110000-3110000-104-2017-00232,"서울특별시 은평구 진관3로 15-45, 1012동 상가101호 (진관동, 은평뉴타운 구파발)",filled,road:서울 은평구 진관3로 15-45
휴게음식점,2020,LIC-rest_cafes-3110000-3110000-104-2018-00012,"서울특별시 은평구 진관3로 21, 101동 1층 105호~108호 (진관동)",filled,road:서울 은평구 진관3로 21
휴게음식점,2020,LIC-rest_cafes-3110000-3110000-104-2018-00020,"서울특별시 은평구 진관3로 77, 923동 1층 상가103호 (진관동, 은평뉴타운 구파발)",filled,road:서울 은평구 진관3로 77
휴게음식점,2020,LIC-rest_cafes-3110000-3110000-104-2018-00023,"서울특별시 은평구 진관3로 67, 905동 1층 107호 (진관동, 은평뉴타운 구파발)",filled,road:서울 은평구 진관3로 67
휴게음식점,2020,LIC-rest_cafes-3110000-3110000-104-2018-00071,"서울특별시 은평구 진관3로 22, 3층 301호 (진관동)",filled,road:서울 은평구 진관3로 22
휴게음식점,2020,LIC-rest_cafes-3110000-3110000-104-2018-00092,"서울특별시 은평구 진관3로 11, 1층 104호 (진관동, 은평뉴타운 힐데스하임)",filled,road:서울 은평구 진관3로 11
휴게음식점,2020,LIC-rest_cafes-3110000-3110000-104-2018-00100,"서울특별시 은평구 진관3로 33, 1층 121호 (진관동)",filled,road:서울 은평구 진관3로 33
휴게음식점,2020,LIC-rest_cafes-3110000-3110000-104-2018-00134,"서울특별시 은평구 진관2로 15-46, 메트로프라자 6층 604호 (진관동)",filled,road:서울 은평구 진관2로 15-46
휴게음식점,2020,LIC-rest_cafes-3110000-3110000-104-2018-00165,"서울특별시 은평구 진관3로 77, 919동 상가105호 (진관동, 은평뉴타운 구파발)",filled,road:서울 은평구 진관3로 77
휴게음식점,2020,LIC-rest_cafes-3110000-3110000-104-2018-00176,"서울특별시 은평구 진관1로 93, 1층 (진관동)",filled,road:서울 은평구 진관1로 93
휴게음식점,2020,LIC-rest_cafes-3110000-3110000-104-2018-00177,"서울특별시 은평구 진관1로 21-35, 어드벤스힐오피스텔 117호 (진관동)",filled,road:서울 은평구 진관1로 21-35
휴게음식점,2020,LIC-rest_cafes-3110000-3110000-104-2019-00019,"서울특별시 은평구 진관3로 21, 은평뉴타운엘크루 101동 117호 (진관동)",filled,road:서울 은평구 진관3로 21
휴게음식점,2020,LIC-rest_cafes-3110000-3110000-104-2019-00021,"서울특별시 은평구 통일로 1010, 아이파크포레스트게이트 B101호 (진관동)",filled,road:서울 은평구 통일로 1010
휴게음식점,2020,LIC-rest_cafes-3110000-3110000-104-2019-00028,"서울특별시 은평구 연서로44길 55, 426동 상가 104, 105호 (진관동, 은평뉴타운 폭포동)",filled,road:서울 은평구 연서로44길 55
휴게음식점,2020,LIC-rest_cafes-3110000-3110000-104-2019-00054,"서울특별시 은평구 통일로 1010, 아이파크포레스트게이트 B209호 (진관동)",filled,road:서울 은평구 통일로 1010
휴게음식점,2020,LIC-rest_cafes-3110000-3110000-104-2019-00099,"서울특별시 은평구 진관3로 15-45, 1011동 1층 상가106호 (진관동, 은평뉴타운 구파발)",filled,road:서울 은평구 진관3로 15-45
휴게음식점,2020,LIC-rest_cafes-3110000-3110000-104-2019-00138,"서울특별시 은평구 연서로 302, 1층 우측호 (불광동)",filled,road:서울 은평구 연서로 302
휴게음식점,2020,LIC-rest_cafes-3110000-3110000-104-2019-00153,"서울특별시 은평구 진관3로 42, 2층 (진관동)",filled,road:서울 은평구 진관3로 42
휴게음식점,2020,LIC-rest_cafes-3110000-3110000-104-2019-00171,"서울특별시 은평구 진관3로 21, 은평뉴타운 엘크루 101동 1층 118호 (진관동)",filled,road:서울 은평구 진관3로 21
휴게음식점,2020,LIC-rest_cafes-3110000-3110000-104-2019-00192,"서울특별시 은평구 진관3로 33, 1층 130호 (진관동)",filled,road:서울 은평구 진관3로 33
휴게음식점,2020,LIC-rest_cafes-3120000-3120000-104-2003-00044,"서울특별시 서대문구 창천동 20-24   ,25(지상1층)",filled,jibun:서울 서대문구 창천동 20-24
휴게음식점,2020,LIC-rest_cafes-3120000-3120000-104-2009-00021,"서울특별시 서대문구 증가로12가길 30 (남가좌동,(지상1층))",filled,road:서울 서대문구 증가로 12
휴게음식점,2020,LIC-rest_cafes-3120000-3120000-104-2011-00005,"서울특별시 서대문구 대현동 27-5,6 (지상1층)",filled,jibun:서울 서대문구 대현동 27-5
휴게음식점,2020,LIC-rest_cafes-3120000-3120000-104-2014-00004,"서울특별시 서대문구 백련사길 39 (홍은동, 서대문문화체육회관)",filled,road:서울 서대문구 백련사길 39
휴게음식점,2020,LIC-rest_cafes-3120000-3120000-104-2016-00062,"서울특별시 서대문구 성산로 527, 지하1층 (대신동)",filled,road:서울 서대문구 성산로 527
휴게음식점,2020,LIC-rest_cafes-3120000-3120000-104-2016-00148,"서울특별시 서대문구 증가로 150, 상가동 B309호 (남가좌동, DMC센트럴아이파크)",filled,road:서울 서대문구 증가로 150
휴게음식점,2020,LIC-rest_cafes-3130000-3130000-104-2003-00044,"서울특별시 마포구 월드컵로 240 (성산동,서울월드컵경기장 (F2-BM1))",filled,road:서울 마포구 월드컵로 240
휴게음식점,2020,LIC-rest_cafes-3130000-3130000-104-2003-00052,"서울특별시 마포구 월드컵로 240 (성산동, 홈플러스 2층내)",filled,road:서울 마포구 월드컵로 240
휴게음식점,2020,LIC-rest_cafes-3130000-3130000-104-2003-00077,"서울특별시 마포구 월드컵로 240 (성산동,까르푸1층)",filled,road:서울 마포구 월드컵로 240
휴게음식점,2020,LIC-rest_cafes-3130000-3130000-104-2004-00035,"서울특별시 마포구 월드컵로 240 (성산동,서울월드컵경기장2층)",filled,road:서울 마포구 월드컵로 240
휴게음식점,2020,LIC-rest_cafes-3130000-3130000-104-2005-00068,서울특별시 마포구 백범로 지하 200 (공덕동),filled,road:서울 마포구 백범로 지하 200
휴게음식점,2020,LIC-rest_cafes-3130000-3130000-104-2005-00070,"서울특별시 마포구 월드컵로 240 (성산동,월드컵경기장내 한국까르푸(주))",filled,road:서울 마포구 월드컵로 240
휴게음식점,2020,LIC-rest_cafes-3130000-3130000-104-2006-00019,"서울특별시 마포구 월드컵로 240 (성산동,월드컵경기장내)",filled,road:서울 마포구 월드컵로 240
휴게음식점,2020,LIC-rest_cafes-3130000-3130000-104-2006-00028,"서울특별시 마포구 월드컵로 240 (성산동,까르푸내1층)",filled,road:서울 마포구 월드컵로 240
휴게음식점,2020,LIC-rest_cafes-3130000-3130000-104-2006-00103,"서울특별시 마포구 월드컵로 240 (성산동, 홈플러스내 1층)",filled,road:서울 마포구 월드컵로 240
휴게음식점,2020,LIC-rest_cafes-3130000-3130000-104-2007-00023,"서울특별시 마포구 월드컵로 240, 1층 (성산동, 월드컵경기장 내 홈플러스 )",filled,road:서울 마포구 월드컵로 240
휴게음식점,2020,LIC-rest_cafes-3130000-3130000-104-2007-00108,"서울특별시 마포구 마포대로 지하 210 (아현동,B1층)",filled,road:서울 마포구 마포대로 지하 210
휴게음식점,2020,LIC-rest_cafes-3130000-3130000-104-2008-00038,"서울특별시 마포구 마포대로 지하 33 (도화동,지하1층)",filled,road:서울 마포구 마포대로 33
휴게음식점,2020,LIC-rest_cafes-3130000-3130000-104-2008-00122,"서울특별시 마포구 월드컵로 240, 1층 (성산동, 월드컵쇼핑몰 CGV내)",filled,road:서울 마포구 월드컵로 240
휴게음식점,2020,LIC-rest_cafes-3130000-3130000-104-2008-00177,"서울특별시 마포구 월드컵로 240 (성산동, 홈플러스내 1층)",filled,road:서울 마포구 월드컵로 240
휴게음식점,2020,LIC-rest_cafes-3130000-3130000-104-2009-00124,"서울특별시 마포구 월드컵로 240 (성산동,월드컵경기장 2층(N3))",filled,road:서울 마포구 월드컵로 240
휴게음식점,2020,LIC-rest_cafes-3130000-3130000-104-2009-00125,"서울특별시 마포구 월드컵로 240 (성산동,월드컵경기장 2층 (E4))",filled,road:서울 마포구 월드컵로 240
휴게음식점,2020,LIC-rest_cafes-3130000-3130000-104-2010-00198,"서울특별시 마포구 월드컵로 240 (성산동,월드컵경기장내 홈플러스월드컵점 2층)",filled,road:서울 마포구 월드컵로 240
휴게음식점,2020,LIC-rest_cafes-3130000-3130000-104-2011-00274,"서울특별시 마포구 양화로 지하 160, 지하1층 (동교동, 홍대입구역 )",filled,road:서울 마포구 양화로 지하 160
휴게음식점,2020,LIC-rest_cafes-3130000-3130000-104-2013-00030,"서울특별시 마포구 월드컵로 240 (성산동, 월드컵경기장내 2층 )",filled,road:서울 마포구 월드컵로 240
휴게음식점,2020,LIC-rest_cafes-3130000-3130000-104-2013-00075,"서울특별시 마포구 월드컵로 240, 1층 (성산동, 홈플러스월드컵점)",filled,road:서울 마포구 월드컵로 240
휴게음식점,2020,LIC-rest_cafes-3130000-3130000-104-2013-00141,"서울특별시 마포구 월드컵로 240, 1층 (성산동, 서울월드컵경기장 홈플러스내)",filled,road:서울 마포구 월드컵로 240
휴게음식점,2020,LIC-rest_cafes-3130000-3130000-104-2013-00143,"서울특별시 마포구 월드컵로 240, 1층 (성산동, 서울월드컵경기장 홈플러스내)",filled,road:서울 마포구 월드컵로 240
휴게음식점,2020,LIC-rest_cafes-3130000-3130000-104-2014-00070,"서울특별시 마포구 와우산로21길 21-12, 1층 (서교동)",filled,road:서울 마포구 와우산로21길 21-12
휴게음식점,2020,LIC-rest_cafes-3130000-3130000-104-2014-00274,"서울특별시 마포구 양화로 지하 55 (서교동, 합정역 점포 238-04호)",filled,road:서울 마포구 양화로 지하 55
휴게음식점,2020,LIC-rest_cafes-3130000-3130000-104-2015-00004,"서울특별시 마포구 양화로 지하 45, 지1층 (합정동, 238-11호(합정역))",filled,road:서울 마포구 양화로 45
휴게음식점,2020,LIC-rest_cafes-3130000-3130000-104-2015-00007,"서울특별시 마포구 백범로 지하 200 (공덕동, 6호선공덕역내 지하1층일부)",filled,road:서울 마포구 백범로 지하 200
휴게음식점,2020,LIC-rest_cafes-3130000-3130000-104-2015-00210,"서울특별시 마포구 월드컵로 지하 190 (성산동, 6호선마포구청역내 지하1층일부)",filled,road:서울 마포구 월드컵로 190
휴게음식점,2020,LIC-rest_cafes-3130000-3130000-104-2015-00251,"서울특별시 마포구 백범로 지하 200 (공덕동, 지1층일부(매장번호:(626-1731)))",filled,road:서울 마포구 백범로 지하 200
휴게음식점,2020,LIC-rest_cafes-3130000-3130000-104-2016-00099,"서울특별시 마포구 양화로 지하 160 (동교동, 지하철2호선홍대입구역복합상가내239-02호)",filled,road:서울 마포구 양화로 지하 160
휴게음식점,2020,LIC-rest_cafes-3130000-3130000-104-2017-00008,"서울특별시 마포구 월드컵로 240 (성산동, 서울월드컵경기장내1층일부)",filled,road:서울 마포구 월드컵로 240
휴게음식점,2020,LIC-rest_cafes-3130000-3130000-104-2017-00230,"서울특별시 마포구 성암로 184 (상암동, 공항철도 디지털미디어시티역지1층일부)",filled,road:서울 마포구 성암로 지하 184
휴게음식점,2020,LIC-rest_cafes-3130000-3130000-104-2017-00254,"서울특별시 마포구 양화로 지하 45 (합정동, 서울도시철도6호선합정역지하3층일부)",filled,road:서울 마포구 양화로 45
휴게음식점,2020,LIC-rest_cafes-3130000-3130000-104-2017-00303,"서울특별시 마포구 월드컵로 240, 2층 x10,YV호 (성산동)",filled,road:서울 마포구 월드컵로 240
휴게음식점,2020,LIC-rest_cafes-3130000-3130000-104-2017-00306,"서울특별시 마포구 월드컵로 240 (성산동, 2층일부(X11, YW호 루시카토 코너))",filled,road:서울 마포구 월드컵로 240
휴게음식점,2020,LIC-rest_cafes-3130000-3130000-104-2017-00329,"서울특별시 마포구 월드컵로 240, 2층 XV,Y24호 (성산동)",filled,road:서울 마포구 월드컵로 240
휴게음식점,2020,LIC-rest_cafes-3130000-3130000-104-2017-00359,"서울특별시 마포구 월드컵로 240, 2층 X12, YW호 (성산동)",filled,road:서울 마포구 월드컵로 240
휴게음식점,2020,LIC-rest_cafes-3130000-3130000-104-2017-00372,"서울특별시 마포구 월드컵로 240, 2층 XP Y30호 (성산동)",filled,road:서울 마포구 월드컵로 240
휴게음식점,2020,LIC-rest_cafes-3130000-3130000-104-2017-00428,"서울특별시 마포구 양화로 지하 45, 지하1층 238-110호 (합정동)",filled,road:서울 마포구 양화로 45
휴게음식점,2020,LIC-rest_cafes-3130000-3130000-104-2018-00122,"서울특별시 마포구 양화로 지하 45, 합정역 지하3층 303호 (합정동)",filled,road:서울 마포구 양화로 45
휴게음식점,2020,LIC-rest_cafes-3130000-3130000-104-2018-00267,"서울특별시 마포구 월드컵로 240, 월드컵주경기장(홈플러스) 지상2층 (성산동)",filled,road:서울 마포구 월드컵로 240
휴게음식점,2020,LIC-rest_cafes-3130000-3130000-104-2018-00276,"서울특별시 마포구 월드컵로 240, 월드컵주경기장 2층 XH,Y30호 (성산동)",filled,road:서울 마포구 월드컵로 240
휴게음식점,2020,LIC-rest_cafes-3130000-3130000-104-2018-00277,"서울특별시 마포구 월드컵로 240, 홈플러스월드컵점 2층xd,y27호 (성산동)",filled,road:서울 마포구 월드컵로 240
휴게음식점,2020,LIC-rest_cafes-3130000-3130000-104-2018-00296,"서울특별시 마포구 월드컵로 240, 월드컵주경기장 2층 XE,Y31호 (성산동)",filled,road:서울 마포구 월드컵로 240
휴게음식점,2020,LIC-rest_cafes-3130000-3130000-104-2018-00308,"서울특별시 마포구 월드컵로 240, 월드컵주경기장 2층 XG, Y31호 (성산동)",filled,road:서울 마포구 월드컵로 240
휴게음식점,2020,LIC-rest_cafes-3130000-3130000-104-2018-00416,"서울특별시 마포구 월드컵로 240, 월드컵주경기장 2층 (성산동)",filled,road:서울 마포구 월드컵로 240
휴게음식점,2020,LIC-rest_cafes-3130000-3130000-104-2019-00077,"서울특별시 마포구 월드컵로 240, 월드컵주경기장 4층 (성산동)",filled,road:서울 마포구 월드컵로 240
휴게음식점,2020,LIC-rest_cafes-3130000-3130000-104-2019-00078,"서울특별시 마포구 월드컵로 240, 월드컵주경기장 4층일부 (성산동)",filled,road:서울 마포구 월드컵로 240
휴게음식점,2020,LIC-rest_cafes-3130000-3130000-104-2019-00152,"서울특별시 마포구 월드컵로 240, 월드컵주경기장 1층 (성산동)",filled,road:서울 마포구 월드컵로 240
휴게음식점,2020,LIC-rest_cafes-3130000-3130000-104-2019-00175,"서울특별시 마포구 월드컵로 240, 월드컵주경기장 북측광장 일대 (성산동)",filled,road:서울 마포구 월드컵로 240
휴게음식점,2020,LIC-rest_cafes-3130000-3130000-104-2019-00206,"서울특별시 마포구 마포대로 143, 마포공덕파크팰리스 Ⅱ 114~121호 (공덕동)",filled,road:서울 마포구 마포대로 143
휴게음식점,2020,LIC-rest_cafes-3130000-3130000-104-2019-00247,"서울특별시 마포구 월드컵로 240, 월드컵주경기장 2층 XF,YW3호 (성산동)",filled,road:서울 마포구 월드컵로 240
휴게음식점,2020,LIC-rest_cafes-3140000-3140000-104-2017-00061,"서울특별시 양천구 목동남로4길 6-23, 상가C동 101호 (신정동, 목동2차우성아파트)",filled,road:서울 양천구 목동남로4길 6-23
휴게음식점,2020,LIC-rest_cafes-3150000-3150000-104-2009-00062,"서울특별시 강서구 방화동로 30, 지하 1층 (방화동, 2동 지하철9호선역사내)",filled,road:서울 강서구 방화동로 지하 30
휴게음식점,2020,LIC-rest_cafes-3150000-3150000-104-2012-00079,"서울특별시 강서구 양천로 251, 1층 (마곡동, 마곡레포츠센터)",filled,road:서울 강서구 양천로 251
휴게음식점,2020,LIC-rest_cafes-3150000-3150000-104-2014-00031,"서울특별시 강서구 양천로 251, 1층 (마곡동, 1동 마곡레포츠센터)",filled,road:서울 강서구 양천로 251
휴게음식점,2020,LIC-rest_cafes-3150000-3150000-104-2015-00018,"서울특별시 강서구 마곡서1로 146, 1층 105호 (마곡동, 마곡엠밸리2단지)",filled,road:서울 강서구 마곡서1로 146
휴게음식점,2020,LIC-rest_cafes-3150000-3150000-104-2016-00246,"서울특별시 강서구 강서로 455, 마곡경동미르웰 101동 1층 113호 (마곡동)",filled,road:서울 강서구 강서로 455
휴게음식점,2020,LIC-rest_cafes-3150000-3150000-104-2017-00305,"서울특별시 강서구 마곡서1로 146, 상가동 1층 103호 (마곡동, 방화 1동 마곡엠밸리12단지)",filled,road:서울 강서구 마곡서1로 146
휴게음식점,2020,LIC-rest_cafes-3150000-3150000-104-2019-00161,"서울특별시 강서구 마곡중앙로 지하 135, 마곡나루역(9호선-공항철도 환승게이트) 지하 1층 (마곡동)",filled,road:서울 강서구 마곡중앙로 지하 135
휴게음식점,2020,LIC-rest_cafes-3160000-3160000-104-2007-00072,"서울특별시 구로구 오류로8길 60 (오류동,(응골길 46))",filled,road:서울 구로구 오류로8길 60
휴게음식점,2020,LIC-rest_cafes-3160000-3160000-104-2008-00067,"서울특별시 구로구 오류로8길 16 (오류동,세명프라자 102호)",filled,road:서울 구로구 오류로8길 16
휴게음식점,2020,LIC-rest_cafes-3160000-3160000-104-2012-00006,"서울특별시 구로구 개봉로19길 11, 1층 121호 (개봉동, 세이지움 개봉)",filled,road:서울 구로구 개봉로19길 11
휴게음식점,2020,LIC-rest_cafes-3160000-3160000-104-2019-00066,"서울특별시 구로구 공원로 35, 1층 13호 (구로동, 새솔금호아파트)",filled,road:서울 구로구 공원로 35
휴게음식점,2020,LIC-rest_cafes-3170000-3170000-104-2018-00010,"서울특별시 금천구 가산디지털1로 159, 이랜드가산동사옥 지상1층 (가산동)",filled,road:서울 금천구 가산디지털1로 159
휴게음식점,2020,LIC-rest_cafes-3180000-3180000-104-1995-00454,서울특별시 영등포구 영등포동 23-2,filled,jibun:서울 영등포구 영등포동3가 23-2
휴게음식점,2020,LIC-rest_cafes-3180000-3180000-104-2015-00148,"서울특별시 영등포구 신풍로17길 7, 1층 (신길동)",filled,road:서울 영등포구 신풍로17길 7
휴게음식점,2020,LIC-rest_cafes-3180000-3180000-104-2016-00245,"서울특별시 영등포구 여의동로 343 (여의도동, 여의도한강공원 이벤트광장(84도4869))",filled,road:서울 영등포구 여의동로 지하 343
휴게음식점,2020,LIC-rest_cafes-3180000-3180000-104-2016-00246,"서울특별시 영등포구 여의동로 343 (여의도동, 여의도한강공원 이벤트광장(90어5538))",filled,road:서울 영등포구 여의동로 지하 343
휴게음식점,2020,LIC-rest_cafes-3180000-3180000-104-2016-00247,"서울특별시 영등포구 여의동로 343 (여의도동, 여의도한강공원 이벤트광장(82더9415))",filled,road:서울 영등포구 여의동로 지하 343
휴게음식점,2020,LIC-rest_cafes-3180000-3180000-104-2016-00248,"서울특별시 영등포구 여의동로 343 (여의도동, 여의도한강공원 이벤트광장)",filled,road:서울 영등포구 여의동로 지하 343
휴게음식점,2020,LIC-rest_cafes-3180000-3180000-104-2016-00250,"서울특별시 영등포구 여의동로 343 (여의도동, 여의도한강공원 이벤트광장(92어8851))",filled,road:서울 영등포구 여의동로 지하 343
휴게음식점,2020,LIC-rest_cafes-3180000-3180000-104-2016-00252,"서울특별시 영등포구 여의동로 343 (여의도동, 여의도한강공원 이벤트광장(87보6011))",filled,road:서울 영등포구 여의동로 지하 343
휴게음식점,2020,LIC-rest_cafes-3180000-3180000-104-2016-00256,"서울특별시 영등포구 여의동로 343 (여의도동, 여의동한강공원 이벤트광장(90오8278))",filled,road:서울 영등포구 여의동로 지하 343
휴게음식점,2020,LIC-rest_cafes-3180000-3180000-104-2016-00257,"서울특별시 영등포구 여의동로 343 (여의도동, 여의도한강공원 이벤트광장(87나6530))",filled,road:서울 영등포구 여의동로 지하 343
휴게음식점,2020,LIC-rest_cafes-3180000-3180000-104-2016-00258,"서울특별시 영등포구 여의동로 343 (여의도동, 여의도한강공원 이벤트광장(84저6608))",filled,road:서울 영등포구 여의동로 지하 343
휴게음식점,2020,LIC-rest_cafes-3180000-3180000-104-2016-00259,"서울특별시 영등포구 여의동로 343 (여의도동, 여의도 한강공원 이벤트 광장(94보3029))",filled,road:서울 영등포구 여의동로 지하 343
휴게음식점,2020,LIC-rest_cafes-3180000-3180000-104-2016-00261,"서울특별시 영등포구 여의동로 343 (여의도동, 여의도한강공원 이벤트광장(84나7850))",filled,road:서울 영등포구 여의동로 지하 343
휴게음식점,2020,LIC-rest_cafes-3180000-3180000-104-2016-00262,"서울특별시 영등포구 여의동로 343 (여의도동, 여의도한강공원 이벤트광장(83주4819))",filled,road:서울 영등포구 여의동로 지하 343
휴게음식점,2020,LIC-rest_cafes-3180000-3180000-104-2016-00263,"서울특별시 영등포구 여의동로 343 (여의도동, 여의도한강공원 이벤트광장(80어6618))",filled,road:서울 영등포구 여의동로 지하 343
휴게음식점,2020,LIC-rest_cafes-3180000-3180000-104-2016-00265,"서울특별시 영등포구 여의동로 343 (여의도동, 여의도한강공원 이벤트광장(83어8788))",filled,road:서울 영등포구 여의동로 지하 343
휴게음식점,2020,LIC-rest_cafes-3180000-3180000-104-2016-00267,"서울특별시 영등포구 여의동로 343 (여의도동, 여의도한강공원 이벤트광장(98도9905))",filled,road:서울 영등포구 여의동로 지하 343
휴게음식점,2020,LIC-rest_cafes-3180000-3180000-104-2016-00268,"서울특별시 영등포구 여의동로 343 (여의도동, 여의도한강공원 이벤트광장(96구8691))",filled,road:서울 영등포구 여의동로 지하 343
휴게음식점,2020,LIC-rest_cafes-3180000-3180000-104-2016-00269,"서울특별시 영등포구 여의동로 343 (여의도동, 여의도한강공원 이벤트광장(96나4120))",filled,road:서울 영등포구 여의동로 지하 343
휴게음식점,2020,LIC-rest_cafes-3180000-3180000-104-2016-00270,"서울특별시 영등포구 여의동로 343 (여의도동, 여의도한강공원 이벤트광장(84서5280))",filled,road:서울 영등포구 여의동로 지하 343
휴게음식점,2020,LIC-rest_cafes-3180000-3180000-104-2016-00271,"서울특별시 영등포구 여의동로 343 (여의도동, 여의도한강공원 이벤트광장(91라3668))",filled,road:서울 영등포구 여의동로 지하 343
휴게음식점,2020,LIC-rest_cafes-3180000-3180000-104-2016-00273,"서울특별시 영등포구 여의동로 343 (여의도동, 여의도한강공원 이벤트광장(83거4628))",filled,road:서울 영등포구 여의동로 지하 343
휴게음식점,2020,LIC-rest_cafes-3180000-3180000-104-2016-00275,"서울특별시 영등포구 여의동로 343 (여의도동, 80우7863)",filled,road:서울 영등포구 여의동로 지하 343
휴게음식점,2020,LIC-rest_cafes-3180000-3180000-104-2016-00279,"서울특별시 영등포구 여의동로 343 (여의도동, 여의도한강공원 이벤트광장(94가5833))",filled,road:서울 영등포구 여의동로 지하 343
휴게음식점,2020,LIC-rest_cafes-3180000-3180000-104-2016-00298,"서울특별시 영등포구 여의동로 343 (여의도동, 여의도한강공원 이벤트광장(92로7309))",filled,road:서울 영등포구 여의동로 지하 343
휴게음식점,2020,LIC-rest_cafes-3180000-3180000-104-2016-00300,"서울특별시 영등포구 여의동로 343 (여의도동, 99나1062)",filled,road:서울 영등포구 여의동로 지하 343
휴게음식점,2020,LIC-rest_cafes-3180000-3180000-104-2016-00301,"서울특별시 영등포구 여의동로 343 (여의도동, 여의도한강공원 이벤트광장(89서4950))",filled,road:서울 영등포구 여의동로 지하 343
휴게음식점,2020,LIC-rest_cafes-3180000-3180000-104-2016-00302,"서울특별시 영등포구 여의동로 343 (여의도동, 여의도한강공원 이벤트광장(86소3251))",filled,road:서울 영등포구 여의동로 지하 343
휴게음식점,2020,LIC-rest_cafes-3180000-3180000-104-2016-00305,"서울특별시 영등포구 여의동로 343 (여의도동, 여의도한강공원이벤트광장(91어4403))",filled,road:서울 영등포구 여의동로 지하 343
휴게음식점,2020,LIC-rest_cafes-3180000-3180000-104-2016-00322,"서울특별시 영등포구 여의동로 343 (여의도동, (98러2576))",filled,road:서울 영등포구 여의동로 지하 343
휴게음식점,2020,LIC-rest_cafes-3180000-3180000-104-2018-00197,"서울특별시 영등포구 국회대로 632, 1층 (영등포동7가)",filled,road:서울 영등포구 국회대로 632
휴게음식점,2020,LIC-rest_cafes-3180000-3180000-104-2019-00019,"서울특별시 영등포구 선유로 314, 양화대교 전망카페 (당산동)",filled,road:서울 영등포구 선유로 314
휴게음식점,2020,LIC-rest_cafes-3180000-3180000-104-2019-00214,"서울특별시 영등포구 도림로 249-2, 1층 101호 (신길동)",filled,road:서울 영등포구 도림로 249-2
휴게음식점,2020,LIC-rest_cafes-3190000-3190000-104-2001-08053,서울특별시 동작구 상도1동 7-59,filled,jibun:서울 동작구 상도동 7-59
휴게음식점,2020,LIC-rest_cafes-3190000-3190000-104-2004-00052,서울특별시 동작구 상도1동 501-12,filled,jibun:서울 동작구 상도동 501-12
휴게음식점,2020,LIC-rest_cafes-3190000-3190000-104-2014-00037,"서울특별시 동작구 서달로13길 11-15, 1층 (흑석동)",filled,road:서울 동작구 서달로13길 11-15
휴게음식점,2020,LIC-rest_cafes-3190000-3190000-104-2016-00193,"서울특별시 동작구 상도로47길 89, 지상1층 (상도1동)",filled,road:서울 동작구 상도로47길 89
휴게음식점,2020,LIC-rest_cafes-3200000-3200000-104-2011-00053,"서울특별시 관악구 호암로22길 31, 대용빌딩 1층 (신림동)",filled,road:서울 관악구 호암로22길 31
휴게음식점,2020,LIC-rest_cafes-3200000-3200000-104-2011-00159,서울특별시 관악구 남부순환로 1578 (신림동),filled,road:서울 관악구 남부순환로 1578
휴게음식점,2020,LIC-rest_cafes-3200000-3200000-104-2014-00142,"서울특별시 관악구 법원단지길 22, 1층 (신림동)",filled,road:서울 관악구 법원단지길 22
휴게음식점,2020,LIC-rest_cafes-3210000-3210000-104-2005-00003,"서울특별시 서초구 양재대로 246 (염곡동,한국소비자보호원 지하1층)",filled,road:서울 서초구 양재대로 246
휴게음식점,2020,LIC-rest_cafes-3210000-3210000-104-2006-00133,서울특별시 서초구 잠원동 70-2 뉴코아아울렛 강남점 지하1층,filled,jibun:서울 서초구 잠원동 70-2
휴게음식점,2020,LIC-rest_cafes-3210000-3210000-104-2009-00006,"서울특별시 서초구 양재동 108-1,2 1층",filled,jibun:서울 서초구 양재동 108-1
휴게음식점,2020,LIC-rest_cafes-3210000-3210000-104-2010-00031,서울특별시 서초구 잠원동 70-2 강남킴스 지하1층,filled,jibun:서울 서초구 잠원동 70-2
휴게음식점,2020,LIC-rest_cafes-3210000-3210000-104-2010-00105,"서울특별시 서초구 양재동 327-5,6 1층 101호",filled,jibun:서울 서초구 양재동 327-5
휴게음식점,2020,LIC-rest_cafes-3210000-3210000-104-2010-00169,"서울특별시 서초구 동산로 14 (양재동,(103호))",filled,road:서울 서초구 동산로 14
휴게음식점,2020,LIC-rest_cafes-3210000-3210000-104-2019-00069,"서울특별시 서초구 헌릉로 176, 영동농협하나로마트 내곡점 지하1층 (내곡동)",filled,road:서울 서초구 헌릉로 176
휴게음식점,2020,LIC-rest_cafes-3210000-3210000-104-2019-00199,"서울특별시 서초구 성촌1길 20, 1층 101호,102호 (우면동)",filled,road:서울 서초구 성촌1길 20
휴게음식점,2020,LIC-rest_cafes-3210000-3210000-104-2019-00319,"서울특별시 서초구 양재천로 33, 서초구립양재도서관 3층 (양재동)",filled,road:서울 서초구 양재천로 33
휴게음식점,2020,LIC-rest_cafes-3220000-3220000-104-1989-01651,서울특별시 강남구 세곡동 102-2,filled,jibun:서울특별시 강남구 율현동 102-2
휴게음식점,2020,LIC-rest_cafes-3220000-3220000-104-2011-00405,서울특별시 강남구 압구정동 668 지하철3호선 압구정역구내,filled,jibun:서울특별시 강남구 신사동 668
휴게음식점,2020,LIC-rest_cafes-3220000-3220000-104-2015-00118,"서울특별시 강남구 남부순환로 3318, 강남주민편익시설동 지상1층 (일원동)",filled,road:서울 강남구 남부순환로 3318
휴게음식점,2020,LIC-rest_cafes-3220000-3220000-104-2016-00292,"서울특별시 강남구 삼성로86길 18, 1층 (대치동, 우경빌딩)",filled,road:서울 강남구 삼성로86길 18
휴게음식점,2020,LIC-rest_cafes-3230000-3230000-104-2010-00187,"서울특별시 송파구 성내천로 124, 지상2층 (거여동)",filled,road:서울 송파구 성내천로 124
휴게음식점,2020,LIC-rest_cafes-3230000-3230000-104-2015-00163,"서울특별시 송파구 송파대로 55, 서울복합물류 S동 103,104호 (장지동)",filled,road:서울 송파구 송파대로 55
휴게음식점,2020,LIC-rest_cafes-3230000-3230000-104-2015-00164,"서울특별시 송파구 송파대로 55, 서울복합물류단지 B동 지상1층 S102호 (장지동)",filled,road:서울 송파구 송파대로 55
휴게음식점,2020,LIC-rest_cafes-3230000-3230000-104-2015-00272,"서울특별시 송파구 송파대로 167, 문정역테라타워 A동 A140호 (문정동)",filled,road:서울 송파구 송파대로 167
휴게음식점,2020,LIC-rest_cafes-3230000-3230000-104-2015-00336,"서울특별시 송파구 송파대로 145, 문정 오벨리스크 1층 114,115호 (문정동)",filled,road:서울 송파구 송파대로 145
휴게음식점,2020,LIC-rest_cafes-3230000-3230000-104-2016-00070,"서울특별시 송파구 법원로 135, 지상1층 (문정동)",filled,road:서울 송파구 법원로 135
휴게음식점,2020,LIC-rest_cafes-3230000-3230000-104-2016-00081,"서울특별시 송파구 법원로 114, 엠스테이트 지하1층 B177호 (문정동)",filled,road:서울 송파구 법원로 114
휴게음식점,2020,LIC-rest_cafes-3230000-3230000-104-2016-00097,"서울특별시 송파구 법원로11길 7, C동 104호 (문정동, 현대지식산업센터)",filled,road:서울 송파구 법원로11길 7
휴게음식점,2020,LIC-rest_cafes-3230000-3230000-104-2016-00105,"서울특별시 송파구 법원로11길 7, C동 1층 106호 (문정동, 문정현대지식산업센터1-2)",filled,road:서울 송파구 법원로11길 7
휴게음식점,2020,LIC-rest_cafes-3230000-3230000-104-2016-00112,"서울특별시 송파구 송파대로 167, A동 G140-1호 (문정동, 문정역테라타워)",filled,road:서울 송파구 송파대로 167
휴게음식점,2020,LIC-rest_cafes-3230000-3230000-104-2016-00117,"서울특별시 송파구 법원로8길 7, 103호 (문정동)",filled,road:서울 송파구 법원로8길 7
휴게음식점,2020,LIC-rest_cafes-3230000-3230000-104-2016-00136,"서울특별시 송파구 법원로11길 11, B동 지상1층 163호 (문정동, 문정현대지식산업센터1-1)",filled,road:서울 송파구 법원로11길 11
휴게음식점,2020,LIC-rest_cafes-3230000-3230000-104-2016-00146,"서울특별시 송파구 법원로11길 11, A동 1층 129호 (문정동, 문정현대지식산업센터1-1)",filled,road:서울 송파구 법원로11길 11
휴게음식점,2020,LIC-rest_cafes-3230000-3230000-104-2016-00149,"서울특별시 송파구 송파대로 167, A동 1층 109호 (문정동, 문정역테라타워)",filled,road:서울 송파구 송파대로 167
휴게음식점,2020,LIC-rest_cafes-3230000-3230000-104-2016-00150,"서울특별시 송파구 법원로11길 11, A동 1층 124호 (문정동, 문정현대지식산업센터1-1)",filled,road:서울 송파구 법원로11길 11
휴게음식점,2020,LIC-rest_cafes-3230000-3230000-104-2016-00157,"서울특별시 송파구 법원로11길 7, 105호 (문정동, 현대지식산업센터)",filled,road:서울 송파구 법원로11길 7
휴게음식점,2020,LIC-rest_cafes-3230000-3230000-104-2016-00176,"서울특별시 송파구 법원로11길 11, B동 지하2층 B207호 (문정동, 문정현대지식산업센터 1-1)",filled,road:서울 송파구 법원로11길 11
휴게음식점,2020,LIC-rest_cafes-3230000-3230000-104-2016-00178,"서울특별시 송파구 법원로 127, 1층 123호 (문정동, 문정대명빌리온)",filled,road:서울 송파구 법원로 127
휴게음식점,2020,LIC-rest_cafes-3230000-3230000-104-2016-00186,"서울특별시 송파구 법원로11길 11, A동 125호 (문정동, 문정현대지식산업센터 1-1)",filled,road:서울 송파구 법원로11길 11
휴게음식점,2020,LIC-rest_cafes-3230000-3230000-104-2016-00199,"서울특별시 송파구 법원로11길 11, A동 1층 133호 (문정동, 문정현대지식산업센터1-1)",filled,road:서울 송파구 법원로11길 11
휴게음식점,2020,LIC-rest_cafes-3230000-3230000-104-2016-00214,"서울특별시 송파구 법원로11길 11, A동 1층 103호 (문정동, 문정현대지식산업센터1-1)",filled,road:서울 송파구 법원로11길 11
휴게음식점,2020,LIC-rest_cafes-3230000-3230000-104-2016-00225,"서울특별시 송파구 법원로11길 11, B동 1층 142,143호 (문정동, 문정현대지식산업센터1-1)",filled,road:서울 송파구 법원로11길 11
휴게음식점,2020,LIC-rest_cafes-3230000-3230000-104-2016-00279,"서울특별시 송파구 정의로 70, 케이디유타워 1층 105,106,107호 (문정동)",filled,road:서울 송파구 정의로 70
휴게음식점,2020,LIC-rest_cafes-3230000-3230000-104-2016-00322,"서울특별시 송파구 법원로 114, B동 118호 (문정동, 현대엠스테이트)",filled,road:서울 송파구 법원로 114
휴게음식점,2020,LIC-rest_cafes-3230000-3230000-104-2016-00325,"서울특별시 송파구 법원로11길 11, A동 131호 (문정동, 문정현대지식산업센터1-1)",filled,road:서울 송파구 법원로11길 11
휴게음식점,2020,LIC-rest_cafes-3230000-3230000-104-2016-00328,"서울특별시 송파구 법원로 114, E동 지하1층 B142호 (문정동, 엠스테이트)",filled,road:서울 송파구 법원로 114
휴게음식점,2020,LIC-rest_cafes-3230000-3230000-104-2016-00331,"서울특별시 송파구 법원로 127, 1층 (문정동)",filled,road:서울 송파구 법원로 127
휴게음식점,2020,LIC-rest_cafes-3230000-3230000-104-2016-00332,"서울특별시 송파구 법원로 114, E동 지하1층 B133호 (문정동, 엠스테이트)",filled,road:서울 송파구 법원로 114
휴게음식점,2020,LIC-rest_cafes-3230000-3230000-104-2016-00335,"서울특별시 송파구 법원로 114, C동 118호 (문정동, 현대엠스테이트)",filled,road:서울 송파구 법원로 114
휴게음식점,2020,LIC-rest_cafes-3230000-3230000-104-2016-00349,"서울특별시 송파구 법원로11길 11, B동 1층 155호 (문정동, 문정현대지식산업센터1-1)",filled,road:서울 송파구 법원로11길 11
휴게음식점,2020,LIC-rest_cafes-3230000-3230000-104-2016-00375,"서울특별시 송파구 송파대로 167, A동 지하1층 G150호 (문정동, 문정테라타워)",filled,road:서울 송파구 송파대로 167
휴게음식점,2020,LIC-rest_cafes-3230000-3230000-104-2017-00007,"서울특별시 송파구 법원로 114, C동 119호 (문정동, 일원엠스테이트)",filled,road:서울 송파구 법원로 114
휴게음식점,2020,LIC-rest_cafes-3230000-3230000-104-2017-00027,"서울특별시 송파구 법원로 114, C동 126호 (문정동, 일원엠스테이트)",filled,road:서울 송파구 법원로 114
휴게음식점,2020,LIC-rest_cafes-3230000-3230000-104-2017-00033,"서울특별시 송파구 송파대로 167, A동 G114호 (문정동, 문정역테라타워)",filled,road:서울 송파구 송파대로 167
휴게음식점,2020,LIC-rest_cafes-3230000-3230000-104-2017-00038,"서울특별시 송파구 송파대로 167, 지하1층 G172호 (문정동, 문정역 테라타워)",filled,road:서울 송파구 송파대로 167
휴게음식점,2020,LIC-rest_cafes-3230000-3230000-104-2017-00052,"서울특별시 송파구 법원로 114, E동 B176호 (문정동, 엠스테이트)",filled,road:서울 송파구 법원로 114
휴게음식점,2020,LIC-rest_cafes-3230000-3230000-104-2017-00065,"서울특별시 송파구 송파대로 167, B동 1층 159호 (문정동, 문정역 테라타워)",filled,road:서울 송파구 송파대로 167
휴게음식점,2020,LIC-rest_cafes-3230000-3230000-104-2017-00114,"서울특별시 송파구 정의로8길 7, 401호 (문정동)",filled,road:서울 송파구 정의로8길 7
휴게음식점,2020,LIC-rest_cafes-3230000-3230000-104-2017-00230,"서울특별시 송파구 송파대로 167, A동 1층 113호 (문정동, 문정역테라타워)",filled,road:서울 송파구 송파대로 167
휴게음식점,2020,LIC-rest_cafes-3230000-3230000-104-2017-00233,"서울특별시 송파구 송파대로 167, B동 1~2층 137,138,139,204호 (문정동, 문정역 테라타워)",filled,road:서울 송파구 송파대로 167
휴게음식점,2020,LIC-rest_cafes-3230000-3230000-104-2017-00238,"서울특별시 송파구 탄천동로 740, 1층 (장지동, 편의점 내)",filled,road:서울 송파구 탄천동로 740
휴게음식점,2020,LIC-rest_cafes-3230000-3230000-104-2017-00251,"서울특별시 송파구 송파대로 201, A동 1층 126호 (문정동, 송파테라타워2 지식산업센터)",filled,road:서울 송파구 송파대로 201
휴게음식점,2020,LIC-rest_cafes-3230000-3230000-104-2017-00282,"서울특별시 송파구 송파대로 201, A동 132호 (문정동, 송파테라타워2)",filled,road:서울 송파구 송파대로 201
휴게음식점,2020,LIC-rest_cafes-3230000-3230000-104-2017-00288,"서울특별시 송파구 법원로11길 7, C동 지하2층 B209-1호 (문정동, 문정현대지식산업센터1-2)",filled,road:서울 송파구 법원로11길 7
휴게음식점,2020,LIC-rest_cafes-3230000-3230000-104-2017-00295,"서울특별시 송파구 송파대로 201, A동 1층 134호 (문정동, 송파테라타워2)",filled,road:서울 송파구 송파대로 201
휴게음식점,2020,LIC-rest_cafes-3230000-3230000-104-2017-00304,"서울특별시 송파구 송파대로 201, A동 105호 (문정동, 테라타워2 편의점내)",filled,road:서울 송파구 송파대로 201
휴게음식점,2020,LIC-rest_cafes-3230000-3230000-104-2017-00317,"서울특별시 송파구 송이로 87, 1층 (가락동)",filled,road:서울 송파구 송이로 87
휴게음식점,2020,LIC-rest_cafes-3230000-3230000-104-2017-00321,"서울특별시 송파구 법원로 114, B동 120호 (문정동, 엠스테이트 편의점내)",filled,road:서울 송파구 법원로 114
휴게음식점,2020,LIC-rest_cafes-3230000-3230000-104-2017-00333,"서울특별시 송파구 송파대로 201, A동 108호 (문정동, 송파테라타워2)",filled,road:서울 송파구 송파대로 201
휴게음식점,2020,LIC-rest_cafes-3230000-3230000-104-2017-00345,"서울특별시 송파구 법원로 114, E동 지하1층 E-B168호 (문정동, 엠스테이트)",filled,road:서울 송파구 법원로 114
휴게음식점,2020,LIC-rest_cafes-3230000-3230000-104-2017-00350,"서울특별시 송파구 송파대로 201, A동 1층 130호 (문정동, 송파테라타워2)",filled,road:서울 송파구 송파대로 201
휴게음식점,2020,LIC-rest_cafes-3230000-3230000-104-2017-00371,"서울특별시 송파구 법원로9길 26, 1층 C-101호 (문정동, 에이치비즈니스파크)",filled,road:서울 송파구 법원로9길 26
휴게음식점,2020,LIC-rest_cafes-3230000-3230000-104-2017-00401,"서울특별시 송파구 송파대로 167, A동 1층 111호 (문정동, 문정역테라타워)",filled,road:서울 송파구 송파대로 167
휴게음식점,2020,LIC-rest_cafes-3230000-3230000-104-2017-00410,"서울특별시 송파구 법원로11길 7, C동 319호 (문정동, 문정현대지식산업센터 1-2)",filled,road:서울 송파구 법원로11길 7
휴게음식점,2020,LIC-rest_cafes-3230000-3230000-104-2017-00420,"서울특별시 송파구 법원로 114, 지하1층 E160호 (문정동, 엠스테이트)",filled,road:서울 송파구 법원로 114
휴게음식점,2020,LIC-rest_cafes-3230000-3230000-104-2017-00452,"서울특별시 송파구 송파대로 55, B동 램프 1층 S1-04호 (장지동, 서울복합물류)",filled,road:서울 송파구 송파대로 55
휴게음식점,2020,LIC-rest_cafes-3230000-3230000-104-2017-00453,"서울특별시 송파구 법원로11길 25, B동 1층 101호 (문정동, 에이치비지니스파크)",filled,road:서울 송파구 법원로11길 25
휴게음식점,2020,LIC-rest_cafes-3230000-3230000-104-2017-00477,"서울특별시 송파구 법원로11길 25, B동 1층 133호 (문정동, 에이치비지니스파크)",filled,road:서울 송파구 법원로11길 25
휴게음식점,2020,LIC-rest_cafes-3230000-3230000-104-2017-00479,"서울특별시 송파구 정의로7길 6, 102호 (문정동, 편의점 내)",filled,road:서울 송파구 정의로7길 6
휴게음식점,2020,LIC-rest_cafes-3230000-3230000-104-2018-00009,"서울특별시 송파구 법원로 128, 문정 에스케이브이원 지엘 메트로시티 B동 1층 119호 (문정동)",filled,road:서울 송파구 법원로 128
휴게음식점,2020,LIC-rest_cafes-3230000-3230000-104-2018-00014,"서울특별시 송파구 법원로4길 6, 문정아이파크 1층 136호 (문정동)",filled,road:서울 송파구 법원로4길 6
휴게음식점,2020,LIC-rest_cafes-3230000-3230000-104-2018-00028,"서울특별시 송파구 법원로 114, 엠스테이트 E동 지하1층 E-B178호 (문정동)",filled,road:서울 송파구 법원로 114
휴게음식점,2020,LIC-rest_cafes-3230000-3230000-104-2018-00029,"서울특별시 송파구 법원로9길 26, 에이치비지니스파크 지하1층 C-B135호 (문정동)",filled,road:서울 송파구 법원로9길 26
휴게음식점,2020,LIC-rest_cafes-3230000-3230000-104-2018-00030,"서울특별시 송파구 법원로11길 25, 에이치비지니스파크 지하1층 A-B113호 (문정동)",filled,road:서울 송파구 법원로11길 25
휴게음식점,2020,LIC-rest_cafes-3230000-3230000-104-2018-00032,"서울특별시 송파구 송파대로 167, 문정역테라타워 A동 1층 172호 (문정동)",filled,road:서울 송파구 송파대로 167
휴게음식점,2020,LIC-rest_cafes-3230000-3230000-104-2018-00035,"서울특별시 송파구 법원로 128, 문정SK V1 GL 메트로시티 B동 114호 (문정동)",filled,road:서울 송파구 법원로 128
휴게음식점,2020,LIC-rest_cafes-3230000-3230000-104-2018-00037,"서울특별시 송파구 법원로 128, 문정에스케이브이원지엘메트로시티 B동 BG120,B103호 (문정동)",filled,road:서울 송파구 법원로 128
휴게음식점,2020,LIC-rest_cafes-3230000-3230000-104-2018-00044,"서울특별시 송파구 법원로 114, 엠스테이트 C동 1층 103호 (문정동)",filled,road:서울 송파구 법원로 114
휴게음식점,2020,LIC-rest_cafes-3230000-3230000-104-2018-00047,"서울특별시 송파구 정의로7길 13, 힐스테이트 에코송파 119호 (문정동)",filled,road:서울 송파구 정의로7길 13
휴게음식점,2020,LIC-rest_cafes-3230000-3230000-104-2018-00061,"서울특별시 송파구 법원로 90, 파트너스2 2층 204호 (문정동)",filled,road:서울 송파구 법원로 90
휴게음식점,2020,LIC-rest_cafes-3230000-3230000-104-2018-00068,"서울특별시 송파구 법원로 114, 엠스테이트 E동 B137호 (문정동)",filled,road:서울 송파구 법원로 114
휴게음식점,2020,LIC-rest_cafes-3230000-3230000-104-2018-00074,"서울특별시 송파구 법원로 128, 문정에스케이브이원지엘메트로시티 C동 119호 (문정동)",filled,road:서울 송파구 법원로 128
휴게음식점,2020,LIC-rest_cafes-3230000-3230000-104-2018-00075,"서울특별시 송파구 송파대로 201, 송파 테라타워2 2층 201호 202호 (문정동)",filled,road:서울 송파구 송파대로 201
휴게음식점,2020,LIC-rest_cafes-3230000-3230000-104-2018-00080,"서울특별시 송파구 법원로 128, 문정에스케이브이원지엘메트로시티 B동 109호 (문정동)",filled,road:서울 송파구 법원로 128
휴게음식점,2020,LIC-rest_cafes-3230000-3230000-104-2018-00089,"서울특별시 송파구 정의로8길 7, 1층 105호 (문정동)",filled,road:서울 송파구 정의로8길 7
휴게음식점,2020,LIC-rest_cafes-3230000-3230000-104-2018-00098,"서울특별시 송파구 정의로7길 13, 104호,105 호 (문정동)",filled,road:서울 송파구 정의로7길 13
휴게음식점,2020,LIC-rest_cafes-3230000-3230000-104-2018-00100,"서울특별시 송파구 송파대로 201, 송파 테라타워2 B-136호 (문정동)",filled,road:서울 송파구 송파대로 201
휴게음식점,2020,LIC-rest_cafes-3230000-3230000-104-2018-00102,"서울특별시 송파구 법원로 128, 문정에스케이브이원지엘메트로시티 지하1층 CG122호 (문정동)",filled,road:서울 송파구 법원로 128
휴게음식점,2020,LIC-rest_cafes-3230000-3230000-104-2018-00123,"서울특별시 송파구 송파대로 145, 문정 오벨리스크 지상1층 107호 (문정동)",filled,road:서울 송파구 송파대로 145
휴게음식점,2020,LIC-rest_cafes-3230000-3230000-104-2018-00124,"서울특별시 송파구 법원로4길 5, 송파법조타운푸르지오 1층 102호 (문정동)",filled,road:서울 송파구 법원로4길 5
휴게음식점,2020,LIC-rest_cafes-3230000-3230000-104-2018-00133,"서울특별시 송파구 송파대로 201, 송파 테라타워2 B동 143호 (문정동)",filled,road:서울 송파구 송파대로 201
휴게음식점,2020,LIC-rest_cafes-3230000-3230000-104-2018-00137,"서울특별시 송파구 법원로9길 26, 에이치비지니스파크 지하1층 제씨-비131호 (문정동)",filled,road:서울 송파구 법원로9길 26
휴게음식점,2020,LIC-rest_cafes-3230000-3230000-104-2018-00142,"서울특별시 송파구 법원로 128, 문정에스케이브이원지엘메트로시티 C동 110호 (문정동)",filled,road:서울 송파구 법원로 128
휴게음식점,2020,LIC-rest_cafes-3230000-3230000-104-2018-00152,"서울특별시 송파구 정의로8길 13, 수성위너스 1층 101호 (문정동)",filled,road:서울 송파구 정의로8길 13
휴게음식점,2020,LIC-rest_cafes-3230000-3230000-104-2018-00155,"서울특별시 송파구 법원로4길 6, 문정아이파크 1동 1층 116호 (문정동)",filled,road:서울 송파구 법원로4길 6
휴게음식점,2020,LIC-rest_cafes-3230000-3230000-104-2018-00156,"서울특별시 송파구 법원로 128, 문정에스케이브이원지엘메트로시티 지하1층 CG123호 (문정동)",filled,road:서울 송파구 법원로 128
휴게음식점,2020,LIC-rest_cafes-3230000-3230000-104-2018-00163,"서울특별시 송파구 법원로11길 11, 문정현대지식산업센터1-1 B동 1층 138호 (문정동)",filled,road:서울 송파구 법원로11길 11
휴게음식점,2020,LIC-rest_cafes-3230000-3230000-104-2018-00171,"서울특별시 송파구 법원로11길 25, 에이치비지니스파크 지하1층 에이비109호 (문정동)",filled,road:서울 송파구 법원로11길 25
휴게음식점,2020,LIC-rest_cafes-3230000-3230000-104-2018-00184,"서울특별시 송파구 법원로4길 10, 힐스테이트에코문정 129,130호 (문정동)",filled,road:서울 송파구 법원로4길 10
휴게음식점,2020,LIC-rest_cafes-3230000-3230000-104-2018-00187,"서울특별시 송파구 법원로 128, 문정에스케이브이원지엘메트로시티 C동 101호 (문정동)",filled,road:서울 송파구 법원로 128
휴게음식점,2020,LIC-rest_cafes-3230000-3230000-104-2018-00193,"서울특별시 송파구 송파대로 167, 테라타워1 B동 1층 125호 (문정동)",filled,road:서울 송파구 송파대로 167
휴게음식점,2020,LIC-rest_cafes-3230000-3230000-104-2018-00228,"서울특별시 송파구 송파대로 167, 문정역테라타워 비동 1층 161호 (문정동)",filled,road:서울 송파구 송파대로 167
휴게음식점,2020,LIC-rest_cafes-3230000-3230000-104-2018-00230,"서울특별시 송파구 법원로4길 6, 문정아이파크 1동 120호 (문정동)",filled,road:서울 송파구 법원로4길 6
휴게음식점,2020,LIC-rest_cafes-3230000-3230000-104-2018-00239,"서울특별시 송파구 정의로7길 13, 힐스테이트에코송파 1층 115호 (문정동)",filled,road:서울 송파구 정의로7길 13
휴게음식점,2020,LIC-rest_cafes-3230000-3230000-104-2018-00265,"서울특별시 송파구 송파대로 155, NH송파농협 지하1층 (문정동)",filled,road:서울 송파구 송파대로 155
휴게음식점,2020,LIC-rest_cafes-3230000-3230000-104-2018-00288,"서울특별시 송파구 송파대로 201, 송파 테라타워2 A동 1층 101,102,103,125호 (문정동)",filled,road:서울 송파구 송파대로 201
휴게음식점,2020,LIC-rest_cafes-3230000-3230000-104-2018-00292,"서울특별시 송파구 법원로4길 10, 힐스테이트에코문정 지하117호 (문정동)",filled,road:서울 송파구 법원로4길 10
휴게음식점,2020,LIC-rest_cafes-3230000-3230000-104-2018-00295,"서울특별시 송파구 법원로11길 7, 문정현대지식산업센터1-2 C동 153호 (문정동)",filled,road:서울 송파구 법원로11길 7
휴게음식점,2020,LIC-rest_cafes-3230000-3230000-104-2018-00299,"서울특별시 송파구 법원로11길 11, 문정현대지식산업센터1-1 제1층 157호 (문정동)",filled,road:서울 송파구 법원로11길 11
휴게음식점,2020,LIC-rest_cafes-3230000-3230000-104-2018-00305,"서울특별시 송파구 법원로9길 26, 에이치비지니스파크 1층 제디-105호 (문정동)",filled,road:서울 송파구 법원로9길 26
휴게음식점,2020,LIC-rest_cafes-3230000-3230000-104-2018-00310,"서울특별시 송파구 법원로 127, 문정대명벨리온 B1층 9호 (문정동)",filled,road:서울 송파구 법원로 127
휴게음식점,2020,LIC-rest_cafes-3230000-3230000-104-2018-00326,"서울특별시 송파구 법원로8길 13, B203호 (문정동)",filled,road:서울 송파구 법원로8길 13
휴게음식점,2020,LIC-rest_cafes-3230000-3230000-104-2018-00328,"서울특별시 송파구 정의로 70, 케이디유타워 1층 102호 (문정동)",filled,road:서울 송파구 정의로 70
휴게음식점,2020,LIC-rest_cafes-3230000-3230000-104-2018-00336,"서울특별시 송파구 법원로 114, 엠스테이트 C동 218호 (문정동)",filled,road:서울 송파구 법원로 114
휴게음식점,2020,LIC-rest_cafes-3230000-3230000-104-2018-00360,"서울특별시 송파구 법원로 128, 문정에스케이브이원지엘메트로시티 B동 BF1층 G115호 (문정동)",filled,road:서울 송파구 법원로 128
휴게음식점,2020,LIC-rest_cafes-3230000-3230000-104-2018-00362,"서울특별시 송파구 송파대로 145, 문정 오벨리스크 S-119호 (문정동)",filled,road:서울 송파구 송파대로 145
휴게음식점,2020,LIC-rest_cafes-3230000-3230000-104-2018-00363,"서울특별시 송파구 법원로8길 13, 101,102,103,104호 (문정동)",filled,road:서울 송파구 법원로8길 13
휴게음식점,2020,LIC-rest_cafes-3230000-3230000-104-2018-00387,"서울특별시 송파구 법원로4길 6, 문정아이파크 1층 124호 (문정동)",filled,road:서울 송파구 법원로4길 6
휴게음식점,2020,LIC-rest_cafes-3230000-3230000-104-2018-00395,"서울특별시 송파구 송파대로 167, 문정역테라타워 A동 지하1층 G124호 (문정동)",filled,road:서울 송파구 송파대로 167
휴게음식점,2020,LIC-rest_cafes-3230000-3230000-104-2018-00413,"서울특별시 송파구 송파대로 201, 송파 테라타워2 B동 139호 (문정동)",filled,road:서울 송파구 송파대로 201
휴게음식점,2020,LIC-rest_cafes-3230000-3230000-104-2018-00423,"서울특별시 송파구 법원로11길 7, 문정현대지식산업센터1-2 1층 144호 (문정동)",filled,road:서울 송파구 법원로11길 7
휴게음식점,2020,LIC-rest_cafes-3230000-3230000-104-2018-00426,"서울특별시 송파구 송파대로 201, 송파 테라타워2 비동 1층 141호 (문정동)",filled,road:서울 송파구 송파대로 201
휴게음식점,2020,LIC-rest_cafes-3230000-3230000-104-2018-00427,"서울특별시 송파구 법원로 128, 문정에스케이브이원지엘메트로시티 C동 지하1층 G128호 (문정동)",filled,road:서울 송파구 법원로 128
휴게음식점,2020,LIC-rest_cafes-3230000-3230000-104-2018-00434,"서울특별시 송파구 법원로4길 6, 문정아이파크 2층 213호 (문정동)",filled,road:서울 송파구 법원로4길 6
휴게음식점,2020,LIC-rest_cafes-3230000-3230000-104-2018-00440,"서울특별시 송파구 법원로 128, 문정에스케이브이원지엘메트로시티 (문정동)",filled,road:서울 송파구 법원로 128
휴게음식점,2020,LIC-rest_cafes-3230000-3230000-104-2018-00441,"서울특별시 송파구 법원로 114, 엠스테이트 E동 지하1층 B175-1호 (문정동)",filled,road:서울 송파구 법원로 114
휴게음식점,2020,LIC-rest_cafes-3230000-3230000-104-2018-00442,"서울특별시 송파구 법원로 114, 엠스테이트 A동 112호 (문정동)",filled,road:서울 송파구 법원로 114
휴게음식점,2020,LIC-rest_cafes-3230000-3230000-104-2018-00454,"서울특별시 송파구 송파대로 167, 문정역테라타워 에이동 지118호 (문정동)",filled,road:서울 송파구 송파대로 167
휴게음식점,2020,LIC-rest_cafes-3230000-3230000-104-2018-00464,"서울특별시 송파구 송파대로 167, 문정역테라타워 A동 G133호 (문정동)",filled,road:서울 송파구 송파대로 167
휴게음식점,2020,LIC-rest_cafes-3230000-3230000-104-2018-00466,"서울특별시 송파구 법원로4길 6, 문정아이파크 2층 214호 (문정동)",filled,road:서울 송파구 법원로4길 6
휴게음식점,2020,LIC-rest_cafes-3230000-3230000-104-2018-00472,"서울특별시 송파구 송파대로 145, 문정 오벨리스크 상가 1층 101호 (문정동)",filled,road:서울 송파구 송파대로 145
휴게음식점,2020,LIC-rest_cafes-3230000-3230000-104-2019-00015,"서울특별시 송파구 법원로11길 25, 에이치비지니스파크 B동 130호 (문정동)",filled,road:서울 송파구 법원로11길 25
휴게음식점,2020,LIC-rest_cafes-3230000-3230000-104-2019-00025,"서울특별시 송파구 법원로 114, 엠스테이트 B동 1층 112~117호 (문정동)",filled,road:서울 송파구 법원로 114
휴게음식점,2020,LIC-rest_cafes-3230000-3230000-104-2019-00084,"서울특별시 송파구 법원로11길 11, 문정현대지식산업센터1-1 A동 1층 128호 (문정동)",filled,road:서울 송파구 법원로11길 11
휴게음식점,2020,LIC-rest_cafes-3230000-3230000-104-2019-00101,"서울특별시 송파구 법원로 90, 파트너스2 105호 (문정동)",filled,road:서울 송파구 법원로 90
휴게음식점,2020,LIC-rest_cafes-3230000-3230000-104-2019-00127,"서울특별시 송파구 송파대로 167, 문정역테라타워 B동 1층 136호 (문정동)",filled,road:서울 송파구 송파대로 167
휴게음식점,2020,LIC-rest_cafes-3230000-3230000-104-2019-00136,"서울특별시 송파구 법원로4길 6, 1층 133호 (문정동)",filled,road:서울 송파구 법원로4길 6
휴게음식점,2020,LIC-rest_cafes-3230000-3230000-104-2019-00151,"서울특별시 송파구 송파대로 201, 송파 테라타워2 A동 1층 131호 (문정동)",filled,road:서울 송파구 송파대로 201
휴게음식점,2020,LIC-rest_cafes-3230000-3230000-104-2019-00161,"서울특별시 송파구 법원로 128, 문정에스케이브이원지엘메트로시티 B동 1층 137호 (문정동)",filled,road:서울 송파구 법원로 128
휴게음식점,2020,LIC-rest_cafes-3230000-3230000-104-2019-00207,"서울특별시 송파구 법원로11길 11, 문정현대지식산업센터1-1 A동 1층 113호 (문정동)",filled,road:서울 송파구 법원로11길 11
휴게음식점,2020,LIC-rest_cafes-3230000-3230000-104-2019-00219,"서울특별시 송파구 송파대로 201, 송파 테라타워2 제비동 제1층 제비-120호 (문정동)",filled,road:서울 송파구 송파대로 201
휴게음식점,2020,LIC-rest_cafes-3230000-3230000-104-2019-00220,"서울특별시 송파구 송파대로 167, 문정역테라타워 에이동 지116호 (문정동)",filled,road:서울 송파구 송파대로 167
휴게음식점,2020,LIC-rest_cafes-3230000-3230000-104-2019-00229,"서울특별시 송파구 법원로11길 11, 문정현대지식산업센터1-1 B동 1층 153호 (문정동)",filled,road:서울 송파구 법원로11길 11
휴게음식점,2020,LIC-rest_cafes-3230000-3230000-104-2019-00241,"서울특별시 송파구 법원로 114, 엠스테이트 B동 1층 제B-122호 (문정동)",filled,road:서울 송파구 법원로 114
휴게음식점,2020,LIC-rest_cafes-3230000-3230000-104-2019-00245,"서울특별시 송파구 법원로4길 10, 힐스테이트에코문정 1동 119호 (문정동)",filled,road:서울 송파구 법원로4길 10
휴게음식점,2020,LIC-rest_cafes-3230000-3230000-104-2019-00250,"서울특별시 송파구 법원로4길 5, 송파법조타운푸르지오 1층 105호 (문정동)",filled,road:서울 송파구 법원로4길 5
휴게음식점,2020,LIC-rest_cafes-3230000-3230000-104-2019-00266,"서울특별시 송파구 법원로11길 25, 에이치비지니스파크 B동 107,108호 (문정동)",filled,road:서울 송파구 법원로11길 25
휴게음식점,2020,LIC-rest_cafes-3230000-3230000-104-2019-00269,"서울특별시 송파구 법원로 114, 엠스테이트 E동 지층 B170호 (문정동)",filled,road:서울 송파구 법원로 114
휴게음식점,2020,LIC-rest_cafes-3230000-3230000-104-2019-00277,"서울특별시 송파구 법원로 92, 파트너스1 지층 B103,B104호 (문정동)",filled,road:서울 송파구 법원로 92
휴게음식점,2020,LIC-rest_cafes-3230000-3230000-104-2019-00288,"서울특별시 송파구 송파대로 167, 문정역테라타워 A동 지층 G185호 (문정동)",filled,road:서울 송파구 송파대로 167
휴게음식점,2020,LIC-rest_cafes-3230000-3230000-104-2019-00296,"서울특별시 송파구 정의로7길 13, 힐스테이트에코송파 1층 133호 (문정동)",filled,road:서울 송파구 정의로7길 13
휴게음식점,2020,LIC-rest_cafes-3230000-3230000-104-2019-00298,"서울특별시 송파구 법원로 114, 엠스테이트 C동 1층 101호 (문정동)",filled,road:서울 송파구 법원로 114
휴게음식점,2020,LIC-rest_cafes-3230000-3230000-104-2019-00300,"서울특별시 송파구 송파대로 167, 문정역테라타워 A동 1층 106호 (문정동)",filled,road:서울 송파구 송파대로 167
휴게음식점,2020,LIC-rest_cafes-3230000-3230000-104-2019-00305,"서울특별시 송파구 송파대로 167, 문정역테라타워 A동 G149호 (문정동)",filled,road:서울 송파구 송파대로 167
휴게음식점,2020,LIC-rest_cafes-3230000-3230000-104-2019-00313,"서울특별시 송파구 법원로4길 6, 문정아이파크 1층 139호 (문정동)",filled,road:서울 송파구 법원로4길 6
휴게음식점,2020,LIC-rest_cafes-3230000-3230000-104-2019-00321,"서울특별시 송파구 법원로 96, 문정법조프라자 1층 102호 (문정동)",filled,road:서울 송파구 법원로 96
휴게음식점,2020,LIC-rest_cafes-3230000-3230000-104-2019-00325,"서울특별시 송파구 송파대로 201, 송파 테라타워2 B동 1층 107호 (문정동)",filled,road:서울 송파구 송파대로 201
휴게음식점,2020,LIC-rest_cafes-3230000-3230000-104-2019-00337,"서울특별시 송파구 법원로4길 17, 프라비다옥토 1층 (문정동)",filled,road:서울 송파구 법원로4길 17
휴게음식점,2020,LIC-rest_cafes-3230000-3230000-104-2019-00355,"서울특별시 송파구 법원로 128, 문정에스케이브이원지엘메트로시티 C동 1층 127호 (문정동)",filled,road:서울 송파구 법원로 128
휴게음식점,2020,LIC-rest_cafes-3230000-3230000-104-2019-00362,"서울특별시 송파구 법원로6길 7, 송파유탑테크밸리 1층 103호 (문정동)",filled,road:서울 송파구 법원로6길 7
휴게음식점,2020,LIC-rest_cafes-3230000-3230000-104-2019-00366,"서울특별시 송파구 법원로4길 10, 힐스테이트에코문정 3층 321호 (문정동)",filled,road:서울 송파구 법원로4길 10
휴게음식점,2020,LIC-rest_cafes-3230000-3230000-104-2019-00367,"서울특별시 송파구 법원로 114, 엠스테이트 C동 1층 123호 (문정동)",filled,road:서울 송파구 법원로 114
휴게음식점,2020,LIC-rest_cafes-3230000-3230000-104-2019-00380,"서울특별시 송파구 법원로9길 26, 에이치비지니스파크 C동 1층 104호 (문정동)",filled,road:서울 송파구 법원로9길 26
휴게음식점,2020,LIC-rest_cafes-3230000-3230000-104-2019-00381,"서울특별시 송파구 송파대로 167, 문정역테라타워 A동 1층 170호 (문정동)",filled,road:서울 송파구 송파대로 167
휴게음식점,2020,LIC-rest_cafes-3230000-3230000-104-2019-00412,"서울특별시 송파구 법원로11길 25, 에이치비지니스파크 B동 109호 (문정동)",filled,road:서울 송파구 법원로11길 25
휴게음식점,2020,LIC-rest_cafes-3230000-3230000-104-2019-00427,"서울특별시 송파구 법원로4길 6, 문정아이파크 1층 111호 (문정동)",filled,road:서울 송파구 법원로4길 6
휴게음식점,2020,LIC-rest_cafes-3230000-3230000-104-2019-00458,"서울특별시 송파구 송파대로 201, 송파 테라타워2 B동 1층 147-2호 (문정동)",filled,road:서울 송파구 송파대로 201
휴게음식점,2020,LIC-rest_cafes-3230000-3230000-104-2019-00485,"서울특별시 송파구 법원로4길 10, 힐스테이트에코문정 1층 110호 (문정동)",filled,road:서울 송파구 법원로4길 10
휴게음식점,2020,LIC-rest_cafes-3240000-3240000-104-2007-00043,"서울특별시 강동구 양재대로 지하 1480 (길동,지하1층)",filled,road:서울 강동구 양재대로 지하 1480
휴게음식점,2020,LIC-rest_cafes-3240000-3240000-104-2007-00048,서울특별시 강동구 양재대로 지하 1369 (둔촌동),filled,road:서울 강동구 양재대로 지하 1369
휴게음식점,2020,LIC-rest_cafes-3240000-3240000-104-2007-00064,"서울특별시 강동구 양재대로 지하 1632 (명일동,(지하1층))",filled,road:서울 강동구 양재대로 지하 1632
휴게음식점,2020,LIC-rest_cafes-3240000-3240000-104-2016-00208,서울특별시 강동구 올림픽로 지하 550 (성내동),gu_mismatch_rejected,road:서울 강동구 올림픽로 지하 550
휴게음식점,2020,LIC-rest_cafes-3240000-3240000-104-2018-00239,"서울특별시 강동구 양재대로 1323, 신월주유소 1~2층 (성내동)",filled,road:서울 강동구 양재대로 1323
휴게음식점,2025,LIC-rest_cafes-3000000-3000000-104-1968-09612,서울특별시 종로구 신문로1가 129-2,no_exact_match,
휴게음식점,2025,LIC-rest_cafes-3000000-3000000-104-1977-09151,서울특별시 종로구 통일로 208-1 (교북동),no_exact_match,
휴게음식점,2025,LIC-rest_cafes-3000000-3000000-104-1981-09148,서울특별시 종로구 내수동 39-2,no_exact_match,
휴게음식점,2025,LIC-rest_cafes-3000000-3000000-104-1981-09610,서울특별시 종로구 신문로2가 1-400,no_exact_match,
휴게음식점,2025,LIC-rest_cafes-3000000-3000000-104-1986-09631,서울특별시 종로구 내수동 10-2,no_exact_match,
휴게음식점,2025,LIC-rest_cafes-3000000-3000000-104-1986-09724,서울특별시 종로구 신문로1가 107-4,no_exact_match,
휴게음식점,2025,LIC-rest_cafes-3000000-3000000-104-1990-09778,서울특별시 종로구 평창동 73-2,no_exact_match,
휴게음식점,2025,LIC-rest_cafes-3000000-3000000-104-1991-09488,서울특별시 종로구 연지동 327-3,no_exact_match,
휴게음식점,2025,LIC-rest_cafes-3000000-3000000-104-1992-09591,서울특별시 종로구 신문로1가 58-10,no_exact_match,
휴게음식점,2025,LIC-rest_cafes-3000000-3000000-104-1993-10035,서울특별시 종로구 평동 53-0,no_exact_match,
휴게음식점,2025,LIC-rest_cafes-3000000-3000000-104-1993-10046,서울특별시 종로구 통일로 228-1 (무악동),no_exact_match,
휴게음식점,2025,LIC-rest_cafes-3000000-3000000-104-1994-09830,서울특별시 종로구 혜화동 163-14,no_exact_match,
휴게음식점,2025,LIC-rest_cafes-3000000-3000000-104-1994-09872,서울특별시 종로구 부암동 210-27,no_exact_match,
휴게음식점,2025,LIC-rest_cafes-3000000-3000000-104-1994-10049,서울특별시 종로구 통일로 168 (교남동),no_exact_match,
휴게음식점,2025,LIC-rest_cafes-3000000-3000000-104-1995-09888,서울특별시 종로구 신문로1가 184-0,no_exact_match,
휴게음식점,2025,LIC-rest_cafes-3000000-3000000-104-1997-09952,서울특별시 종로구 봉익동 38-25,no_exact_match,
휴게음식점,2025,LIC-rest_cafes-3000000-3000000-104-1998-09974,서울특별시 종로구 봉익동 38-10,no_exact_match,
휴게음식점,2025,LIC-rest_cafes-3000000-3000000-104-1999-10294,서울특별시 종로구 청진동 237-1,no_exact_match,
휴게음식점,2025,LIC-rest_cafes-3000000-3000000-104-2000-11494,서울특별시 종로구 청진동 231-0,no_exact_match,
휴게음식점,2025,LIC-rest_cafes-3000000-3000000-104-2001-12049,서울특별시 종로구 종로1가 22-2 외1필지,no_exact_match,
휴게음식점,2025,LIC-rest_cafes-3000000-3000000-104-2002-00017,서울특별시 종로구 관훈동 24,no_exact_match,
휴게음식점,2025,LIC-rest_cafes-3000000-3000000-104-2005-00055,"서울특별시 종로구 우정국로 24 (공평동,지상1층)",no_exact_match,
휴게음식점,2025,LIC-rest_cafes-3000000-3000000-104-2007-00011,서울특별시 종로구 수송동 76 롯데캐슬천지인상가 홈플러스내1층,no_exact_match,
휴게음식점,2025,LIC-rest_cafes-3000000-3000000-104-2007-00069,서울특별시 종로구 도렴동 83,no_exact_match,
휴게음식점,2025,LIC-rest_cafes-3000000-3000000-104-2007-00077,서울특별시 종로구 평동 90,no_exact_match,
휴게음식점,2025,LIC-rest_cafes-3000000-3000000-104-2008-00017,서울특별시 종로구 종로3가 61-68 (종로3가역 지하4층),no_exact_match,
휴게음식점,2025,LIC-rest_cafes-3000000-3000000-104-2009-00066,서울특별시 종로구 새문안로5길 2 (신문로1가),no_exact_match,
휴게음식점,2025,LIC-rest_cafes-3000000-3000000-104-2009-00067,서울특별시 종로구 새문안로5길 4 (신문로1가),no_exact_match,
휴게음식점,2025,LIC-rest_cafes-3000000-3000000-104-2009-00144,"서울특별시 종로구 통일로 234-1 (무악동,(지상 1층))",no_exact_match,
휴게음식점,2025,LIC-rest_cafes-3000000-3000000-104-2010-00105,"서울특별시 종로구 신문로2가 91-4 지상1층(일부), 지하1층",no_exact_match,
휴게음식점,2025,LIC-rest_cafes-3000000-3000000-104-2011-00103,서울특별시 종로구 연건동 196-11 1층,no_exact_match,
휴게음식점,2025,LIC-rest_cafes-3000000-3000000-104-2011-00127,"서울특별시 종로구 통일로 238 (무악동,(1층))",no_exact_match,
휴게음식점,2025,LIC-rest_cafes-3000000-3000000-104-2012-00107,서울특별시 종로구 숭인동 65-13,no_exact_match,
휴게음식점,2025,LIC-rest_cafes-3000000-3000000-104-2012-00118,서울특별시 종로구 묘동 59 지하철3호선3가역지하3층,no_exact_match,
휴게음식점,2025,LIC-rest_cafes-3000000-3000000-104-2015-00059,"서울특별시 종로구 통일로 228-1, 1층 (무악동)",no_exact_match,
휴게음식점,2025,LIC-rest_cafes-3000000-3000000-104-2016-00203,서울특별시 종로구 교남동 62-1 팰리스에비뉴 4블럭 4124호,no_exact_match,
휴게음식점,2025,LIC-rest_cafes-3000000-3000000-104-2017-00071,서울특별시 종로구 서린동 43-4 청계천로 보행전용거리,no_exact_match,
휴게음식점,2025,LIC-rest_cafes-3000000-3000000-104-2017-00082,서울특별시 종로구 평동 43 경희궁자이상가3블럭3112호,no_exact_match,
휴게음식점,2025,LIC-rest_cafes-3000000-3000000-104-2017-00084,서울특별시 종로구 교남동 62-1 경희궁자이 펠리스에비뉴 2201호,no_exact_match,
휴게음식점,2025,LIC-rest_cafes-3000000-3000000-104-2018-00038,서울특별시 종로구 교남동 62-1 팰리스에비뉴4BL 4123호,no_exact_match,
휴게음식점,2025,LIC-rest_cafes-3000000-3000000-104-2018-00077,서울특별시 종로구 서린동 14 청계광장,no_exact_match,
휴게음식점,2025,LIC-rest_cafes-3000000-3000000-104-2018-00167,서울특별시 종로구 교남동 62-1 경희궁자이 팰리스에비뉴 4103호,no_exact_match,
휴게음식점,2025,LIC-rest_cafes-3010000-3010000-104-1967-00849,서울특별시 중구 예관동 1-3,no_exact_match,
휴게음식점,2025,LIC-rest_cafes-3010000-3010000-104-1967-01435,서울특별시 중구 무교동 81-0,no_exact_match,
휴게음식점,2025,LIC-rest_cafes-3010000-3010000-104-1967-01475,서울특별시 중구 입정동 226-0,no_exact_match,
휴게음식점,2025,LIC-rest_cafes-3010000-3010000-104-1968-00969,서울특별시 중구 광희동2가 275-6,no_exact_match,
휴게음식점,2025,LIC-rest_cafes-3010000-3010000-104-1968-01030,서울특별시 중구 남대문로5가 6-25,no_exact_match,
휴게음식점,2025,LIC-rest_cafes-3010000-3010000-104-1968-01257,서울특별시 중구 서소문로 126 (서소문동),no_exact_match,
휴게음식점,2025,LIC-rest_cafes-3010000-3010000-104-1968-01395,서울특별시 중구 충무로1가 62-10,no_exact_match,
휴게음식점,2025,LIC-rest_cafes-3010000-3010000-104-1968-01423,서울특별시 중구 을지로1가 96-6,no_exact_match,
휴게음식점,2025,LIC-rest_cafes-3010000-3010000-104-1968-01623,서울특별시 중구 남대문시장10길 14 (회현동1가),no_exact_match,
휴게음식점,2025,LIC-rest_cafes-3010000-3010000-104-1969-01114,서울특별시 중구 을지로2가 21-1,no_exact_match,
휴게음식점,2025,LIC-rest_cafes-3010000-3010000-104-1969-01447,서울특별시 중구 충무로2가 49-27,no_exact_match,
휴게음식점,2025,LIC-rest_cafes-3010000-3010000-104-1969-01464,서울특별시 중구 을지로2가 148-53,no_exact_match,
휴게음식점,2025,LIC-rest_cafes-3010000-3010000-104-1969-01585,서울특별시 중구 산림동 205-0,no_exact_match,
휴게음식점,2025,LIC-rest_cafes-3010000-3010000-104-1970-01260,서울특별시 중구 수하동 65-0,no_exact_match,
휴게음식점,2025,LIC-rest_cafes-3010000-3010000-104-1970-01384,서울특별시 중구 을지로2가 46-0,no_exact_match,
휴게음식점,2025,LIC-rest_cafes-3010000-3010000-104-1970-01416,서울특별시 중구 태평로2가 366-0,no_exact_match,
휴게음식점,2025,LIC-rest_cafes-3010000-3010000-104-1971-00891,서울특별시 중구 충무로2가 83-5,no_exact_match,
휴게음식점,2025,LIC-rest_cafes-3010000-3010000-104-1971-01370,서울특별시 중구 초동 118-1,no_exact_match,
휴게음식점,2025,LIC-rest_cafes-3010000-3010000-104-1971-01658,서울특별시 중구 만리동1가 200-5,no_exact_match,
휴게음식점,2025,LIC-rest_cafes-3010000-3010000-104-1971-01675,서울특별시 중구 무교동 62-0,no_exact_match,
휴게음식점,2025,LIC-rest_cafes-3010000-3010000-104-1972-00755,서울특별시 중구 남대문로5가 774-0,no_exact_match,
휴게음식점,2025,LIC-rest_cafes-3010000-3010000-104-1972-01745,서울특별시 중구 삼각동 31-1,no_exact_match,
휴게음식점,2025,LIC-rest_cafes-3010000-3010000-104-1973-01473,서울특별시 중구 을지로2가 169-1,no_exact_match,
휴게음식점,2025,LIC-rest_cafes-3010000-3010000-104-1974-01323,서울특별시 중구 신당동 21-7,no_exact_match,
휴게음식점,2025,LIC-rest_cafes-3010000-3010000-104-1974-01555,서울특별시 중구 남창동 519-7,no_exact_match,
휴게음식점,2025,LIC-rest_cafes-3010000-3010000-104-1974-01577,서울특별시 중구 신당동 95-96,no_exact_match,
휴게음식점,2025,LIC-rest_cafes-3010000-3010000-104-1976-00887,서울특별시 중구 저동2가 23-3,no_exact_match,
휴게음식점,2025,LIC-rest_cafes-3010000-3010000-104-1976-01389,서울특별시 중구 수하동 3-0,no_exact_match,
휴게음식점,2025,LIC-rest_cafes-3010000-3010000-104-1976-01456,서울특별시 중구 저동1가 66-0,no_exact_match,
휴게음식점,2025,LIC-rest_cafes-3010000-3010000-104-1977-01466,서울특별시 중구 충무로4가 29-4,no_exact_match,
휴게음식점,2025,LIC-rest_cafes-3010000-3010000-104-1978-01956,서울특별시 중구 신당동 310-0,no_exact_match,
휴게음식점,2025,LIC-rest_cafes-3010000-3010000-104-1980-00857,서울특별시 중구 신당동 213-20,no_exact_match,
휴게음식점,2025,LIC-rest_cafes-3010000-3010000-104-1981-00743,서울특별시 중구 을지로1가 95-3,no_exact_match,
휴게음식점,2025,LIC-rest_cafes-3010000-3010000-104-1981-00780,서울특별시 중구 을지로2가 199-69,no_exact_match,
휴게음식점,2025,LIC-rest_cafes-3010000-3010000-104-1981-00782,서울특별시 중구 순화동 27-0,no_exact_match,
휴게음식점,2025,LIC-rest_cafes-3010000-3010000-104-1981-00787,서울특별시 중구 신당동,no_exact_match,
휴게음식점,2025,LIC-rest_cafes-3010000-3010000-104-1981-00815,서울특별시 중구 을지로6가 21-24,no_exact_match,
휴게음식점,2025,LIC-rest_cafes-3010000-3010000-104-1982-00652,서울특별시 중구 황학동 685-0,no_exact_match,
휴게음식점,2025,LIC-rest_cafes-3010000-3010000-104-1982-00659,서울특별시 중구 충무로1가 21-6,no_exact_match,
휴게음식점,2025,LIC-rest_cafes-3010000-3010000-104-1982-00674,서울특별시 중구 수하동 31-0,no_exact_match,
휴게음식점,2025,LIC-rest_cafes-3010000-3010000-104-1982-00722,서울특별시 중구 수하동 2-1,no_exact_match,
휴게음식점,2025,LIC-rest_cafes-3010000-3010000-104-1982-01339,서울특별시 중구 산림동 205-0,no_exact_match,
휴게음식점,2025,LIC-rest_cafes-3010000-3010000-104-1983-00587,서울특별시 중구 회현동3가,no_exact_match,
휴게음식점,2025,LIC-rest_cafes-3010000-3010000-104-1983-00605,서울특별시 중구 을지로4가,no_exact_match,
휴게음식점,2025,LIC-rest_cafes-3010000-3010000-104-1983-00610,서울특별시 중구 만리동2가 772-0,no_exact_match,
휴게음식점,2025,LIC-rest_cafes-3010000-3010000-104-1983-01911,서울특별시 중구 신당동 54-0,no_exact_match,
휴게음식점,2025,LIC-rest_cafes-3010000-3010000-104-1985-01213,서울특별시 중구 충무로1가 23-0,no_exact_match,
휴게음식점,2025,LIC-rest_cafes-3010000-3010000-104-1985-01871,서울특별시 중구 만리동2가 52-5,no_exact_match,
휴게음식점,2025,LIC-rest_cafes-3010000-3010000-104-1985-01992,서울특별시 중구 중림동 18-6,no_exact_match,
휴게음식점,2025,LIC-rest_cafes-3010000-3010000-104-1986-00245,서울특별시 중구 서소문동 201-4,no_exact_match,
휴게음식점,2025,LIC-rest_cafes-3010000-3010000-104-1986-01244,서울특별시 중구 중림동 108-85,no_exact_match,
휴게음식점,2025,LIC-rest_cafes-3010000-3010000-104-1986-01877,서울특별시 중구 신당동 541-0,no_exact_match,
휴게음식점,2025,LIC-rest_cafes-3010000-3010000-104-1986-01915,서울특별시 중구 남대문로5가 84-18,no_exact_match,
휴게음식점,2025,LIC-rest_cafes-3010000-3010000-104-1988-01876,서울특별시 중구 흥인동 0-0,no_exact_match,
휴게음식점,2025,LIC-rest_cafes-3010000-3010000-104-1988-01975,서울특별시 중구 소공동 1-42,no_exact_match,
휴게음식점,2025,LIC-rest_cafes-3010000-3010000-104-1989-00058,서울특별시 중구 흥인동 1-0,no_exact_match,
휴게음식점,2025,LIC-rest_cafes-3010000-3010000-104-1989-00059,서울특별시 중구 흥인동 1-0,no_exact_match,
휴게음식점,2025,LIC-rest_cafes-3010000-3010000-104-1989-00071,서울특별시 중구 흥인동 1-0,no_exact_match,
휴게음식점,2025,LIC-rest_cafes-3010000-3010000-104-1989-00275,서울특별시 중구 을지로7가 205-2,no_exact_match,
휴게음식점,2025,LIC-rest_cafes-3010000-3010000-104-1989-00845,서울특별시 중구 순화동 198-1,no_exact_match,
휴게음식점,2025,LIC-rest_cafes-3010000-3010000-104-1991-00536,서울특별시 중구 을지로7가 112-1,no_exact_match,
휴게음식점,2025,LIC-rest_cafes-3010000-3010000-104-1991-00807,서울특별시 중구 순화동 1-6,no_exact_match,
휴게음식점,2025,LIC-rest_cafes-3010000-3010000-104-1993-00308,서울특별시 중구 을지로1가 56-0,no_exact_match,
휴게음식점,2025,LIC-rest_cafes-3010000-3010000-104-1993-01458,서울특별시 중구 수하동 25-2,no_exact_match,
휴게음식점,2025,LIC-rest_cafes-3010000-3010000-104-1993-01502,서울특별시 중구 을지로3가 0 을지로지하도상가 3111호,no_exact_match,
휴게음식점,2025,LIC-rest_cafes-3010000-3010000-104-1994-00234,서울특별시 중구 회현동1가 28-4,no_exact_match,
휴게음식점,2025,LIC-rest_cafes-3010000-3010000-104-1994-00730,서울특별시 중구 북창동 1-0,no_exact_match,
휴게음식점,2025,LIC-rest_cafes-3010000-3010000-104-1995-00213,서울특별시 중구 의주로1가 42-1,no_exact_match,
휴게음식점,2025,LIC-rest_cafes-3010000-3010000-104-1995-00219,서울특별시 중구 서애로 7 (충무로5가),no_exact_match,
휴게음식점,2025,LIC-rest_cafes-3010000-3010000-104-1996-00018,서울특별시 중구 남산동1가 4-0,no_exact_match,
휴게음식점,2025,LIC-rest_cafes-3010000-3010000-104-1996-01795,서울특별시 중구 명동2가 103-0,no_exact_match,
휴게음식점,2025,LIC-rest_cafes-3010000-3010000-104-1997-01759,서울특별시 중구 명동2가 54-0,no_exact_match,
휴게음식점,2025,LIC-rest_cafes-3010000-3010000-104-1998-00466,서울특별시 중구 을지로1가 38-2,no_exact_match,
휴게음식점,2025,LIC-rest_cafes-3010000-3010000-104-1998-00663,서울특별시 중구 신당동 106-8,no_exact_match,
휴게음식점,2025,LIC-rest_cafes-3010000-3010000-104-1998-00677,서울특별시 중구 충무로1가 2207-0,no_exact_match,
휴게음식점,2025,LIC-rest_cafes-3010000-3010000-104-1998-01629,서울특별시 중구 주교동 76-0,no_exact_match,
휴게음식점,2025,LIC-rest_cafes-3010000-3010000-104-1999-12390,서울특별시 중구 남대문로5가 213-0 2호건물,no_exact_match,
휴게음식점,2025,LIC-rest_cafes-3010000-3010000-104-2000-12526,서울특별시 중구 명동2가 88-0 5.6.8 프린스빌딩302호,no_exact_match,
휴게음식점,2025,LIC-rest_cafes-3010000-3010000-104-2001-13774,서울특별시 중구 무교동 63-1 파이낸스빌딩 2층,no_exact_match,
휴게음식점,2025,LIC-rest_cafes-3010000-3010000-104-2001-13811,서울특별시 중구 을지로1가 56-0 새서울지하상가 212호,no_exact_match,
휴게음식점,2025,LIC-rest_cafes-3010000-3010000-104-2002-00034,서울특별시 중구 을지로1가 89-1 지하철상가 202-02,no_exact_match,
휴게음식점,2025,LIC-rest_cafes-3010000-3010000-104-2002-00068,서울특별시 중구 소공동 87 소공지하상가 20-1호,no_exact_match,
휴게음식점,2025,LIC-rest_cafes-3010000-3010000-104-2002-00169,"서울특별시 중구 삼일대로 341 (저동1가,(중앙B/D별관3호))",no_exact_match,
휴게음식점,2025,LIC-rest_cafes-3010000-3010000-104-2002-00170,서울특별시 중구 장충동2가 189-2 (동대입구역322-13),no_exact_match,
휴게음식점,2025,LIC-rest_cafes-3010000-3010000-104-2003-00071,서울특별시 중구 을지로1가 89-1 (지하철2호선 을지로입구역 202-10호),no_exact_match,
휴게음식점,2025,LIC-rest_cafes-3010000-3010000-104-2005-00092,서울특별시 중구 충무로1가 52-20 (지하1층),no_exact_match,
휴게음식점,2025,LIC-rest_cafes-3010000-3010000-104-2005-00099,서울특별시 중구 충무로1가 52-20 (지하1층),no_exact_match,
휴게음식점,2025,LIC-rest_cafes-3010000-3010000-104-2005-00125,서울특별시 중구 충무로1가 52-20 (지하1층),no_exact_match,
휴게음식점,2025,LIC-rest_cafes-3010000-3010000-104-2005-00159,서울특별시 중구 충무로1가 52-20 (지하1층),no_exact_match,
휴게음식점,2025,LIC-rest_cafes-3010000-3010000-104-2005-00202,서울특별시 중구 소공동 87 소공지하상가40호,no_exact_match,
휴게음식점,2025,LIC-rest_cafes-3010000-3010000-104-2006-00101,서울특별시 중구 다동 187,no_exact_match,
휴게음식점,2025,LIC-rest_cafes-3010000-3010000-104-2006-00106,서울특별시 중구 을지로4가 0 (지하도상가401호),no_exact_match,
휴게음식점,2025,LIC-rest_cafes-3010000-3010000-104-2006-00121,"서울특별시 중구 을지로1가 2-0 을지로입구지하도상가(77,79,81,83호)",no_exact_match,
휴게음식점,2025,LIC-rest_cafes-3010000-3010000-104-2006-00129,"서울특별시 중구 만리재로 137 (만리동2가,외1필지(지상1층))",no_exact_match,
휴게음식점,2025,LIC-rest_cafes-3010000-3010000-104-2006-00152,서울특별시 중구 충무로1가 52-0 외1필지(지하1층),no_exact_match,
휴게음식점,2025,LIC-rest_cafes-3010000-3010000-104-2007-00040,"서울특별시 중구 세종대로2길 7 (남대문로5가,(지상1층))",no_exact_match,
휴게음식점,2025,LIC-rest_cafes-3010000-3010000-104-2007-00109,서울특별시 중구 신당동 294 (지하3층)5호선내,no_exact_match,
휴게음식점,2025,LIC-rest_cafes-3010000-3010000-104-2007-00124,서울특별시 중구 충무로1가 52-20 신세계백화점본점 식품관(지하1층),no_exact_match,
휴게음식점,2025,LIC-rest_cafes-3010000-3010000-104-2008-00024,"서울특별시 중구 세종대로2길 11 (남대문로5가,(지상1층))",no_exact_match,
휴게음식점,2025,LIC-rest_cafes-3010000-3010000-104-2009-00044,서울특별시 중구 신당동 294 청구역 지하3층,no_exact_match,
휴게음식점,2025,LIC-rest_cafes-3010000-3010000-104-2009-00274,"서울특별시 중구 서애로 7 (충무로5가,외1필지 (지상1층))",no_exact_match,
휴게음식점,2025,LIC-rest_cafes-3010000-3010000-104-2010-00166,서울특별시 중구 을지로4가 234-1 (을지지하상가 408호),no_exact_match,
휴게음식점,2025,LIC-rest_cafes-3010000-3010000-104-2010-00197,서울특별시 중구 방산동 0 방산동부터 오간수교까지이르는 하천부지 1층,no_exact_match,
휴게음식점,2025,LIC-rest_cafes-3010000-3010000-104-2011-00021,서울특별시 중구 을지로1가 89-1 2호선 을리로입구역상가 지하1층,no_exact_match,
휴게음식점,2025,LIC-rest_cafes-3010000-3010000-104-2011-00236,서울특별시 중구 을지로1가 89-1 지하철2호선 을지로입구역 지하1층,no_exact_match,
휴게음식점,2025,LIC-rest_cafes-3010000-3010000-104-2012-00125,서울특별시 중구 을지로1가 89-1 지하철2호선 지하1층 을지로입구역 202-10호,no_exact_match,
휴게음식점,2025,LIC-rest_cafes-3010000-3010000-104-2012-00140,서울특별시 중구 남창동 46 지하철4호선 회현역 지하1층,no_exact_match,
휴게음식점,2025,LIC-rest_cafes-3010000-3010000-104-2012-00149,서울특별시 중구 을지로4가 261 을지로4가역 역사내 지하1층 7번출구,no_exact_match,
휴게음식점,2025,LIC-rest_cafes-3010000-3010000-104-2012-00185,서울특별시 중구 명동2가 107 1층,no_exact_match,
휴게음식점,2025,LIC-rest_cafes-3010000-3010000-104-2013-00035,"서울특별시 중구 삼일대로10길 28, 1층 (저동2가)",no_exact_match,
휴게음식점,2025,LIC-rest_cafes-3020000-3020000-104-1982-02782,서울특별시 용산구 청파로 33 (청파동1가),no_exact_match,
휴게음식점,2025,LIC-rest_cafes-3020000-3020000-104-1987-02718,서울특별시 용산구 백범로99가길 30-2 (한강로2가),no_exact_match,
휴게음식점,2025,LIC-rest_cafes-3020000-3020000-104-1999-02114,서울특별시 용산구 한강로3가 65-227,no_exact_match,
휴게음식점,2025,LIC-rest_cafes-3020000-3020000-104-2000-07553,서울특별시 용산구 산천동 6,no_exact_match,
휴게음식점,2025,LIC-rest_cafes-3020000-3020000-104-2006-00022,"서울특별시 용산구 독서당로29길 29 (한남동,외36필지(학생회관 2층))",no_exact_match,
휴게음식점,2025,LIC-rest_cafes-3020000-3020000-104-2007-00040,서울특별시 용산구 한강로2가 351 (지상1층),no_exact_match,
휴게음식점,2025,LIC-rest_cafes-3020000-3020000-104-2007-00044,서울특별시 용산구 한강로3가 65-207 (지상1층),no_exact_match,
휴게음식점,2025,LIC-rest_cafes-3020000-3020000-104-2010-00008,서울특별시 용산구 한강로3가 65-207 (지상1층),no_exact_match,
휴게음식점,2025,LIC-rest_cafes-3030000-3030000-104-2006-00065,서울특별시 성동구 금호동3가 411,no_exact_match,
휴게음식점,2025,LIC-rest_cafes-3040000-3040000-104-2007-00079,서울특별시 광진구 능동 256 (지하2층),no_exact_match,
휴게음식점,2025,LIC-rest_cafes-3040000-3040000-104-2012-00010,서울특별시 광진구 자양동 73,no_exact_match,
휴게음식점,2025,LIC-rest_cafes-3050000-3050000-104-1981-09188,서울특별시 동대문구 용두동 216-1,no_exact_match,
휴게음식점,2025,LIC-rest_cafes-3050000-3050000-104-1987-09659,서울특별시 동대문구 제기동 122-321 (제기로 37-18),no_exact_match,
휴게음식점,2025,LIC-rest_cafes-3050000-3050000-104-2001-12460,"서울특별시 동대문구 전농동 645-0 동아(아)상가101,102호",no_exact_match,
휴게음식점,2025,LIC-rest_cafes-3050000-3050000-104-2007-00047,서울특별시 동대문구 장안동 416 지하1층 (장안남길 46),no_exact_match,
휴게음식점,2025,LIC-rest_cafes-3050000-3050000-104-2012-00006,서울특별시 동대문구 제기동 51 제기역 2번출구에서 개찰구방향으로 오른편,no_exact_match,
휴게음식점,2025,LIC-rest_cafes-3050000-3050000-104-2014-00010,서울특별시 동대문구 제기동 51 제기동역,no_exact_match,
휴게음식점,2025,LIC-rest_cafes-3060000-3060000-104-2009-00058,서울특별시 중랑구 사가정로37길 15 (면목동),no_exact_match,
휴게음식점,2025,LIC-rest_cafes-3060000-3060000-104-2011-00050,"서울특별시 중랑구 면목로49길 71 (면목동,1층)",no_exact_match,
휴게음식점,2025,LIC-rest_cafes-3060000-3060000-104-2016-00100,"서울특별시 중랑구 봉화산로4길 31, 1층 (중화동)",no_exact_match,
휴게음식점,2025,LIC-rest_cafes-3070000-3070000-104-1986-08418,서울특별시 성북구 하월곡동 77-370,no_exact_match,
휴게음식점,2025,LIC-rest_cafes-3070000-3070000-104-1993-08993,서울특별시 성북구 장월로 155-1 (장위동),no_exact_match,
휴게음식점,2025,LIC-rest_cafes-3070000-3070000-104-2000-10180,서울특별시 성북구 돈암동 583-0,no_exact_match,
휴게음식점,2025,LIC-rest_cafes-3070000-3070000-104-2005-00031,"서울특별시 성북구 성북동 278-3 ,-4",no_exact_match,
휴게음식점,2025,LIC-rest_cafes-3070000-3070000-104-2005-00035,서울특별시 성북구 삼선동2가 46,no_exact_match,
휴게음식점,2025,LIC-rest_cafes-3070000-3070000-104-2006-00056,서울특별시 성북구 길음동 544-26 외1필지,no_exact_match,
휴게음식점,2025,LIC-rest_cafes-3070000-3070000-104-2009-00048,"서울특별시 성북구 장월로38길 46 (장위동,(1층))",no_exact_match,
휴게음식점,2025,LIC-rest_cafes-3100000-3100000-104-1996-06232,서울특별시 노원구 하계동 11-2 한신스포츠센타 1층,no_exact_match,
휴게음식점,2025,LIC-rest_cafes-3100000-3100000-104-1999-06581,"서울특별시 노원구 월계로 343 (월계동,현주프라자 1층)",no_exact_match,
휴게음식점,2025,LIC-rest_cafes-3100000-3100000-104-2006-00044,서울특별시 노원구 덕릉로141길 0 (상계동),no_exact_match,
휴게음식점,2025,LIC-rest_cafes-3100000-3100000-104-2010-00086,서울특별시 노원구 월계로 337 (월계동),no_exact_match,
휴게음식점,2025,LIC-rest_cafes-3100000-3100000-104-2010-00115,서울특별시 노원구 상계동 0 2구역 15블럭 6롯트 명륜빌딩 지상 1층,no_exact_match,
휴게음식점,2025,LIC-rest_cafes-3100000-3100000-104-2011-00068,"서울특별시 노원구 월계로49길 28, 1층 (월계동)",no_exact_match,
휴게음식점,2025,LIC-rest_cafes-3100000-3100000-104-2011-00164,서울특별시 노원구 상계동 - 2구역 15블럭 5롯트 2층,no_exact_match,
휴게음식점,2025,LIC-rest_cafes-3100000-3100000-104-2012-00066,"서울특별시 노원구 상계동 107 6구역52블럭2롯트 단대아파트상가 107,108호",no_exact_match,
휴게음식점,2025,LIC-rest_cafes-3100000-3100000-104-2022-00129,"서울특별시 노원구 화랑로 574, 생도회관 지상2층 (공릉동)",no_exact_match,
휴게음식점,2025,LIC-rest_cafes-3100000-3100000-104-2022-00150,"서울특별시 노원구 화랑로 574, 생도회관 2층 (공릉동)",no_exact_match,
휴게음식점,2025,LIC-rest_cafes-3110000-3110000-104-1993-04708,서울특별시 은평구 통일로 620 (녹번동),no_exact_match,
휴게음식점,2025,LIC-rest_cafes-3110000-3110000-104-2016-00168,"서울특별시 은평구 불광동 1-200 상가동 지층 1,2호",no_exact_match,
휴게음식점,2025,LIC-rest_cafes-3120000-3120000-104-1994-03125,서울특별시 서대문구 합동 189-4,no_exact_match,
휴게음식점,2025,LIC-rest_cafes-3120000-3120000-104-2008-00073,서울특별시 서대문구 충정로3가 58 충정로역사 5호선 지하2층,no_exact_match,
휴게음식점,2025,LIC-rest_cafes-3120000-3120000-104-2018-00149,서울특별시 서대문구 홍은동 48-84 유진상가 내 서대문50플러스센터 2층,no_exact_match,
휴게음식점,2025,LIC-rest_cafes-3130000-3130000-104-2011-00118,서울특별시 마포구 상암동 0 디엠씨내비 4-4 상암아이티타워 지하 121호,no_exact_match,
휴게음식점,2025,LIC-rest_cafes-3150000-3150000-104-2007-00045,"서울특별시 강서구 강서로 272, 지하 1층 (내발산동, 1동 발산역)",no_exact_match,
휴게음식점,2025,LIC-rest_cafes-3150000-3150000-104-2024-00177,서울특별시 강서구 외발산동 254-16 외 3필지1층,no_exact_match,
휴게음식점,2025,LIC-rest_cafes-3160000-3160000-104-1986-06884,서울특별시 구로구 가리봉동 148-40,no_exact_match,
휴게음식점,2025,LIC-rest_cafes-3160000-3160000-104-2012-00090,서울특별시 구로구 구로동 124 구로디지털역 전기실 옆 2호선 지상1층 232-003호,no_exact_match,
휴게음식점,2025,LIC-rest_cafes-3180000-3180000-104-1970-01392,서울특별시 영등포구 신길동 209-103,no_exact_match,
휴게음식점,2025,LIC-rest_cafes-3180000-3180000-104-1972-01606,서울특별시 영등포구 문래동1가 71-6,no_exact_match,
휴게음식점,2025,LIC-rest_cafes-3180000-3180000-104-1981-01372,서울특별시 영등포구 양산로35길 12-1 (영등포동7가),no_exact_match,
휴게음식점,2025,LIC-rest_cafes-3180000-3180000-104-1981-01600,서울특별시 영등포구 양평동1가 13-12,no_exact_match,
휴게음식점,2025,LIC-rest_cafes-3180000-3180000-104-1981-02014,서울특별시 영등포구 영등포동 618-95,no_exact_match,
휴게음식점,2025,LIC-rest_cafes-3180000-3180000-104-1982-01834,서울특별시 영등포구 당산동2가 65-40,no_exact_match,
휴게음식점,2025,LIC-rest_cafes-3180000-3180000-104-1984-01129,서울특별시 영등포구 양평동2가 19-0,no_exact_match,
휴게음식점,2025,LIC-rest_cafes-3180000-3180000-104-1994-00874,서울특별시 영등포구 디지털로 446 (대림동),no_exact_match,
휴게음식점,2025,LIC-rest_cafes-3180000-3180000-104-1995-00670,서울특별시 영등포구 양화동 47-1,no_exact_match,
휴게음식점,2025,LIC-rest_cafes-3180000-3180000-104-1995-00711,서울특별시 영등포구 영등포동4가 426-0 지하1층,no_exact_match,
휴게음식점,2025,LIC-rest_cafes-3180000-3180000-104-1999-12339,서울특별시 영등포구 양평동3가 75-1 거성파스텔(아)상가 107동,no_exact_match,
휴게음식점,2025,LIC-rest_cafes-3180000-3180000-104-2001-13943,서울특별시 영등포구 영등포동4가 441-21,no_exact_match,
휴게음식점,2025,LIC-rest_cafes-3180000-3180000-104-2004-00036,"서울특별시 영등포구 영등포로 417 (신길동,외 3필지(1381,1382,1377))",no_exact_match,
휴게음식점,2025,LIC-rest_cafes-3180000-3180000-104-2007-00110,서울특별시 영등포구 영등포동1가 618-496 롯데백화점 지하1층,no_exact_match,
휴게음식점,2025,LIC-rest_cafes-3180000-3180000-104-2008-00099,서울특별시 영등포구 신길동 3863 (1층),no_exact_match,
휴게음식점,2025,LIC-rest_cafes-3180000-3180000-104-2008-00103,서울특별시 영등포구 신길동 4664 외1필지,no_exact_match,
휴게음식점,2025,LIC-rest_cafes-3180000-3180000-104-2008-00139,"서울특별시 영등포구 디지털로 440 (대림동,지상1층)",no_exact_match,
휴게음식점,2025,LIC-rest_cafes-3180000-3180000-104-2009-00058,"서울특별시 영등포구 신길로 31 (대림동,외1필지 지상1층)",no_exact_match,
휴게음식점,2025,LIC-rest_cafes-3180000-3180000-104-2016-00199,서울특별시 영등포구 양화동 47 1층,no_exact_match,
휴게음식점,2025,LIC-rest_cafes-3180000-3180000-104-2017-00354,"서울특별시 영등포구 양산로 99-1, 1층 (당산동3가)",no_exact_match,
휴게음식점,2025,LIC-rest_cafes-3190000-3190000-104-1994-00917,서울특별시 동작구 대방동 356-1,no_exact_match,
휴게음식점,2025,LIC-rest_cafes-3190000-3190000-104-1999-07462,서울특별시 동작구 여의대방로22길 136 (신대방동),no_exact_match,
휴게음식점,2025,LIC-rest_cafes-3190000-3190000-104-2002-00022,서울특별시 동작구 신대방동 341-29,no_exact_match,
휴게음식점,2025,LIC-rest_cafes-3190000-3190000-104-2003-00003,서울특별시 동작구 상도1동 51,no_exact_match,
휴게음식점,2025,LIC-rest_cafes-3190000-3190000-104-2006-00011,서울특별시 동작구 상도동 36-1 대림아파트상가(지상1층),no_exact_match,
휴게음식점,2025,LIC-rest_cafes-3190000-3190000-104-2010-00005,서울특별시 동작구 대방동 393 신대방삼거리역점,no_exact_match,
휴게음식점,2025,LIC-rest_cafes-3190000-3190000-104-2010-00009,서울특별시 동작구 상도동 752-2,no_exact_match,
휴게음식점,2025,LIC-rest_cafes-3190000-3190000-104-2011-00133,서울특별시 동작구 흑석동 45-2 흑석한강센트레빌 1층 111호,no_exact_match,
휴게음식점,2025,LIC-rest_cafes-3210000-3210000-104-1991-01217,서울특별시 서초구 반포동 257-3,no_exact_match,
휴게음식점,2025,LIC-rest_cafes-3210000-3210000-104-1993-00591,서울특별시 서초구 방배동 983-10,no_exact_match,
휴게음식점,2025,LIC-rest_cafes-3210000-3210000-104-2000-15917,서울특별시 서초구 양재동 23-1 (112호),no_exact_match,
휴게음식점,2025,LIC-rest_cafes-3210000-3210000-104-2001-16175,서울특별시 서초구 양재동 23-2 (1층),no_exact_match,
휴게음식점,2025,LIC-rest_cafes-3210000-3210000-104-2002-00045,서울특별시 서초구 양재동 11-43,no_exact_match,
휴게음식점,2025,LIC-rest_cafes-3210000-3210000-104-2002-00085,"서울특별시 서초구 서초동 84-1 강남대우쇼핑센타 B-32,33호",no_exact_match,
휴게음식점,2025,LIC-rest_cafes-3210000-3210000-104-2004-00142,"서울특별시 서초구 서초동 0-0 강남역강남지하상가지하1층에프6,15,16,17호",no_exact_match,
휴게음식점,2025,LIC-rest_cafes-3210000-3210000-104-2009-00251,서울특별시 서초구 반포동 75 9호선 고속터미널역사내 B2층(반포19-11이 맞음),no_exact_match,
휴게음식점,2025,LIC-rest_cafes-3210000-3210000-104-2010-00188,서울특별시 서초구 반포동 75 도시철도9호선 고속터미널역 B2층(반포19-11이 맞음),no_exact_match,
휴게음식점,2025,LIC-rest_cafes-3210000-3210000-104-2012-00016,서울특별시 서초구 서초동 1500 (서초 1748-5 가 맞음) 서초역내 B1층,no_exact_match,
휴게음식점,2025,LIC-rest_cafes-3210000-3210000-104-2016-00237,"서울특별시 서초구 서초동 1318-11 강남역 9,10번 출구 외 2개소",no_exact_match,
휴게음식점,2025,LIC-rest_cafes-3210000-3210000-104-2016-00484,"서울특별시 서초구 서초동 1318-11 강남역 9번, 10번 출구(지오다노 앞)",no_exact_match,
휴게음식점,2025,LIC-rest_cafes-3210000-3210000-104-2017-00028,"서울특별시 서초구 서초동 1318-11 강남역 9번,10번출구",no_exact_match,
휴게음식점,2025,LIC-rest_cafes-3210000-3210000-104-2017-00029,"서울특별시 서초구 서초동 1318-11 강남역 9,10번출구 외 2개소",no_exact_match,
휴게음식점,2025,LIC-rest_cafes-3210000-3210000-104-2017-00087,"서울특별시 서초구 서초동 1318-11 강남역 9,10번 출구",no_exact_match,
휴게음식점,2025,LIC-rest_cafes-3210000-3210000-104-2017-00298,"서울특별시 서초구 안골1길 2, 1층 (내곡동)",no_exact_match,
휴게음식점,2025,LIC-rest_cafes-3210000-3210000-104-2018-00390,"서울특별시 서초구 안골1길 2, 1층 101호 (내곡동)",no_exact_match,
휴게음식점,2025,LIC-rest_cafes-3220000-3220000-104-1975-01874,서울특별시 강남구 도곡동 125-22,no_exact_match,
휴게음식점,2025,LIC-rest_cafes-3220000-3220000-104-1979-02292,서울특별시 강남구 대치동 287-96,no_exact_match,
휴게음식점,2025,LIC-rest_cafes-3220000-3220000-104-1980-01839,서울특별시 강남구 개포동 0,no_exact_match,
휴게음식점,2025,LIC-rest_cafes-3220000-3220000-104-1982-01799,서울특별시 강남구 대치동 256-1 .3,no_exact_match,
휴게음식점,2025,LIC-rest_cafes-3220000-3220000-104-1982-01815,서울특별시 강남구 신사동 342-1,no_exact_match,
휴게음식점,2025,LIC-rest_cafes-3220000-3220000-104-1982-01817,서울특별시 강남구 역삼동 430-6,no_exact_match,
휴게음식점,2025,LIC-rest_cafes-3220000-3220000-104-1983-02165,서울특별시 강남구 개포동 0,no_exact_match,
휴게음식점,2025,LIC-rest_cafes-3220000-3220000-104-1984-01774,서울특별시 강남구 역삼동 437-1,no_exact_match,
휴게음식점,2025,LIC-rest_cafes-3220000-3220000-104-1985-02028,서울특별시 강남구 개포동 0,no_exact_match,
휴게음식점,2025,LIC-rest_cafes-3220000-3220000-104-1986-01711,서울특별시 강남구 역삼동 227-3,no_exact_match,
휴게음식점,2025,LIC-rest_cafes-3220000-3220000-104-1986-02745,서울특별시 강남구 압구정동 369-0,no_exact_match,
휴게음식점,2025,LIC-rest_cafes-3220000-3220000-104-1987-01682,서울특별시 강남구 개포동 504-0,no_exact_match,
휴게음식점,2025,LIC-rest_cafes-3220000-3220000-104-1988-01837,서울특별시 강남구 개포동 105-1,no_exact_match,
휴게음식점,2025,LIC-rest_cafes-3220000-3220000-104-1989-01654,서울특별시 강남구 삼성동 0-0,no_exact_match,
휴게음식점,2025,LIC-rest_cafes-3220000-3220000-104-1989-21888,서울특별시 강남구 개포동 188-21,no_exact_match,
휴게음식점,2025,LIC-rest_cafes-3220000-3220000-104-1993-00938,서울특별시 강남구 신사동 162-16 .17,no_exact_match,
휴게음식점,2025,LIC-rest_cafes-3220000-3220000-104-1995-01096,서울특별시 강남구 삼성동 8-3 지상1층,no_exact_match,
휴게음식점,2025,LIC-rest_cafes-3220000-3220000-104-1996-00670,서울특별시 강남구 청담동 123-52,no_exact_match,
휴게음식점,2025,LIC-rest_cafes-3220000-3220000-104-1996-00798,서울특별시 강남구 도곡동 112-0,no_exact_match,
휴게음식점,2025,LIC-rest_cafes-3220000-3220000-104-1998-02863,서울특별시 강남구 수서동 11-0 목연상가 17호호,no_exact_match,
휴게음식점,2025,LIC-rest_cafes-3220000-3220000-104-1999-20646,서울특별시 강남구 역삼동 796-21,no_exact_match,
휴게음식점,2025,LIC-rest_cafes-3220000-3220000-104-2000-22159,서울특별시 강남구 삼성동 159-2 011,no_exact_match,
휴게음식점,2025,LIC-rest_cafes-3220000-3220000-104-2000-22320,"서울특별시 강남구 언주로 406 (역삼동,(1층108호))",no_exact_match,
휴게음식점,2025,LIC-rest_cafes-3220000-3220000-104-2001-23852,서울특별시 강남구 개포동 0,no_exact_match,
휴게음식점,2025,LIC-rest_cafes-3220000-3220000-104-2001-23864,서울특별시 강남구 대치동 산 626 청실상가  111호,no_exact_match,
휴게음식점,2025,LIC-rest_cafes-3220000-3220000-104-2002-00134,"서울특별시 강남구 도곡동 956-3,4 지상1층",no_exact_match,
휴게음식점,2025,LIC-rest_cafes-3220000-3220000-104-2005-00088,"서울특별시 강남구 논현로 732 (논현동,지상3층)",no_exact_match,
휴게음식점,2025,LIC-rest_cafes-3220000-3220000-104-2006-00070,"서울특별시 강남구 강남대로106길 26 (역삼동,지상1층)",no_exact_match,
휴게음식점,2025,LIC-rest_cafes-3220000-3220000-104-2008-00228,서울특별시 강남구 청담동 31-17 지상1층,no_exact_match,
휴게음식점,2025,LIC-rest_cafes-3220000-3220000-104-2009-00096,서울특별시 강남구 역삼동 707-37 한신인터밸리24지하2층B126호,no_exact_match,
휴게음식점,2025,LIC-rest_cafes-3220000-3220000-104-2011-00027,서울특별시 강남구 수서동 439-2 지하철3호선 수서역 구내,no_exact_match,
휴게음식점,2025,LIC-rest_cafes-3220000-3220000-104-2011-00168,서울특별시 강남구 일원동 214 일원역구내348-10,no_exact_match,
휴게음식점,2025,LIC-rest_cafes-3220000-3220000-104-2011-00317,서울특별시 강남구 수서동 439-2 수서역구내 지하1층,no_exact_match,
휴게음식점,2025,LIC-rest_cafes-3220000-3220000-104-2011-00392,서울특별시 강남구 신사동 327-13 지층,no_exact_match,
휴게음식점,2025,LIC-rest_cafes-3220000-3220000-104-2012-00324,서울특별시 강남구 일원동 214,no_exact_match,
휴게음식점,2025,LIC-rest_cafes-3220000-3220000-104-2013-00095,"서울특별시 강남구 논현로 732, 지상1층 (논현동)",no_exact_match,
휴게음식점,2025,LIC-rest_cafes-3230000-3230000-104-1989-02064,서울특별시 송파구 동남로 4-15 (문정동),no_exact_match,
휴게음식점,2025,LIC-rest_cafes-3230000-3230000-104-2010-00284,"서울특별시 송파구 송파대로 359 (가락동, 지하철8호선 송파역 지하1층 )",no_exact_match,
휴게음식점,2025,LIC-rest_cafes-3240000-3240000-104-2021-00261,서울특별시 강동구 고덕동 1-7 고덕강일지구 이주자주택,no_exact_match,
휴게음식점,2025,LIC-rest_cafes-3000000-3000000-104-1984-08965,서울특별시 종로구 신문로1가 51-0,filled,jibun:서울 종로구 신문로1가 51
휴게음식점,2025,LIC-rest_cafes-3000000-3000000-104-2000-11326,"서울특별시 종로구 성균관로 25-2, 지상1층 (명륜3가, 성균관대학교 교수회관)",filled,road:서울 종로구 성균관로 25-2
휴게음식점,2025,LIC-rest_cafes-3000000-3000000-104-2002-00047,"서울특별시 종로구 낙원동 25, 33, 35 지상2층",filled,jibun:서울 종로구 낙원동 25
휴게음식점,2025,LIC-rest_cafes-3000000-3000000-104-2003-00055,서울특별시 종로구 관수동 5  번지외 1필지 지상1층,filled,jibun:서울 종로구 관수동 5
휴게음식점,2025,LIC-rest_cafes-3000000-3000000-104-2012-00133,서울특별시 종로구 대학로 86 (동숭동),filled,road:서울 종로구 대학로 86
휴게음식점,2025,LIC-rest_cafes-3000000-3000000-104-2012-00134,"서울특별시 종로구 이화장길 81, 한국방송통신대학교 열린관 지상 1층 (동숭동)",filled,road:서울 종로구 이화장길 81
휴게음식점,2025,LIC-rest_cafes-3000000-3000000-104-2013-00061,"서울특별시 종로구 대학로14길 18-2, 2층 (혜화동)",filled,road:서울 종로구 대학로14길 18-2
휴게음식점,2025,LIC-rest_cafes-3000000-3000000-104-2014-00046,"서울특별시 종로구 평창문화로 81, 1층 (평창동)",filled,road:서울 종로구 평창문화로 81
휴게음식점,2025,LIC-rest_cafes-3000000-3000000-104-2016-00070,"서울특별시 종로구 우정국로 68, 1층 (관훈동)",filled,road:서울 종로구 우정국로 68
휴게음식점,2025,LIC-rest_cafes-3000000-3000000-104-2017-00005,"서울특별시 종로구 대학로 104, 1층 (동숭동)",filled,road:서울 종로구 대학로 104
휴게음식점,2025,LIC-rest_cafes-3000000-3000000-104-2017-00094,서울특별시 종로구 종로1가 44 1호선종각역 152-05호,filled,jibun:서울 종로구 종로1가 44
휴게음식점,2025,LIC-rest_cafes-3000000-3000000-104-2019-00092,"서울특별시 종로구 종로 292, 1층 (창신동)",filled,road:서울 종로구 종로 292
휴게음식점,2025,LIC-rest_cafes-3000000-3000000-104-2019-00119,"서울특별시 종로구 율곡로 286, 야드인빌딩 2층 (종로6가)",filled,road:서울 종로구 율곡로 286
휴게음식점,2025,LIC-rest_cafes-3000000-3000000-104-2020-00155,"서울특별시 종로구 통일로 134, 디타워(돈의문) 지하1층 105-3호 (평동)",filled,road:서울 종로구 통일로 134
휴게음식점,2025,LIC-rest_cafes-3000000-3000000-104-2021-00002,"서울특별시 종로구 통일로 134, 디타워(돈의문) 3층 (평동)",filled,road:서울 종로구 통일로 134
휴게음식점,2025,LIC-rest_cafes-3000000-3000000-104-2021-00037,"서울특별시 종로구 청계천로 17, 지하1, 지상1~3층 (서린동)",filled,road:서울 종로구 청계천로 17
휴게음식점,2025,LIC-rest_cafes-3000000-3000000-104-2021-00053,"서울특별시 종로구 통일로 134, 디타워(돈의문) 1층 (평동)",filled,road:서울 종로구 통일로 134
휴게음식점,2025,LIC-rest_cafes-3000000-3000000-104-2021-00056,"서울특별시 종로구 세종대로 지하 172, 5호선 광화문역 지하1층 1관4호 (세종로)",filled,road:서울 종로구 세종대로 지하 172
휴게음식점,2025,LIC-rest_cafes-3000000-3000000-104-2022-00059,"서울특별시 종로구 필운대로5길 11, 1층 (누하동)",filled,road:서울 종로구 필운대로5길 11
휴게음식점,2025,LIC-rest_cafes-3000000-3000000-104-2023-00076,"서울특별시 종로구 율곡로 235, 1층 (충신동)",filled,road:서울 종로구 율곡로 235
휴게음식점,2025,LIC-rest_cafes-3000000-3000000-104-2023-00146,"서울특별시 종로구 숭인동길 68, 1층 일부 (숭인동)",filled,road:서울 종로구 숭인동길 68
휴게음식점,2025,LIC-rest_cafes-3000000-3000000-104-2024-00098,"서울특별시 종로구 종로 210, 104호 (종로5가)",filled,road:서울 종로구 종로 210
휴게음식점,2025,LIC-rest_cafes-3010000-3010000-104-1968-01910,서울특별시 중구 신당동 106-0,filled,jibun:서울특별시 중구 흥인동 106
휴게음식점,2025,LIC-rest_cafes-3010000-3010000-104-1969-00959,서울특별시 중구 서소문로11길 2-1 (서소문동),filled,road:서울 중구 서소문로11길 2-1
휴게음식점,2025,LIC-rest_cafes-3010000-3010000-104-1974-01568,서울특별시 중구 신당동 11-1,filled,jibun:서울특별시 중구 무학동 11-1
휴게음식점,2025,LIC-rest_cafes-3010000-3010000-104-1978-00851,서울특별시 중구 충무로2가 2-4 충무지하상,filled,jibun:서울특별시 중구 충무로4가 2-4
휴게음식점,2025,LIC-rest_cafes-3010000-3010000-104-1982-00638,서울특별시 중구 신당동 97-1,filled,jibun:서울특별시 중구 흥인동 97-1
휴게음식점,2025,LIC-rest_cafes-3010000-3010000-104-1983-00567,서울특별시 중구 신당동 1-0,filled,jibun:서울특별시 중구 무학동 1
휴게음식점,2025,LIC-rest_cafes-3010000-3010000-104-1983-00618,서울특별시 중구 필동1가 36-1,filled,jibun:서울특별시 중구 필동3가 36-1
휴게음식점,2025,LIC-rest_cafes-3010000-3010000-104-1984-00470,서울특별시 중구 신당동 2-32,filled,jibun:서울특별시 중구 흥인동 2-32
휴게음식점,2025,LIC-rest_cafes-3010000-3010000-104-1986-00837,서울특별시 중구 신당동 71-0,filled,jibun:서울특별시 중구 무학동 71
휴게음식점,2025,LIC-rest_cafes-3010000-3010000-104-1988-00102,서울특별시 중구 신당동 1-0,filled,jibun:서울특별시 중구 무학동 1
휴게음식점,2025,LIC-rest_cafes-3010000-3010000-104-1989-00056,서울특별시 중구 신당동 1-0,filled,jibun:서울특별시 중구 무학동 1
휴게음식점,2025,LIC-rest_cafes-3010000-3010000-104-1989-01650,서울특별시 중구 회현동1가 1-11,filled,jibun:서울특별시 중구 회현동3가 1-11
휴게음식점,2025,LIC-rest_cafes-3010000-3010000-104-1991-01970,서울특별시 중구 소공동 120-28,filled,jibun:서울특별시 중구 서소문동 120-28
휴게음식점,2025,LIC-rest_cafes-3010000-3010000-104-1993-01676,서울특별시 중구 명동13길 29 (을지로2가),filled,jibun:서울특별시 중구 다동 13
휴게음식점,2025,LIC-rest_cafes-3010000-3010000-104-1993-01753,서울특별시 중구 필동1가 38-1,filled,jibun:서울특별시 중구 필동3가 38-1
휴게음식점,2025,LIC-rest_cafes-3010000-3010000-104-2009-00104,서울특별시 중구 신당동 106-1 신당역 지하2층,filled,jibun:서울특별시 중구 흥인동 106-1
휴게음식점,2025,LIC-rest_cafes-3010000-3010000-104-2014-00081,"서울특별시 중구 을지로 88 (을지로2가, 을지로지하도상가 을특4호)",filled,road:서울 중구 을지로 지하 88
휴게음식점,2025,LIC-rest_cafes-3010000-3010000-104-2017-00211,"서울특별시 중구 소공로 63 (충무로1가, 신세계백화점 지하1층)",filled,road:서울 중구 소공로 63
휴게음식점,2025,LIC-rest_cafes-3010000-3010000-104-2017-00362,"서울특별시 중구 세종대로11길 36 (서소문동, 1층)",filled,road:서울 중구 세종대로11길 36
휴게음식점,2025,LIC-rest_cafes-3010000-3010000-104-2017-00373,"서울특별시 중구 중림로 51-2, 1층 (중림동)",filled,road:서울 중구 중림로 51-2
휴게음식점,2025,LIC-rest_cafes-3010000-3010000-104-2017-00407,"서울특별시 중구 남대문로 112, 1층 (남대문로1가)",filled,road:서울 중구 남대문로 112
휴게음식점,2025,LIC-rest_cafes-3010000-3010000-104-2018-00162,"서울특별시 중구 퇴계로 211-5, 1층 (충무로4가)",filled,road:서울 중구 퇴계로 211-5
휴게음식점,2025,LIC-rest_cafes-3010000-3010000-104-2020-00201,서울특별시 중구 남창동 64-1도,filled,jibun:서울 중구 남창동 64-1
휴게음식점,2025,LIC-rest_cafes-3010000-3010000-104-2020-00210,"서울특별시 중구 필동로 26, 1층 (필동2가)",filled,road:서울 중구 필동로 26
휴게음식점,2025,LIC-rest_cafes-3010000-3010000-104-2021-00021,"서울특별시 중구 동호로 330, 6층 (쌍림동)",filled,road:서울 중구 동호로 330
휴게음식점,2025,LIC-rest_cafes-3010000-3010000-104-2022-00057,"서울특별시 중구 청계천로 106, 1층,2층 (수표동)",filled,road:서울 중구 청계천로 106
휴게음식점,2025,LIC-rest_cafes-3010000-3010000-104-2023-00138,"서울특별시 중구 마른내로 79, 1층 105호 (인현동2가)",filled,road:서울 중구 마른내로 79
휴게음식점,2025,LIC-rest_cafes-3010000-3010000-104-2023-00155,"서울특별시 중구 을지로15길 31, 1층 101호,102호 (입정동)",filled,road:서울 중구 을지로15길 31
휴게음식점,2025,LIC-rest_cafes-3010000-3010000-104-2023-00156,"서울특별시 중구 을지로15길 32, 1층 113호,115A호 (입정동)",filled,road:서울 중구 을지로15길 32
휴게음식점,2025,LIC-rest_cafes-3010000-3010000-104-2024-00087,"서울특별시 중구 을지로15길 31, 힐스테이트세운센트럴 1단지 106호 (입정동)",filled,road:서울 중구 을지로15길 31
휴게음식점,2025,LIC-rest_cafes-3010000-3010000-104-2024-00201,"서울특별시 중구 을지로15길 31, 힐스테이트세운센트럴 1단지 105호 (입정동)",filled,road:서울 중구 을지로15길 31
휴게음식점,2025,LIC-rest_cafes-3020000-3020000-104-2010-00036,서울특별시 용산구 한강대로 112 (한강로2가),filled,road:서울 용산구 한강대로 지하 112
휴게음식점,2025,LIC-rest_cafes-3020000-3020000-104-2013-00091,"서울특별시 용산구 한강대로 112 (한강로2가, 신용산역 지하1층 429-13호)",filled,road:서울 용산구 한강대로 지하 112
휴게음식점,2025,LIC-rest_cafes-3020000-3020000-104-2014-00136,"서울특별시 용산구 한강대로 지하 112, 429-02호 (한강로2가, 신용산역)",filled,road:서울 용산구 한강대로 지하 112
휴게음식점,2025,LIC-rest_cafes-3020000-3020000-104-2019-00034,"서울특별시 용산구 원효로 186-1, 1층 (원효로2가)",filled,road:서울 용산구 원효로 186-1
휴게음식점,2025,LIC-rest_cafes-3020000-3020000-104-2019-00098,"서울특별시 용산구 원효로89길 12, 1층 (원효로1가)",filled,road:서울 용산구 원효로89길 12
휴게음식점,2025,LIC-rest_cafes-3020000-3020000-104-2020-00001,"서울특별시 용산구 청파로47길 67, 1층 (청파동2가)",filled,road:서울 용산구 청파로47길 67
휴게음식점,2025,LIC-rest_cafes-3020000-3020000-104-2020-00163,"서울특별시 용산구 한강대로 지하 112, 4호선 신용산역 지1층 429-112호 (한강로2가)",filled,road:서울 용산구 한강대로 지하 112
휴게음식점,2025,LIC-rest_cafes-3020000-3020000-104-2021-00113,"서울특별시 용산구 한강대로 지하 112, 4호선 신용산역 지하층 429-01호 (한강로2가)",filled,road:서울 용산구 한강대로 지하 112
휴게음식점,2025,LIC-rest_cafes-3020000-3020000-104-2022-00083,"서울특별시 용산구 백범로90길 74, 101동 101호 (문배동, 이안용산)",filled,road:서울 용산구 백범로90길 74
휴게음식점,2025,LIC-rest_cafes-3020000-3020000-104-2022-00146,"서울특별시 용산구 신흥로 89, 1층 (용산동2가)",filled,road:서울 용산구 신흥로 89
휴게음식점,2025,LIC-rest_cafes-3020000-3020000-104-2024-00143,"서울특별시 용산구 녹사평대로 252, 1층 (이태원동)",filled,road:서울 용산구 녹사평대로 252
휴게음식점,2025,LIC-rest_cafes-3030000-3030000-104-2007-00051,"서울특별시 성동구 행당로 지하 89 (행당동,행당역내 지하3층)",filled,road:서울 성동구 행당로 89
휴게음식점,2025,LIC-rest_cafes-3030000-3030000-104-2007-00053,"서울특별시 성동구 왕십리로 지하 300 (행당동,왕십리역내 지하2층)",filled,road:서울 성동구 왕십리로 지하 300
휴게음식점,2025,LIC-rest_cafes-3030000-3030000-104-2007-00055,"서울특별시 성동구 천호대로 지하 300 (용답동,답십리역내 지하2층)",filled,road:서울 성동구 천호대로 지하 300
휴게음식점,2025,LIC-rest_cafes-3030000-3030000-104-2018-00047,"서울특별시 성동구 독서당로 227, 순복음옥수교회 1층 (옥수동)",filled,road:서울 성동구 독서당로 227
휴게음식점,2025,LIC-rest_cafes-3030000-3030000-104-2019-00185,"서울특별시 성동구 천호대로 244, 판매시설동 2층 2213호 (용답동, 청계 SK VIEW)",filled,road:서울 성동구 천호대로 244
휴게음식점,2025,LIC-rest_cafes-3030000-3030000-104-2021-00013,"서울특별시 성동구 왕십리로 지하 300, 왕십리역 지하1층 208-107호 (행당동)",filled,road:서울 성동구 왕십리로 지하 300
휴게음식점,2025,LIC-rest_cafes-3030000-3030000-104-2021-00085,"서울특별시 성동구 행당로 지하 89, 행당역 지하2층 539-303호 (행당동)",filled,road:서울 성동구 행당로 89
휴게음식점,2025,LIC-rest_cafes-3030000-3030000-104-2022-00065,"서울특별시 성동구 아차산로 18, 뚝섬역 1층 210-007호 (성수동1가)",filled,road:서울 성동구 아차산로 18
휴게음식점,2025,LIC-rest_cafes-3030000-3030000-104-2022-00078,서울특별시 성동구 성수이로24길 3 (주) 신도리코 서울본사 A동 1층 (성수동2가),filled,road:서울 성동구 성수이로24길 3
휴게음식점,2025,LIC-rest_cafes-3030000-3030000-104-2023-00123,"서울특별시 성동구 왕십리로 지하 300, 왕십리역 지1층 208-110호 (행당동)",filled,road:서울 성동구 왕십리로 지하 300
휴게음식점,2025,LIC-rest_cafes-3030000-3030000-104-2023-00150,"서울특별시 성동구 왕십리로 지하 300, 왕십리역 지하1층 208-109호 (행당동)",filled,road:서울 성동구 왕십리로 지하 300
휴게음식점,2025,LIC-rest_cafes-3030000-3030000-104-2024-00056,"서울특별시 성동구 아차산로 18, 뚝섬역 210-006호 (성수동1가)",filled,road:서울 성동구 아차산로 18
휴게음식점,2025,LIC-rest_cafes-3030000-3030000-104-2024-00070,"서울특별시 성동구 왕십리로 206, 한양대역 209-005호 (행당동)",filled,road:서울 성동구 왕십리로 206
휴게음식점,2025,LIC-rest_cafes-3030000-3030000-104-2024-00091,"서울특별시 성동구 뚝섬로 273, 1층 (성수동1가)",filled,road:서울 성동구 뚝섬로 273
휴게음식점,2025,LIC-rest_cafes-3030000-3030000-104-2024-00133,"서울특별시 성동구 아차산로 18, 뚝섬역 2층 (성수동1가)",filled,road:서울 성동구 아차산로 18
휴게음식점,2025,LIC-rest_cafes-3030000-3030000-104-2024-00140,"서울특별시 성동구 광나루로 328, 1층 (성수동2가)",filled,road:서울 성동구 광나루로 328
휴게음식점,2025,LIC-rest_cafes-3040000-3040000-104-2020-00223,"서울특별시 광진구 용마산로28길 13, 1층 (중곡동)",filled,road:서울 광진구 용마산로28길 13
휴게음식점,2025,LIC-rest_cafes-3040000-3040000-104-2023-00135,"서울특별시 광진구 자양로 55, 101동 1층 103호 (자양동)",filled,road:서울 광진구 자양로 55
휴게음식점,2025,LIC-rest_cafes-3040000-3040000-104-2023-00151,"서울특별시 광진구 동일로10길 30, 202동 1층 205호 (자양동)",filled,road:서울 광진구 동일로10길 30
휴게음식점,2025,LIC-rest_cafes-3040000-3040000-104-2024-00027,"서울특별시 광진구 동일로 56, 7동 1층 704호 (자양동)",filled,road:서울 광진구 동일로 56
휴게음식점,2025,LIC-rest_cafes-3040000-3040000-104-2024-00031,"서울특별시 광진구 자양로 55, 102동 106호 (자양동, 자양하늘채 베르)",filled,road:서울 광진구 자양로 55
휴게음식점,2025,LIC-rest_cafes-3040000-3040000-104-2024-00047,"서울특별시 광진구 동일로 56, 7동 1층 703호 (자양동)",filled,road:서울 광진구 동일로 56
휴게음식점,2025,LIC-rest_cafes-3040000-3040000-104-2024-00078,"서울특별시 광진구 뚝섬로 471, 1층 507, 508호 (자양동)",filled,road:서울 광진구 뚝섬로 471
휴게음식점,2025,LIC-rest_cafes-3040000-3040000-104-2024-00172,"서울특별시 광진구 뚝섬로 471, 5동 1층 4호 (자양동)",filled,road:서울 광진구 뚝섬로 471
휴게음식점,2025,LIC-rest_cafes-3050000-3050000-104-2020-00096,"서울특별시 동대문구 왕산로 117, 불로장생타워 1층 8호,9호,10호,11호 (제기동)",filled,road:서울 동대문구 왕산로 117
휴게음식점,2025,LIC-rest_cafes-3050000-3050000-104-2021-00095,"서울특별시 동대문구 사가정로 35, 2층 (답십리동)",filled,road:서울 동대문구 사가정로 35
휴게음식점,2025,LIC-rest_cafes-3050000-3050000-104-2023-00007,"서울특별시 동대문구 무학로 69, e편한세상 청계센트럴포레 상가 106호 (용두동)",filled,road:서울 동대문구 무학로 69
휴게음식점,2025,LIC-rest_cafes-3050000-3050000-104-2023-00020,"서울특별시 동대문구 망우로 46, 402동 1층 1213호~1215호 (휘경동)",filled,road:서울 동대문구 망우로 46
휴게음식점,2025,LIC-rest_cafes-3050000-3050000-104-2023-00024,"서울특별시 동대문구 고산자로34길 70, 청량리역 해링턴플레이스 A동 107호 (용두동)",filled,road:서울 동대문구 고산자로34길 70
휴게음식점,2025,LIC-rest_cafes-3050000-3050000-104-2023-00034,"서울특별시 동대문구 망우로 46, 401동 1106호 (휘경동)",filled,road:서울 동대문구 망우로 46
휴게음식점,2025,LIC-rest_cafes-3050000-3050000-104-2023-00059,"서울특별시 동대문구 고산자로34길 70, 청량리역 해링턴플레이스 1층 103호 (용두동)",filled,road:서울 동대문구 고산자로34길 70
휴게음식점,2025,LIC-rest_cafes-3050000-3050000-104-2023-00062,"서울특별시 동대문구 고산자로34길 70, 청량리역 해링턴플레이스 105호 (용두동)",filled,road:서울 동대문구 고산자로34길 70
휴게음식점,2025,LIC-rest_cafes-3050000-3050000-104-2023-00123,"서울특별시 동대문구 망우로 46, 401동 1101호 (휘경동)",filled,road:서울 동대문구 망우로 46
휴게음식점,2025,LIC-rest_cafes-3050000-3050000-104-2023-00147,"서울특별시 동대문구 고산자로34길 70, 청량리역 해링턴플레이스 1층 123호 (용두동)",filled,road:서울 동대문구 고산자로34길 70
휴게음식점,2025,LIC-rest_cafes-3060000-3060000-104-2006-00020,"서울특별시 중랑구 신내로 201 (신내동,홈플러스서울신내점)",filled,road:서울 중랑구 신내로 201
휴게음식점,2025,LIC-rest_cafes-3060000-3060000-104-2019-00066,"서울특별시 중랑구 상봉로15나길 2, 1층 (면목동)",filled,road:서울 중랑구 상봉로15나길 2
휴게음식점,2025,LIC-rest_cafes-3060000-3060000-104-2021-00097,"서울특별시 중랑구 신내역로3길 40-10, 서울중랑경찰서 1층 (신내동)",filled,road:서울 중랑구 신내역로3길 40-10
휴게음식점,2025,LIC-rest_cafes-3060000-3060000-104-2023-00057,"서울특별시 중랑구 망우로32길 37, 110호 (면목동, 킴스아파트)",filled,road:서울 중랑구 망우로32길 37
휴게음식점,2025,LIC-rest_cafes-3060000-3060000-104-2024-00090,"서울특별시 중랑구 망우로 268, 칠성빌딩 104호 (상봉동)",filled,road:서울 중랑구 망우로 268
휴게음식점,2025,LIC-rest_cafes-3070000-3070000-104-1977-08417,"서울특별시 성북구 삼선동1가 21-1 ,16-1",filled,jibun:서울특별시 성북구 삼선동3가 21-1
휴게음식점,2025,LIC-rest_cafes-3070000-3070000-104-2022-00182,"서울특별시 성북구 고려대로7가길 6, 기상빌딩 1층 102호 (안암동2가)",filled,road:서울 성북구 고려대로7가길 6
휴게음식점,2025,LIC-rest_cafes-3070000-3070000-104-2023-00049,"서울특별시 성북구 돌곶이로22길 3, 1층 (석관동)",filled,road:서울 성북구 돌곶이로22길 3
휴게음식점,2025,LIC-rest_cafes-3070000-3070000-104-2023-00194,"서울특별시 성북구 삼선교로24길 42, 1층 (삼선동5가)",filled,road:서울 성북구 삼선교로24길 42
휴게음식점,2025,LIC-rest_cafes-3070000-3070000-104-2024-00114,"서울특별시 성북구 숭인로2길 61, 109호 (길음동, 길음동동부센트레빌아파트)",filled,road:서울 성북구 숭인로2길 61
휴게음식점,2025,LIC-rest_cafes-3070000-3070000-104-2024-00122,서울특별시 성북구 보문로29길 21 (보문동2가),filled,road:서울 성북구 보문로29길 21
휴게음식점,2025,LIC-rest_cafes-3070000-3070000-104-2024-00247,"서울특별시 성북구 성북로21길 17, 2층 (성북동)",filled,road:서울 성북구 성북로21길 17
휴게음식점,2025,LIC-rest_cafes-3080000-3080000-104-2020-00052,"서울특별시 강북구 삼양로19길 206, 선경빌딩 지1층 (미아동)",filled,road:서울 강북구 삼양로19길 206
휴게음식점,2025,LIC-rest_cafes-3080000-3080000-104-2023-00060,"서울특별시 강북구 숭인로7길 28, 미아 동부센트레빌 101호 (미아동)",filled,road:서울 강북구 숭인로7길 28
휴게음식점,2025,LIC-rest_cafes-3080000-3080000-104-2024-00130,"서울특별시 강북구 삼양로80가길 20, 1층 (수유동)",filled,road:서울 강북구 삼양로80가길 20
휴게음식점,2025,LIC-rest_cafes-3090000-3090000-104-2021-00027,"서울특별시 도봉구 도봉로145길 21, 1층 (방학동)",filled,road:서울 도봉구 도봉로145길 21
휴게음식점,2025,LIC-rest_cafes-3090000-3090000-104-2021-00118,"서울특별시 도봉구 덕릉로63가길 30, 1층 (창동)",filled,road:서울 도봉구 덕릉로63가길 30
휴게음식점,2025,LIC-rest_cafes-3090000-3090000-104-2023-00022,"서울특별시 도봉구 해등로3길 48-11, 초안산근린공원관리사무소 1층 (창동)",filled,road:서울 도봉구 해등로3길 48-11
휴게음식점,2025,LIC-rest_cafes-3090000-3090000-104-2024-00075,"서울특별시 도봉구 마들로 772, 도우로펌타워 102호 (도봉동)",filled,road:서울 도봉구 마들로 772
휴게음식점,2025,LIC-rest_cafes-3100000-3100000-104-2015-00126,"서울특별시 노원구 덕릉로 851, 1층 (상계동, 재개발사업지구내)",filled,road:서울 노원구 덕릉로 851
휴게음식점,2025,LIC-rest_cafes-3100000-3100000-104-2019-00029,"서울특별시 노원구 광운로22길 39, 1층 (월계동)",filled,road:서울 노원구 광운로22길 39
휴게음식점,2025,LIC-rest_cafes-3100000-3100000-104-2021-00098,"서울특별시 노원구 동일로186길 53-5, 101호 (공릉동)",filled,road:서울 노원구 동일로186길 53-5
휴게음식점,2025,LIC-rest_cafes-3110000-3110000-104-2008-00026,"서울특별시 은평구 진관3로 67, 909동 1층 106호 (진관동, 은평뉴타운 구파발)",filled,road:서울 은평구 진관3로 67
휴게음식점,2025,LIC-rest_cafes-3110000-3110000-104-2011-00082,"서울특별시 은평구 진관2로 15-40 (진관동,1층(2호))",filled,road:서울 은평구 진관2로 15-40
휴게음식점,2025,LIC-rest_cafes-3110000-3110000-104-2013-00042,"서울특별시 은평구 진관3로 77 (진관동, 은평뉴타운 구파발919동 상가109호)",filled,road:서울 은평구 진관3로 77
휴게음식점,2025,LIC-rest_cafes-3110000-3110000-104-2015-00017,"서울특별시 은평구 연서로50길 8 (진관동, 지하1층)",filled,road:서울 은평구 연서로50길 8
휴게음식점,2025,LIC-rest_cafes-3110000-3110000-104-2015-00095,"서울특별시 은평구 진관2로 12 (진관동, 메이플카운티2차 113~116호)",filled,road:서울 은평구 진관2로 12
휴게음식점,2025,LIC-rest_cafes-3110000-3110000-104-2015-00135,"서울특별시 은평구 진관2로 15-46, 1층 110호 (진관동, 메트로프라자 )",filled,road:서울 은평구 진관2로 15-46
휴게음식점,2025,LIC-rest_cafes-3110000-3110000-104-2016-00095,"서울특별시 은평구 진관3로 20 (진관동, SW 메디컬 빌딩 1,2층)",filled,road:서울 은평구 진관3로 20
휴게음식점,2025,LIC-rest_cafes-3110000-3110000-104-2016-00109,"서울특별시 은평구 진관3로 77 (진관동, 919동101호)",filled,road:서울 은평구 진관3로 77
휴게음식점,2025,LIC-rest_cafes-3110000-3110000-104-2017-00033,"서울특별시 은평구 통일로 1010, 아이파크포레스트게이트 지하2층 B203호 (진관동)",filled,road:서울 은평구 통일로 1010
휴게음식점,2025,LIC-rest_cafes-3110000-3110000-104-2017-00173,"서울특별시 은평구 진관3로 77, 제919동 제1층 제상가113호 (진관동)",filled,road:서울 은평구 진관3로 77
휴게음식점,2025,LIC-rest_cafes-3110000-3110000-104-2017-00175,"서울특별시 은평구 진관3로 11, 101동 1층 107호 (진관동, 은평뉴타운 힐데스하임)",filled,road:서울 은평구 진관3로 11
휴게음식점,2025,LIC-rest_cafes-3110000-3110000-104-2017-00185,"서울특별시 은평구 진관3로 21, 제101동 제1층 상가 제124호 (진관동, 은평뉴타운 엘크루)",filled,road:서울 은평구 진관3로 21
휴게음식점,2025,LIC-rest_cafes-3110000-3110000-104-2017-00232,"서울특별시 은평구 진관3로 15-45, 1012동 상가101호 (진관동, 은평뉴타운 구파발)",filled,road:서울 은평구 진관3로 15-45
휴게음식점,2025,LIC-rest_cafes-3110000-3110000-104-2018-00012,"서울특별시 은평구 진관3로 21, 101동 1층 105호~108호 (진관동)",filled,road:서울 은평구 진관3로 21
휴게음식점,2025,LIC-rest_cafes-3110000-3110000-104-2018-00176,"서울특별시 은평구 진관1로 93, 1층 (진관동)",filled,road:서울 은평구 진관1로 93
휴게음식점,2025,LIC-rest_cafes-3110000-3110000-104-2018-00177,"서울특별시 은평구 진관1로 21-35, 어드벤스힐오피스텔 117호 (진관동)",filled,road:서울 은평구 진관1로 21-35
휴게음식점,2025,LIC-rest_cafes-3110000-3110000-104-2019-00019,"서울특별시 은평구 진관3로 21, 은평뉴타운엘크루 101동 117호 (진관동)",filled,road:서울 은평구 진관3로 21
휴게음식점,2025,LIC-rest_cafes-3110000-3110000-104-2019-00028,"서울특별시 은평구 연서로44길 55, 426동 상가 104, 105호 (진관동, 은평뉴타운 폭포동)",filled,road:서울 은평구 연서로44길 55
휴게음식점,2025,LIC-rest_cafes-3110000-3110000-104-2019-00054,"서울특별시 은평구 통일로 1010, 아이파크포레스트게이트 B209호 (진관동)",filled,road:서울 은평구 통일로 1010
휴게음식점,2025,LIC-rest_cafes-3110000-3110000-104-2019-00138,"서울특별시 은평구 연서로 302, 1층 우측호 (불광동)",filled,road:서울 은평구 연서로 302
휴게음식점,2025,LIC-rest_cafes-3110000-3110000-104-2020-00033,"서울특별시 은평구 통일로 1030, 은평헤스티아 지하1층 106호 (진관동)",filled,road:서울 은평구 통일로 1030
휴게음식점,2025,LIC-rest_cafes-3110000-3110000-104-2020-00091,"서울특별시 은평구 진관2로 12, 메이플카운티2차 1층 109호 (진관동)",filled,road:서울 은평구 진관2로 12
휴게음식점,2025,LIC-rest_cafes-3110000-3110000-104-2020-00116,"서울특별시 은평구 진관2로 15-46, 메트로프라자 103호 (진관동)",filled,road:서울 은평구 진관2로 15-46
휴게음식점,2025,LIC-rest_cafes-3110000-3110000-104-2020-00120,"서울특별시 은평구 진관3로 21, 은평뉴타운 엘크루 101동 115호 (진관동)",filled,road:서울 은평구 진관3로 21
휴게음식점,2025,LIC-rest_cafes-3110000-3110000-104-2021-00078,"서울특별시 은평구 통일로 1030, 은평헤스티아 제지1층 B102호 (진관동)",filled,road:서울 은평구 통일로 1030
휴게음식점,2025,LIC-rest_cafes-3110000-3110000-104-2021-00095,"서울특별시 은평구 진관3로 21, 101동 제1층 103호 (진관동, 은평뉴타운엘크루)",filled,road:서울 은평구 진관3로 21
휴게음식점,2025,LIC-rest_cafes-3110000-3110000-104-2021-00097,"서울특별시 은평구 진관3로 15-45, 1011동 1층 106호 (진관동, 은평뉴타운 구파발)",filled,road:서울 은평구 진관3로 15-45
휴게음식점,2025,LIC-rest_cafes-3110000-3110000-104-2021-00121,"서울특별시 은평구 진관3로 77, 916동 1층 106호 (진관동, 은평뉴타운 구파발)",filled,road:서울 은평구 진관3로 77
휴게음식점,2025,LIC-rest_cafes-3110000-3110000-104-2021-00183,"서울특별시 은평구 진관4로 48-17, 709동 1층 104,105호 (진관동, 은평뉴타운상림마을)",filled,road:서울 은평구 진관4로 48-17
휴게음식점,2025,LIC-rest_cafes-3110000-3110000-104-2022-00003,"서울특별시 은평구 수색로18길 5, 1층 (수색동)",filled,road:서울 은평구 수색로18길 5
휴게음식점,2025,LIC-rest_cafes-3110000-3110000-104-2022-00025,"서울특별시 은평구 통일로 1020, 은평뉴타운 신한 헤센스마트 제지2층 제엘101호 (진관동)",filled,road:서울 은평구 통일로 1020
휴게음식점,2025,LIC-rest_cafes-3110000-3110000-104-2022-00080,"서울특별시 은평구 진관3로 67, 905(상가)동 1층 102호 (진관동, 은평뉴타운 구파발)",filled,road:서울 은평구 진관3로 67
휴게음식점,2025,LIC-rest_cafes-3110000-3110000-104-2022-00089,"서울특별시 은평구 진관2로 15-46, 메트로프라자 제1층 제106호 (진관동)",filled,road:서울 은평구 진관2로 15-46
휴게음식점,2025,LIC-rest_cafes-3110000-3110000-104-2022-00119,"서울특별시 은평구 진관3로 67, 914동 1층 107호 (진관동, 은평뉴타운 구파발)",filled,road:서울 은평구 진관3로 67
휴게음식점,2025,LIC-rest_cafes-3110000-3110000-104-2022-00168,"서울특별시 은평구 진관2로 15-34, 2층 (진관동)",filled,road:서울 은평구 진관2로 15-34
휴게음식점,2025,LIC-rest_cafes-3110000-3110000-104-2022-00178,"서울특별시 은평구 진관3로 77, 916동 1층 상가110호 (진관동, 은평뉴타운 구파발)",filled,road:서울 은평구 진관3로 77
휴게음식점,2025,LIC-rest_cafes-3110000-3110000-104-2023-00067,"서울특별시 은평구 통일로 767, 401동 지하1층 123호 (대조동, 베르디움STAY1)",filled,road:서울 은평구 통일로 767
휴게음식점,2025,LIC-rest_cafes-3110000-3110000-104-2023-00076,"서울특별시 은평구 진관3로 15-45, 1011동 1층 상가106호 (진관동, 은평뉴타운 구파발)",filled,road:서울 은평구 진관3로 15-45
휴게음식점,2025,LIC-rest_cafes-3110000-3110000-104-2023-00119,"서울특별시 은평구 진관3로 11, 101동 1층 108호 (진관동, 은평뉴타운 힐데스하임)",filled,road:서울 은평구 진관3로 11
휴게음식점,2025,LIC-rest_cafes-3110000-3110000-104-2023-00198,"서울특별시 은평구 연서로 487, 528동 103호 (진관동, 은평뉴타운제각말)",filled,road:서울 은평구 연서로 487
휴게음식점,2025,LIC-rest_cafes-3110000-3110000-104-2024-00010,"서울특별시 은평구 북한산로 2, 상가동 1층 111호 (진관동, 은평뉴타운 구파발)",filled,road:서울 은평구 북한산로 2
휴게음식점,2025,LIC-rest_cafes-3110000-3110000-104-2024-00036,"서울특별시 은평구 통일로 767, 401동 B119호,B121호 (대조동, 베르디움STAY1)",filled,road:서울 은평구 통일로 767
휴게음식점,2025,LIC-rest_cafes-3110000-3110000-104-2024-00046,"서울특별시 은평구 응암로4길 22, 대림시장 상가동 1층 83호 (응암동)",filled,road:서울 은평구 응암로4길 22
휴게음식점,2025,LIC-rest_cafes-3110000-3110000-104-2024-00049,"서울특별시 은평구 진관3로 22, 3층 (진관동)",filled,road:서울 은평구 진관3로 22
휴게음식점,2025,LIC-rest_cafes-3110000-3110000-104-2024-00055,"서울특별시 은평구 진관3로 21, 101동 1층 109,110호 (진관동, 은평뉴타운엘크루)",filled,road:서울 은평구 진관3로 21
휴게음식점,2025,LIC-rest_cafes-3110000-3110000-104-2024-00164,"서울특별시 은평구 진관3로 21, 101동 1층 122호 (진관동, 은평뉴타운엘크루)",filled,road:서울 은평구 진관3로 21
휴게음식점,2025,LIC-rest_cafes-3110000-3110000-104-2024-00171,"서울특별시 은평구 통일로 1022, 은평헤스티아2차 1층 107호 (진관동)",filled,road:서울 은평구 통일로 1022
휴게음식점,2025,LIC-rest_cafes-3120000-3120000-104-2016-00062,"서울특별시 서대문구 성산로 527, 지하1층 (대신동)",filled,road:서울 서대문구 성산로 527
휴게음식점,2025,LIC-rest_cafes-3120000-3120000-104-2016-00148,"서울특별시 서대문구 증가로 150, 상가동 B309호 (남가좌동, DMC센트럴아이파크)",filled,road:서울 서대문구 증가로 150
휴게음식점,2025,LIC-rest_cafes-3120000-3120000-104-2020-00049,"서울특별시 서대문구 백련사길 39, 서대문문화체육회관 1층 (홍은동)",filled,road:서울 서대문구 백련사길 39
휴게음식점,2025,LIC-rest_cafes-3120000-3120000-104-2023-00283,"서울특별시 서대문구 증가로28안길 21, 북가좌지오C동 1층 (북가좌동)",filled,road:서울 서대문구 증가로28안길 21
휴게음식점,2025,LIC-rest_cafes-3120000-3120000-104-2024-00103,서울특별시 서대문구 연희동 170-181천,filled,jibun:서울 서대문구 연희동 170-181
휴게음식점,2025,LIC-rest_cafes-3130000-3130000-104-2004-00035,"서울특별시 마포구 월드컵로 240 (성산동,서울월드컵경기장2층)",filled,road:서울 마포구 월드컵로 240
휴게음식점,2025,LIC-rest_cafes-3130000-3130000-104-2007-00108,"서울특별시 마포구 마포대로 지하 210 (아현동,B1층)",filled,road:서울 마포구 마포대로 지하 210
휴게음식점,2025,LIC-rest_cafes-3130000-3130000-104-2008-00038,"서울특별시 마포구 마포대로 지하 33 (도화동,지하1층)",filled,road:서울 마포구 마포대로 33
휴게음식점,2025,LIC-rest_cafes-3130000-3130000-104-2008-00177,"서울특별시 마포구 월드컵로 240 (성산동, 홈플러스내 1층)",filled,road:서울 마포구 월드컵로 240
휴게음식점,2025,LIC-rest_cafes-3130000-3130000-104-2009-00124,"서울특별시 마포구 월드컵로 240 (성산동,월드컵경기장 2층(N3))",filled,road:서울 마포구 월드컵로 240
휴게음식점,2025,LIC-rest_cafes-3130000-3130000-104-2009-00125,"서울특별시 마포구 월드컵로 240 (성산동,월드컵경기장 2층 (E4))",filled,road:서울 마포구 월드컵로 240
휴게음식점,2025,LIC-rest_cafes-3130000-3130000-104-2010-00198,"서울특별시 마포구 월드컵로 240 (성산동,월드컵경기장내 홈플러스월드컵점 2층)",filled,road:서울 마포구 월드컵로 240
휴게음식점,2025,LIC-rest_cafes-3130000-3130000-104-2013-00030,"서울특별시 마포구 월드컵로 240 (성산동, 월드컵경기장내 2층 )",filled,road:서울 마포구 월드컵로 240
휴게음식점,2025,LIC-rest_cafes-3130000-3130000-104-2013-00141,"서울특별시 마포구 월드컵로 240, 1층 (성산동, 서울월드컵경기장 홈플러스내)",filled,road:서울 마포구 월드컵로 240
휴게음식점,2025,LIC-rest_cafes-3130000-3130000-104-2013-00143,"서울특별시 마포구 월드컵로 240, 1층 (성산동, 서울월드컵경기장 홈플러스내)",filled,road:서울 마포구 월드컵로 240
휴게음식점,2025,LIC-rest_cafes-3130000-3130000-104-2014-00070,"서울특별시 마포구 와우산로21길 21-12, 1층 (서교동)",filled,road:서울 마포구 와우산로21길 21-12
휴게음식점,2025,LIC-rest_cafes-3130000-3130000-104-2017-00230,"서울특별시 마포구 성암로 184 (상암동, 공항철도 디지털미디어시티역지1층일부)",filled,road:서울 마포구 성암로 지하 184
휴게음식점,2025,LIC-rest_cafes-3130000-3130000-104-2017-00372,"서울특별시 마포구 월드컵로 240, 2층 XP Y30호 (성산동)",filled,road:서울 마포구 월드컵로 240
휴게음식점,2025,LIC-rest_cafes-3130000-3130000-104-2018-00276,"서울특별시 마포구 월드컵로 240, 월드컵주경기장 2층 XH,Y30호 (성산동)",filled,road:서울 마포구 월드컵로 240
휴게음식점,2025,LIC-rest_cafes-3130000-3130000-104-2018-00277,"서울특별시 마포구 월드컵로 240, 홈플러스월드컵점 2층xd,y27호 (성산동)",filled,road:서울 마포구 월드컵로 240
휴게음식점,2025,LIC-rest_cafes-3130000-3130000-104-2019-00175,"서울특별시 마포구 월드컵로 240, 월드컵주경기장 북측광장 일대 (성산동)",filled,road:서울 마포구 월드컵로 240
휴게음식점,2025,LIC-rest_cafes-3130000-3130000-104-2019-00206,"서울특별시 마포구 마포대로 143, 마포공덕파크팰리스 Ⅱ 114~121호 (공덕동)",filled,road:서울 마포구 마포대로 143
휴게음식점,2025,LIC-rest_cafes-3130000-3130000-104-2019-00247,"서울특별시 마포구 월드컵로 240, 월드컵주경기장 2층 XF,YW3호 (성산동)",filled,road:서울 마포구 월드컵로 240
휴게음식점,2025,LIC-rest_cafes-3130000-3130000-104-2020-00208,"서울특별시 마포구 백범로 지하 200, 6호선 공덕역 지하1층 626-132호 (공덕동)",filled,road:서울 마포구 백범로 지하 200
휴게음식점,2025,LIC-rest_cafes-3130000-3130000-104-2020-00280,"서울특별시 마포구 월드컵로 240, 월드컵주경기장 1층 (부7)호 (성산동)",filled,road:서울 마포구 월드컵로 240
휴게음식점,2025,LIC-rest_cafes-3130000-3130000-104-2020-00284,"서울특별시 마포구 월드컵로 240, 월드컵주경기장 2층 XE, y31-1호 (성산동)",filled,road:서울 마포구 월드컵로 240
휴게음식점,2025,LIC-rest_cafes-3130000-3130000-104-2020-00333,"서울특별시 마포구 월드컵로 240, 월드컵주경기장내 1층 (성산동)",filled,road:서울 마포구 월드컵로 240
휴게음식점,2025,LIC-rest_cafes-3130000-3130000-104-2021-00076,"서울특별시 마포구 양화로 지하 45, 합정역 지하1층 622-101호 (합정동)",filled,road:서울 마포구 양화로 45
휴게음식점,2025,LIC-rest_cafes-3130000-3130000-104-2021-00195,"서울특별시 마포구 양화로1길 25-3, 2층 201호 (합정동)",filled,road:서울 마포구 양화로1길 25-3
휴게음식점,2025,LIC-rest_cafes-3130000-3130000-104-2021-00197,"서울특별시 마포구 양화로 지하 160, 홍대입구역 239-108호 (동교동)",filled,road:서울 마포구 양화로 지하 160
휴게음식점,2025,LIC-rest_cafes-3130000-3130000-104-2022-00035,"서울특별시 마포구 양화로 지하 55, 합정역 238-104호 (서교동)",filled,road:서울 마포구 양화로 지하 55
휴게음식점,2025,LIC-rest_cafes-3130000-3130000-104-2022-00101,"서울특별시 마포구 월드컵로 240, 홈플러스 월드컵점 2층 x9.5,yuw호 (성산동)",filled,road:서울 마포구 월드컵로 240
휴게음식점,2025,LIC-rest_cafes-3130000-3130000-104-2022-00117,"서울특별시 마포구 월드컵로 240, 월드컵주경기장 4층 일부호 (성산동)",filled,road:서울 마포구 월드컵로 240
휴게음식점,2025,LIC-rest_cafes-3130000-3130000-104-2022-00118,"서울특별시 마포구 월드컵로 240, 월드컵주경기장 4층 일부호 (성산동)",filled,road:서울 마포구 월드컵로 240
휴게음식점,2025,LIC-rest_cafes-3130000-3130000-104-2022-00152,"서울특별시 마포구 월드컵로 240, 월드컵주경기장 1층 일부호 (성산동)",filled,road:서울 마포구 월드컵로 240
휴게음식점,2025,LIC-rest_cafes-3130000-3130000-104-2022-00158,"서울특별시 마포구 월드컵로 240, 월드컵주경기장 북측광장 (성산동)",filled,road:서울 마포구 월드컵로 240
휴게음식점,2025,LIC-rest_cafes-3130000-3130000-104-2022-00177,"서울특별시 마포구 월드컵로 240, 월드컵주경기장 북측광장 (성산동)",filled,road:서울 마포구 월드컵로 240
휴게음식점,2025,LIC-rest_cafes-3130000-3130000-104-2022-00202,"서울특별시 마포구 양화로 지하 160, 홍대입구역 239-103호 (동교동)",filled,road:서울 마포구 양화로 지하 160
휴게음식점,2025,LIC-rest_cafes-3130000-3130000-104-2022-00206,"서울특별시 마포구 월드컵로 240, 월드컵주경기장 북측광장 (성산동)",filled,road:서울 마포구 월드컵로 240
휴게음식점,2025,LIC-rest_cafes-3130000-3130000-104-2022-00212,"서울특별시 마포구 월드컵북로60길 24, 삼성SDS 상암IT센터 1층 일부호 (상암동)",filled,road:서울 마포구 월드컵북로60길 24
휴게음식점,2025,LIC-rest_cafes-3130000-3130000-104-2022-00213,"서울특별시 마포구 월드컵로 240, 월드컵주경기장 북측광장 (성산동)",filled,road:서울 마포구 월드컵로 240
휴게음식점,2025,LIC-rest_cafes-3130000-3130000-104-2022-00250,"서울특별시 마포구 양화로 지하 55, 합정역 지하2층 238-111호 (서교동)",filled,road:서울 마포구 양화로 지하 55
휴게음식점,2025,LIC-rest_cafes-3130000-3130000-104-2022-00269,"서울특별시 마포구 월드컵로 240, 월드컵주경기장 북측광장 (성산동)",filled,road:서울 마포구 월드컵로 240
휴게음식점,2025,LIC-rest_cafes-3130000-3130000-104-2022-00337,"서울특별시 마포구 양화로 지하 55, 합정역 지1층 238-112호 (서교동)",filled,road:서울 마포구 양화로 지하 55
휴게음식점,2025,LIC-rest_cafes-3130000-3130000-104-2023-00011,"서울특별시 마포구 백범로 지하 200, 공덕역 지2층 626-202호 (공덕동)",filled,road:서울 마포구 백범로 지하 200
휴게음식점,2025,LIC-rest_cafes-3130000-3130000-104-2023-00037,"서울특별시 마포구 월드컵로 240, 서울월드컵 경기장 북측광장 일대 (성산동)",filled,road:서울 마포구 월드컵로 240
휴게음식점,2025,LIC-rest_cafes-3130000-3130000-104-2023-00147,"서울특별시 마포구 숭문길 72, 소금나루도서관 지하1층 1호 (염리동)",filled,road:서울 마포구 숭문길 72
휴게음식점,2025,LIC-rest_cafes-3130000-3130000-104-2023-00299,"서울특별시 마포구 백범로 지하 200, 공덕역 B1층 626-130호 (공덕동)",filled,road:서울 마포구 백범로 지하 200
휴게음식점,2025,LIC-rest_cafes-3130000-3130000-104-2023-00307,"서울특별시 마포구 양화로 지하 45, 합정역 B1층 622-103호 (합정동)",filled,road:서울 마포구 양화로 45
휴게음식점,2025,LIC-rest_cafes-3130000-3130000-104-2024-00038,"서울특별시 마포구 월드컵로 240, 월드컵주경기장 홈플러스매장내 1층 일부호 (성산동)",filled,road:서울 마포구 월드컵로 240
휴게음식점,2025,LIC-rest_cafes-3130000-3130000-104-2024-00045,"서울특별시 마포구 월드컵로 240, 월드컵주경기장 2층 XN, Y31 제주스브런치코너호 (성산동)",filled,road:서울 마포구 월드컵로 240
휴게음식점,2025,LIC-rest_cafes-3130000-3130000-104-2024-00047,"서울특별시 마포구 양화로23길 40, 1층 (동교동)",filled,road:서울 마포구 양화로23길 40
휴게음식점,2025,LIC-rest_cafes-3130000-3130000-104-2024-00081,"서울특별시 마포구 광성로 41, E동 1,2층 (신수동)",filled,road:서울 마포구 광성로 41
휴게음식점,2025,LIC-rest_cafes-3140000-3140000-104-2017-00061,"서울특별시 양천구 목동남로4길 6-23, 상가C동 101호 (신정동, 목동2차우성아파트)",filled,road:서울 양천구 목동남로4길 6-23
휴게음식점,2025,LIC-rest_cafes-3140000-3140000-104-2021-00061,"서울특별시 양천구 월정로 181, 1층 (신월동)",filled,road:서울 양천구 월정로 181
휴게음식점,2025,LIC-rest_cafes-3150000-3150000-104-2017-00305,"서울특별시 강서구 마곡서1로 146, 상가동 1층 103호 (마곡동, 방화 1동 마곡엠밸리12단지)",filled,road:서울 강서구 마곡서1로 146
휴게음식점,2025,LIC-rest_cafes-3150000-3150000-104-2019-00161,"서울특별시 강서구 마곡중앙로 지하 135, 마곡나루역(9호선-공항철도 환승게이트) 지하 1층 (마곡동)",filled,road:서울 강서구 마곡중앙로 지하 135
휴게음식점,2025,LIC-rest_cafes-3150000-3150000-104-2021-00136,"서울특별시 강서구 강서로 455, 마곡경동미르웰 101동 1층 117호 (마곡동)",filled,road:서울 강서구 강서로 455
휴게음식점,2025,LIC-rest_cafes-3150000-3150000-104-2021-00168,"서울특별시 강서구 공항대로 103, 1층 103호 (마곡동)",filled,road:서울 강서구 공항대로 103
휴게음식점,2025,LIC-rest_cafes-3150000-3150000-104-2021-00226,"서울특별시 강서구 공항대로 103, 판매시설2동 103(일부)호 (마곡동)",filled,road:서울 강서구 공항대로 103
휴게음식점,2025,LIC-rest_cafes-3150000-3150000-104-2021-00352,"서울특별시 강서구 공항대로 103, 판매시설2동 1층 104호 (마곡동, 마곡 엠밸리 9단지)",filled,road:서울 강서구 공항대로 103
휴게음식점,2025,LIC-rest_cafes-3150000-3150000-104-2022-00034,"서울특별시 강서구 양천로 251, 마곡레포츠센터, 마곡실내배트민턴장 1층 (마곡동)",filled,road:서울 강서구 양천로 251
휴게음식점,2025,LIC-rest_cafes-3150000-3150000-104-2023-00072,"서울특별시 강서구 공항대로 103, 판매시설2동 1층 107호 (마곡동, 마곡 엠밸리 9단지)",filled,road:서울 강서구 공항대로 103
휴게음식점,2025,LIC-rest_cafes-3150000-3150000-104-2023-00168,"서울특별시 강서구 공항대로42길 13, 지1층 B04호 (내발산동, 우장산 한울에이치밸리움)",filled,road:서울 강서구 공항대로42길 13
휴게음식점,2025,LIC-rest_cafes-3150000-3150000-104-2023-00207,"서울특별시 강서구 공항대로 269-15, 힐스테이트에코마곡 1층 117-1호 (마곡동)",filled,road:서울 강서구 공항대로 269-15
휴게음식점,2025,LIC-rest_cafes-3150000-3150000-104-2023-00214,"서울특별시 강서구 공항대로42길 13, 지층 B02,B03호 (내발산동, 우장산 한울에이치밸리움)",filled,road:서울 강서구 공항대로42길 13
휴게음식점,2025,LIC-rest_cafes-3150000-3150000-104-2023-00232,"서울특별시 강서구 강서로 455, 마곡경동미르웰 101동 114호 (마곡동)",filled,road:서울 강서구 강서로 455
휴게음식점,2025,LIC-rest_cafes-3150000-3150000-104-2023-00284,"서울특별시 강서구 공항대로 103, 판매시설4동 1층 101호 (마곡동, 마곡 엠밸리 9단지)",filled,road:서울 강서구 공항대로 103
휴게음식점,2025,LIC-rest_cafes-3150000-3150000-104-2023-00298,"서울특별시 강서구 공항대로 103, 판매시설2동 1층 112호 (마곡동, 마곡 엠밸리 9단지)",filled,road:서울 강서구 공항대로 103
휴게음식점,2025,LIC-rest_cafes-3150000-3150000-104-2024-00012,"서울특별시 강서구 공항대로 103, 판매시설3동 1층 101호 (마곡동, 마곡 엠밸리 9단지)",filled,road:서울 강서구 공항대로 103
휴게음식점,2025,LIC-rest_cafes-3150000-3150000-104-2024-00028,"서울특별시 강서구 공항대로 103, 판매시설4동 1층 104호 (마곡동, 마곡 엠밸리 9단지)",filled,road:서울 강서구 공항대로 103
휴게음식점,2025,LIC-rest_cafes-3150000-3150000-104-2024-00259,"서울특별시 강서구 양천로 620, 1층 124호 (등촌동, 등촌 지와인 아파트, 비즈니스센터)",filled,road:서울 강서구 양천로 620
휴게음식점,2025,LIC-rest_cafes-3160000-3160000-104-2007-00072,"서울특별시 구로구 오류로8길 60 (오류동,(응골길 46))",filled,road:서울 구로구 오류로8길 60
휴게음식점,2025,LIC-rest_cafes-3160000-3160000-104-2008-00067,"서울특별시 구로구 오류로8길 16 (오류동,세명프라자 102호)",filled,road:서울 구로구 오류로8길 16
휴게음식점,2025,LIC-rest_cafes-3160000-3160000-104-2012-00006,"서울특별시 구로구 개봉로19길 11, 1층 121호 (개봉동, 세이지움 개봉)",filled,road:서울 구로구 개봉로19길 11
휴게음식점,2025,LIC-rest_cafes-3160000-3160000-104-2019-00066,"서울특별시 구로구 공원로 35, 1층 13호 (구로동, 새솔금호아파트)",filled,road:서울 구로구 공원로 35
휴게음식점,2025,LIC-rest_cafes-3160000-3160000-104-2020-00004,"서울특별시 구로구 경인로 572, 스타팰리스 1층 109,110호 (구로동)",filled,road:서울 구로구 경인로 572
휴게음식점,2025,LIC-rest_cafes-3170000-3170000-104-2018-00010,"서울특별시 금천구 가산디지털1로 159, 이랜드가산동사옥 지상1층 (가산동)",filled,road:서울 금천구 가산디지털1로 159
휴게음식점,2025,LIC-rest_cafes-3170000-3170000-104-2020-00036,"서울특별시 금천구 금하로 601, 1층 101호중 일부(좌측) (시흥동)",filled,road:서울 금천구 금하로 601
휴게음식점,2025,LIC-rest_cafes-3170000-3170000-104-2021-00043,"서울특별시 금천구 시흥대로123길 47, 주원블레어시티 101동 1층 102, 103호 (독산동)",filled,road:서울 금천구 시흥대로123길 47
휴게음식점,2025,LIC-rest_cafes-3170000-3170000-104-2022-00047,"서울특별시 금천구 남부순환로 1424, 1층 (독산동)",filled,road:서울 금천구 남부순환로 1424
휴게음식점,2025,LIC-rest_cafes-3170000-3170000-104-2024-00062,"서울특별시 금천구 시흥대로 204, 성보빌딩 102 일부호 (시흥동)",filled,road:서울 금천구 시흥대로 204
휴게음식점,2025,LIC-rest_cafes-3170000-3170000-104-2024-00067,"서울특별시 금천구 독산로40길 45, 1층 (시흥동)",filled,road:서울 금천구 독산로40길 45
휴게음식점,2025,LIC-rest_cafes-3180000-3180000-104-1995-00454,서울특별시 영등포구 영등포동 23-2,filled,jibun:서울 영등포구 영등포동3가 23-2
휴게음식점,2025,LIC-rest_cafes-3180000-3180000-104-2016-00246,"서울특별시 영등포구 여의동로 343 (여의도동, 여의도한강공원 이벤트광장(90어5538))",filled,road:서울 영등포구 여의동로 지하 343
휴게음식점,2025,LIC-rest_cafes-3180000-3180000-104-2016-00248,"서울특별시 영등포구 여의동로 343 (여의도동, 여의도한강공원 이벤트광장)",filled,road:서울 영등포구 여의동로 지하 343
휴게음식점,2025,LIC-rest_cafes-3180000-3180000-104-2016-00252,"서울특별시 영등포구 여의동로 343 (여의도동, 여의도한강공원 이벤트광장(87보6011))",filled,road:서울 영등포구 여의동로 지하 343
휴게음식점,2025,LIC-rest_cafes-3180000-3180000-104-2016-00256,"서울특별시 영등포구 여의동로 343 (여의도동, 여의동한강공원 이벤트광장(90오8278))",filled,road:서울 영등포구 여의동로 지하 343
휴게음식점,2025,LIC-rest_cafes-3180000-3180000-104-2016-00257,"서울특별시 영등포구 여의동로 343 (여의도동, 여의도한강공원 이벤트광장(87나6530))",filled,road:서울 영등포구 여의동로 지하 343
휴게음식점,2025,LIC-rest_cafes-3180000-3180000-104-2016-00258,"서울특별시 영등포구 여의동로 343 (여의도동, 여의도한강공원 이벤트광장(84저6608))",filled,road:서울 영등포구 여의동로 지하 343
휴게음식점,2025,LIC-rest_cafes-3180000-3180000-104-2016-00261,"서울특별시 영등포구 여의동로 343 (여의도동, 여의도한강공원 이벤트광장(84나7850))",filled,road:서울 영등포구 여의동로 지하 343
휴게음식점,2025,LIC-rest_cafes-3180000-3180000-104-2016-00263,"서울특별시 영등포구 여의동로 343 (여의도동, 여의도한강공원 이벤트광장(80어6618))",filled,road:서울 영등포구 여의동로 지하 343
휴게음식점,2025,LIC-rest_cafes-3180000-3180000-104-2016-00265,"서울특별시 영등포구 여의동로 343 (여의도동, 여의도한강공원 이벤트광장(83어8788))",filled,road:서울 영등포구 여의동로 지하 343
휴게음식점,2025,LIC-rest_cafes-3180000-3180000-104-2016-00268,"서울특별시 영등포구 여의동로 343 (여의도동, 여의도한강공원 이벤트광장(96구8691))",filled,road:서울 영등포구 여의동로 지하 343
휴게음식점,2025,LIC-rest_cafes-3180000-3180000-104-2016-00269,"서울특별시 영등포구 여의동로 343 (여의도동, 여의도한강공원 이벤트광장(96나4120))",filled,road:서울 영등포구 여의동로 지하 343
휴게음식점,2025,LIC-rest_cafes-3180000-3180000-104-2016-00270,"서울특별시 영등포구 여의동로 343 (여의도동, 여의도한강공원 이벤트광장(84서5280))",filled,road:서울 영등포구 여의동로 지하 343
휴게음식점,2025,LIC-rest_cafes-3180000-3180000-104-2016-00271,"서울특별시 영등포구 여의동로 343 (여의도동, 여의도한강공원 이벤트광장(91라3668))",filled,road:서울 영등포구 여의동로 지하 343
휴게음식점,2025,LIC-rest_cafes-3180000-3180000-104-2016-00273,"서울특별시 영등포구 여의동로 343 (여의도동, 여의도한강공원 이벤트광장(83거4628))",filled,road:서울 영등포구 여의동로 지하 343
휴게음식점,2025,LIC-rest_cafes-3180000-3180000-104-2016-00275,"서울특별시 영등포구 여의동로 343 (여의도동, 80우7863)",filled,road:서울 영등포구 여의동로 지하 343
휴게음식점,2025,LIC-rest_cafes-3180000-3180000-104-2016-00279,"서울특별시 영등포구 여의동로 343 (여의도동, 여의도한강공원 이벤트광장(94가5833))",filled,road:서울 영등포구 여의동로 지하 343
휴게음식점,2025,LIC-rest_cafes-3180000-3180000-104-2016-00298,"서울특별시 영등포구 여의동로 343 (여의도동, 여의도한강공원 이벤트광장(92로7309))",filled,road:서울 영등포구 여의동로 지하 343
휴게음식점,2025,LIC-rest_cafes-3180000-3180000-104-2016-00300,"서울특별시 영등포구 여의동로 343 (여의도동, 99나1062)",filled,road:서울 영등포구 여의동로 지하 343
휴게음식점,2025,LIC-rest_cafes-3180000-3180000-104-2016-00302,"서울특별시 영등포구 여의동로 343 (여의도동, 여의도한강공원 이벤트광장(86소3251))",filled,road:서울 영등포구 여의동로 지하 343
휴게음식점,2025,LIC-rest_cafes-3180000-3180000-104-2016-00322,"서울특별시 영등포구 여의동로 343 (여의도동, (98러2576))",filled,road:서울 영등포구 여의동로 지하 343
휴게음식점,2025,LIC-rest_cafes-3180000-3180000-104-2019-00214,"서울특별시 영등포구 도림로 249-2, 1층 101호 (신길동)",filled,road:서울 영등포구 도림로 249-2
휴게음식점,2025,LIC-rest_cafes-3180000-3180000-104-2020-00167,서울특별시 영등포구 당산동 32-2,filled,jibun:서울특별시 영등포구 당산동2가 32-2
휴게음식점,2025,LIC-rest_cafes-3180000-3180000-104-2021-00295,"서울특별시 영등포구 양평로20길 20, 1층 1호 (양평동4가)",filled,road:서울 영등포구 양평로20길 20
휴게음식점,2025,LIC-rest_cafes-3180000-3180000-104-2022-00184,"서울특별시 영등포구 선유로33길 2-2, 101동 1층 101호 (양평동3가, 아테네)",filled,road:서울 영등포구 선유로33길 2-2
휴게음식점,2025,LIC-rest_cafes-3180000-3180000-104-2023-00163,"서울특별시 영등포구 당산로 83, 판매시설(대규모점포)동 1층 104-1호 (당산동2가, 한화포레나당산)",filled,road:서울 영등포구 당산로 83
휴게음식점,2025,LIC-rest_cafes-3180000-3180000-104-2023-00350,"서울특별시 영등포구 국제금융로 39, 1층 126,127,128호 (여의도동)",filled,road:서울 영등포구 국제금융로 39
휴게음식점,2025,LIC-rest_cafes-3180000-3180000-104-2024-00073,"서울특별시 영등포구 국제금융로 39, 지상1층 115,116,123호 (여의도동, 브라이튼 여의도)",filled,road:서울 영등포구 국제금융로 39
휴게음식점,2025,LIC-rest_cafes-3180000-3180000-104-2024-00142,"서울특별시 영등포구 국제금융로 39, 판매시설동 117,119,120,121,122호 (여의도동, 브라이튼 여의도)",filled,road:서울 영등포구 국제금융로 39
휴게음식점,2025,LIC-rest_cafes-3180000-3180000-104-2024-00280,"서울특별시 영등포구 국제금융로 39, 3층 307호 (여의도동, 브라이튼 여의도)",filled,road:서울 영등포구 국제금융로 39
휴게음식점,2025,LIC-rest_cafes-3180000-3180000-104-2024-00336,"서울특별시 영등포구 선유로 314, 양화대교 전망카페 (당산동)",filled,road:서울 영등포구 선유로 314
휴게음식점,2025,LIC-rest_cafes-3180000-3180000-104-2024-00379,"서울특별시 영등포구 당산로 214, 상가동 1층 107-1호 (당산동5가, 당산 삼성 래미안)",filled,road:서울 영등포구 당산로 214
휴게음식점,2025,LIC-rest_cafes-3180000-3180000-104-2024-00396,"서울특별시 영등포구 당산로 83, 판매시설동 1층 104-1호 (당산동2가, 한화포레나당산)",filled,road:서울 영등포구 당산로 83
휴게음식점,2025,LIC-rest_cafes-3180000-3180000-104-2024-00450,"서울특별시 영등포구 경인로 775, 에이스하이테크시티 지1층 B119 일부호 (문래동3가)",filled,road:서울 영등포구 경인로 775
휴게음식점,2025,LIC-rest_cafes-3190000-3190000-104-2014-00037,"서울특별시 동작구 서달로13길 11-15, 1층 (흑석동)",filled,road:서울 동작구 서달로13길 11-15
휴게음식점,2025,LIC-rest_cafes-3190000-3190000-104-2016-00193,"서울특별시 동작구 상도로47길 89, 지상1층 (상도1동)",filled,road:서울 동작구 상도로47길 89
휴게음식점,2025,LIC-rest_cafes-3190000-3190000-104-2024-00079,"서울특별시 동작구 성대로 164, 근린생활시설동 206,207,208호 (상도동, 상도푸르지오클라베뉴)",filled,road:서울 동작구 성대로 164
휴게음식점,2025,LIC-rest_cafes-3190000-3190000-104-2024-00116,"서울특별시 동작구 상도로63길 15, 지하1층 (상도동)",filled,road:서울 동작구 상도로63길 15
휴게음식점,2025,LIC-rest_cafes-3200000-3200000-104-2011-00053,"서울특별시 관악구 호암로22길 31, 대용빌딩 1층 (신림동)",filled,road:서울 관악구 호암로22길 31
휴게음식점,2025,LIC-rest_cafes-3200000-3200000-104-2011-00159,서울특별시 관악구 남부순환로 1578 (신림동),filled,road:서울 관악구 남부순환로 1578
휴게음식점,2025,LIC-rest_cafes-3200000-3200000-104-2014-00142,"서울특별시 관악구 법원단지길 22, 1층 (신림동)",filled,road:서울 관악구 법원단지길 22
휴게음식점,2025,LIC-rest_cafes-3200000-3200000-104-2021-00011,"서울특별시 관악구 남부순환로 지하 1614, 2호선 신림역사내 230-09호 (신림동)",filled,road:서울 관악구 남부순환로 지하 1614
휴게음식점,2025,LIC-rest_cafes-3200000-3200000-104-2021-00170,"서울특별시 관악구 봉천로18길 5, C동 1층 (신림동)",filled,road:서울 관악구 봉천로18길 5
휴게음식점,2025,LIC-rest_cafes-3200000-3200000-104-2021-00215,"서울특별시 관악구 남부순환로 1716, 은혜빌딩 1층 (봉천동)",filled,road:서울 관악구 남부순환로 1716
휴게음식점,2025,LIC-rest_cafes-3200000-3200000-104-2022-00041,"서울특별시 관악구 신림로 344, 에스케이허브그린 제1층 제101호 (신림동)",filled,road:서울 관악구 신림로 344
휴게음식점,2025,LIC-rest_cafes-3200000-3200000-104-2022-00067,"서울특별시 관악구 난곡로34길 7, 1층 (신림동)",filled,road:서울 관악구 난곡로34길 7
휴게음식점,2025,LIC-rest_cafes-3200000-3200000-104-2023-00003,"서울특별시 관악구 신림로70길 27, 1층 102호 (신림동)",filled,road:서울 관악구 신림로70길 27
휴게음식점,2025,LIC-rest_cafes-3200000-3200000-104-2023-00151,"서울특별시 관악구 남부순환로180길 6, 지하1층 B101호 (신림동, 최강타워)",filled,road:서울 관악구 남부순환로180길 6
휴게음식점,2025,LIC-rest_cafes-3200000-3200000-104-2023-00193,"서울특별시 관악구 신림로 108, 1층 107호 (신림동)",filled,road:서울 관악구 신림로 108
휴게음식점,2025,LIC-rest_cafes-3200000-3200000-104-2024-00070,"서울특별시 관악구 남부순환로180길 6, B동 B2층 (신림동, 최강타워)",filled,road:서울 관악구 남부순환로180길 6
휴게음식점,2025,LIC-rest_cafes-3200000-3200000-104-2024-00092,"서울특별시 관악구 남부순환로180길 6, 지하1층 B103호 (신림동, 최강타워)",filled,road:서울 관악구 남부순환로180길 6
휴게음식점,2025,LIC-rest_cafes-3200000-3200000-104-2024-00116,"서울특별시 관악구 남부순환로180길 6, 지하1층 110호 (신림동, 최강타워)",filled,road:서울 관악구 남부순환로180길 6
휴게음식점,2025,LIC-rest_cafes-3200000-3200000-104-2024-00176,"서울특별시 관악구 신림로 99, 지하1층 B101호 (신림동, 센터스퀘어 서울대점)",filled,road:서울 관악구 신림로 99
휴게음식점,2025,LIC-rest_cafes-3210000-3210000-104-2005-00003,"서울특별시 서초구 양재대로 246 (염곡동,한국소비자보호원 지하1층)",filled,road:서울 서초구 양재대로 246
휴게음식점,2025,LIC-rest_cafes-3210000-3210000-104-2006-00133,서울특별시 서초구 잠원동 70-2 뉴코아아울렛 강남점 지하1층,filled,jibun:서울 서초구 잠원동 70-2
휴게음식점,2025,LIC-rest_cafes-3210000-3210000-104-2010-00031,서울특별시 서초구 잠원동 70-2 강남킴스 지하1층,filled,jibun:서울 서초구 잠원동 70-2
휴게음식점,2025,LIC-rest_cafes-3210000-3210000-104-2010-00169,"서울특별시 서초구 동산로 14 (양재동,(103호))",filled,road:서울 서초구 동산로 14
휴게음식점,2025,LIC-rest_cafes-3210000-3210000-104-2019-00069,"서울특별시 서초구 헌릉로 176, 영동농협하나로마트 내곡점 지하1층 (내곡동)",filled,road:서울 서초구 헌릉로 176
휴게음식점,2025,LIC-rest_cafes-3210000-3210000-104-2019-00199,"서울특별시 서초구 성촌1길 20, 1층 101호,102호 (우면동)",filled,road:서울 서초구 성촌1길 20
휴게음식점,2025,LIC-rest_cafes-3210000-3210000-104-2020-00213,"서울특별시 서초구 신반포로23길 30, 반원상가 1층 113호 (잠원동)",filled,road:서울 서초구 신반포로23길 30
휴게음식점,2025,LIC-rest_cafes-3210000-3210000-104-2020-00339,"서울특별시 서초구 청계산로 201, 서초 포레지움 1층 101호, 102호 (신원동)",filled,road:서울 서초구 청계산로 201
휴게음식점,2025,LIC-rest_cafes-3210000-3210000-104-2022-00176,"서울특별시 서초구 잠원로 51, 뉴코아백화점 지하1층 (잠원동)",filled,road:서울 서초구 잠원로 51
휴게음식점,2025,LIC-rest_cafes-3210000-3210000-104-2022-00214,"서울특별시 서초구 양재천로 33, 양재도서관 3층 (양재동)",filled,road:서울 서초구 양재천로 33
휴게음식점,2025,LIC-rest_cafes-3210000-3210000-104-2023-00338,"서울특별시 서초구 반포대로 291, 원베일리 스퀘어 1층 158호 (반포동)",filled,road:서울 서초구 반포대로 291
휴게음식점,2025,LIC-rest_cafes-3210000-3210000-104-2023-00360,"서울특별시 서초구 반포대로 291, 원베일리 스퀘어 지하1층 B138호, B141호 일부 (반포동)",filled,road:서울 서초구 반포대로 291
휴게음식점,2025,LIC-rest_cafes-3210000-3210000-104-2023-00415,"서울특별시 서초구 반포대로 291, 원베일리 스퀘어 B1층 101호 (반포동)",filled,road:서울 서초구 반포대로 291
휴게음식점,2025,LIC-rest_cafes-3210000-3210000-104-2023-00426,"서울특별시 서초구 반포대로 291, 원베일리 스퀘어 1층 107A호 (반포동)",filled,road:서울 서초구 반포대로 291
휴게음식점,2025,LIC-rest_cafes-3210000-3210000-104-2024-00043,"서울특별시 서초구 강남대로 423, 1~3층 (서초동)",filled,road:서울 서초구 강남대로 423
휴게음식점,2025,LIC-rest_cafes-3210000-3210000-104-2024-00115,"서울특별시 서초구 반포대로 291, 원베일리 스퀘어 1층 136호 (반포동)",filled,road:서울 서초구 반포대로 291
휴게음식점,2025,LIC-rest_cafes-3210000-3210000-104-2024-00154,"서울특별시 서초구 반포대로 291, 원베일리 스퀘어 1층 119B,120,121A,121B,121C,122A,122B,122C호 (반포동)",filled,road:서울 서초구 반포대로 291
휴게음식점,2025,LIC-rest_cafes-3220000-3220000-104-1989-01651,서울특별시 강남구 세곡동 102-2,filled,jibun:서울특별시 강남구 율현동 102-2
휴게음식점,2025,LIC-rest_cafes-3220000-3220000-104-2015-00118,"서울특별시 강남구 남부순환로 3318, 강남주민편익시설동 지상1층 (일원동)",filled,road:서울 강남구 남부순환로 3318
휴게음식점,2025,LIC-rest_cafes-3220000-3220000-104-2016-00292,"서울특별시 강남구 삼성로86길 18, 1층 (대치동, 우경빌딩)",filled,road:서울 강남구 삼성로86길 18
휴게음식점,2025,LIC-rest_cafes-3220000-3220000-104-2020-00443,"서울특별시 강남구 도산대로25길 36, 지상1층 101호 (신사동)",filled,road:서울 강남구 도산대로25길 36
휴게음식점,2025,LIC-rest_cafes-3220000-3220000-104-2021-00333,"서울특별시 강남구 논현로152길 38, 지상1층 (신사동)",filled,road:서울 강남구 논현로152길 38
휴게음식점,2025,LIC-rest_cafes-3220000-3220000-104-2023-00310,"서울특별시 강남구 학동로55길 13, 지하1층, 지상1층 (청담동)",filled,road:서울 강남구 학동로55길 13
휴게음식점,2025,LIC-rest_cafes-3220000-3220000-104-2023-00638,"서울특별시 강남구 논현로113길 13, 지상1층 102호 (논현동)",filled,road:서울 강남구 논현로113길 13
휴게음식점,2025,LIC-rest_cafes-3230000-3230000-104-2010-00187,"서울특별시 송파구 성내천로 124, 지상2층 (거여동)",filled,road:서울 송파구 성내천로 124
휴게음식점,2025,LIC-rest_cafes-3230000-3230000-104-2015-00163,"서울특별시 송파구 송파대로 55, 서울복합물류 S동 103,104호 (장지동)",filled,road:서울 송파구 송파대로 55
휴게음식점,2025,LIC-rest_cafes-3230000-3230000-104-2015-00164,"서울특별시 송파구 송파대로 55, 서울복합물류단지 B동 지상1층 S102호 (장지동)",filled,road:서울 송파구 송파대로 55
휴게음식점,2025,LIC-rest_cafes-3230000-3230000-104-2015-00272,"서울특별시 송파구 송파대로 167, 문정역테라타워 A동 A140호 (문정동)",filled,road:서울 송파구 송파대로 167
휴게음식점,2025,LIC-rest_cafes-3230000-3230000-104-2016-00070,"서울특별시 송파구 법원로 135, 지상1층 (문정동)",filled,road:서울 송파구 법원로 135
휴게음식점,2025,LIC-rest_cafes-3230000-3230000-104-2016-00105,"서울특별시 송파구 법원로11길 7, C동 1층 106호 (문정동, 문정현대지식산업센터1-2)",filled,road:서울 송파구 법원로11길 7
휴게음식점,2025,LIC-rest_cafes-3230000-3230000-104-2016-00117,"서울특별시 송파구 법원로8길 7, 103호 (문정동)",filled,road:서울 송파구 법원로8길 7
휴게음식점,2025,LIC-rest_cafes-3230000-3230000-104-2016-00136,"서울특별시 송파구 법원로11길 11, B동 지상1층 163호 (문정동, 문정현대지식산업센터1-1)",filled,road:서울 송파구 법원로11길 11
휴게음식점,2025,LIC-rest_cafes-3230000-3230000-104-2016-00149,"서울특별시 송파구 송파대로 167, A동 1층 109호 (문정동, 문정역테라타워)",filled,road:서울 송파구 송파대로 167
휴게음식점,2025,LIC-rest_cafes-3230000-3230000-104-2016-00150,"서울특별시 송파구 법원로11길 11, A동 1층 124호 (문정동, 문정현대지식산업센터1-1)",filled,road:서울 송파구 법원로11길 11
휴게음식점,2025,LIC-rest_cafes-3230000-3230000-104-2016-00176,"서울특별시 송파구 법원로11길 11, B동 지하2층 B207호 (문정동, 문정현대지식산업센터 1-1)",filled,road:서울 송파구 법원로11길 11
휴게음식점,2025,LIC-rest_cafes-3230000-3230000-104-2016-00178,"서울특별시 송파구 법원로 127, 1층 123호 (문정동, 문정대명빌리온)",filled,road:서울 송파구 법원로 127
휴게음식점,2025,LIC-rest_cafes-3230000-3230000-104-2016-00186,"서울특별시 송파구 법원로11길 11, A동 125호 (문정동, 문정현대지식산업센터 1-1)",filled,road:서울 송파구 법원로11길 11
휴게음식점,2025,LIC-rest_cafes-3230000-3230000-104-2016-00214,"서울특별시 송파구 법원로11길 11, A동 1층 103호 (문정동, 문정현대지식산업센터1-1)",filled,road:서울 송파구 법원로11길 11
휴게음식점,2025,LIC-rest_cafes-3230000-3230000-104-2016-00322,"서울특별시 송파구 법원로 114, B동 118호 (문정동, 현대엠스테이트)",filled,road:서울 송파구 법원로 114
휴게음식점,2025,LIC-rest_cafes-3230000-3230000-104-2016-00325,"서울특별시 송파구 법원로11길 11, A동 131호 (문정동, 문정현대지식산업센터1-1)",filled,road:서울 송파구 법원로11길 11
휴게음식점,2025,LIC-rest_cafes-3230000-3230000-104-2016-00328,"서울특별시 송파구 법원로 114, E동 지하1층 B142호 (문정동, 엠스테이트)",filled,road:서울 송파구 법원로 114
휴게음식점,2025,LIC-rest_cafes-3230000-3230000-104-2016-00331,"서울특별시 송파구 법원로 127, 1층 (문정동)",filled,road:서울 송파구 법원로 127
휴게음식점,2025,LIC-rest_cafes-3230000-3230000-104-2017-00007,"서울특별시 송파구 법원로 114, C동 119호 (문정동, 일원엠스테이트)",filled,road:서울 송파구 법원로 114
휴게음식점,2025,LIC-rest_cafes-3230000-3230000-104-2017-00052,"서울특별시 송파구 법원로 114, E동 B176호 (문정동, 엠스테이트)",filled,road:서울 송파구 법원로 114
휴게음식점,2025,LIC-rest_cafes-3230000-3230000-104-2017-00114,"서울특별시 송파구 정의로8길 7, 401호 (문정동)",filled,road:서울 송파구 정의로8길 7
휴게음식점,2025,LIC-rest_cafes-3230000-3230000-104-2017-00233,"서울특별시 송파구 송파대로 167, B동 1~2층 137,138,139,204호 (문정동, 문정역 테라타워)",filled,road:서울 송파구 송파대로 167
휴게음식점,2025,LIC-rest_cafes-3230000-3230000-104-2017-00238,"서울특별시 송파구 탄천동로 740, 1층 (장지동, 편의점 내)",filled,road:서울 송파구 탄천동로 740
휴게음식점,2025,LIC-rest_cafes-3230000-3230000-104-2017-00251,"서울특별시 송파구 송파대로 201, A동 1층 126호 (문정동, 송파테라타워2 지식산업센터)",filled,road:서울 송파구 송파대로 201
휴게음식점,2025,LIC-rest_cafes-3230000-3230000-104-2017-00282,"서울특별시 송파구 송파대로 201, A동 132호 (문정동, 송파테라타워2)",filled,road:서울 송파구 송파대로 201
휴게음식점,2025,LIC-rest_cafes-3230000-3230000-104-2017-00317,"서울특별시 송파구 송이로 87, 1층 (가락동)",filled,road:서울 송파구 송이로 87
휴게음식점,2025,LIC-rest_cafes-3230000-3230000-104-2017-00350,"서울특별시 송파구 송파대로 201, A동 1층 130호 (문정동, 송파테라타워2)",filled,road:서울 송파구 송파대로 201
휴게음식점,2025,LIC-rest_cafes-3230000-3230000-104-2017-00401,"서울특별시 송파구 송파대로 167, A동 1층 111호 (문정동, 문정역테라타워)",filled,road:서울 송파구 송파대로 167
휴게음식점,2025,LIC-rest_cafes-3230000-3230000-104-2017-00420,"서울특별시 송파구 법원로 114, 지하1층 E160호 (문정동, 엠스테이트)",filled,road:서울 송파구 법원로 114
휴게음식점,2025,LIC-rest_cafes-3230000-3230000-104-2018-00029,"서울특별시 송파구 법원로9길 26, 에이치비지니스파크 지하1층 C-B135호 (문정동)",filled,road:서울 송파구 법원로9길 26
휴게음식점,2025,LIC-rest_cafes-3230000-3230000-104-2018-00030,"서울특별시 송파구 법원로11길 25, 에이치비지니스파크 지하1층 A-B113호 (문정동)",filled,road:서울 송파구 법원로11길 25
휴게음식점,2025,LIC-rest_cafes-3230000-3230000-104-2018-00032,"서울특별시 송파구 송파대로 167, 문정역테라타워 A동 1층 172호 (문정동)",filled,road:서울 송파구 송파대로 167
휴게음식점,2025,LIC-rest_cafes-3230000-3230000-104-2018-00037,"서울특별시 송파구 법원로 128, 문정에스케이브이원지엘메트로시티 B동 BG120,B103호 (문정동)",filled,road:서울 송파구 법원로 128
휴게음식점,2025,LIC-rest_cafes-3230000-3230000-104-2018-00047,"서울특별시 송파구 정의로7길 13, 힐스테이트 에코송파 119호 (문정동)",filled,road:서울 송파구 정의로7길 13
휴게음식점,2025,LIC-rest_cafes-3230000-3230000-104-2018-00074,"서울특별시 송파구 법원로 128, 문정에스케이브이원지엘메트로시티 C동 119호 (문정동)",filled,road:서울 송파구 법원로 128
휴게음식점,2025,LIC-rest_cafes-3230000-3230000-104-2018-00089,"서울특별시 송파구 정의로8길 7, 1층 105호 (문정동)",filled,road:서울 송파구 정의로8길 7
휴게음식점,2025,LIC-rest_cafes-3230000-3230000-104-2018-00100,"서울특별시 송파구 송파대로 201, 송파 테라타워2 B-136호 (문정동)",filled,road:서울 송파구 송파대로 201
휴게음식점,2025,LIC-rest_cafes-3230000-3230000-104-2018-00123,"서울특별시 송파구 송파대로 145, 문정 오벨리스크 지상1층 107호 (문정동)",filled,road:서울 송파구 송파대로 145
휴게음식점,2025,LIC-rest_cafes-3230000-3230000-104-2018-00124,"서울특별시 송파구 법원로4길 5, 송파법조타운푸르지오 1층 102호 (문정동)",filled,road:서울 송파구 법원로4길 5
휴게음식점,2025,LIC-rest_cafes-3230000-3230000-104-2018-00137,"서울특별시 송파구 법원로9길 26, 에이치비지니스파크 지하1층 제씨-비131호 (문정동)",filled,road:서울 송파구 법원로9길 26
휴게음식점,2025,LIC-rest_cafes-3230000-3230000-104-2018-00152,"서울특별시 송파구 정의로8길 13, 수성위너스 1층 101호 (문정동)",filled,road:서울 송파구 정의로8길 13
휴게음식점,2025,LIC-rest_cafes-3230000-3230000-104-2018-00155,"서울특별시 송파구 법원로4길 6, 문정아이파크 1동 1층 116호 (문정동)",filled,road:서울 송파구 법원로4길 6
휴게음식점,2025,LIC-rest_cafes-3230000-3230000-104-2018-00171,"서울특별시 송파구 법원로11길 25, 에이치비지니스파크 지하1층 에이비109호 (문정동)",filled,road:서울 송파구 법원로11길 25
휴게음식점,2025,LIC-rest_cafes-3230000-3230000-104-2018-00184,"서울특별시 송파구 법원로4길 10, 힐스테이트에코문정 129,130호 (문정동)",filled,road:서울 송파구 법원로4길 10
휴게음식점,2025,LIC-rest_cafes-3230000-3230000-104-2018-00239,"서울특별시 송파구 정의로7길 13, 힐스테이트에코송파 1층 115호 (문정동)",filled,road:서울 송파구 정의로7길 13
휴게음식점,2025,LIC-rest_cafes-3230000-3230000-104-2018-00265,"서울특별시 송파구 송파대로 155, NH송파농협 지하1층 (문정동)",filled,road:서울 송파구 송파대로 155
휴게음식점,2025,LIC-rest_cafes-3230000-3230000-104-2018-00288,"서울특별시 송파구 송파대로 201, 송파 테라타워2 A동 1층 101,102,103,125호 (문정동)",filled,road:서울 송파구 송파대로 201
휴게음식점,2025,LIC-rest_cafes-3230000-3230000-104-2018-00292,"서울특별시 송파구 법원로4길 10, 힐스테이트에코문정 지하117호 (문정동)",filled,road:서울 송파구 법원로4길 10
휴게음식점,2025,LIC-rest_cafes-3230000-3230000-104-2018-00326,"서울특별시 송파구 법원로8길 13, B203호 (문정동)",filled,road:서울 송파구 법원로8길 13
휴게음식점,2025,LIC-rest_cafes-3230000-3230000-104-2018-00336,"서울특별시 송파구 법원로 114, 엠스테이트 C동 218호 (문정동)",filled,road:서울 송파구 법원로 114
휴게음식점,2025,LIC-rest_cafes-3230000-3230000-104-2018-00363,"서울특별시 송파구 법원로8길 13, 101,102,103,104호 (문정동)",filled,road:서울 송파구 법원로8길 13
휴게음식점,2025,LIC-rest_cafes-3230000-3230000-104-2018-00395,"서울특별시 송파구 송파대로 167, 문정역테라타워 A동 지하1층 G124호 (문정동)",filled,road:서울 송파구 송파대로 167
휴게음식점,2025,LIC-rest_cafes-3230000-3230000-104-2018-00413,"서울특별시 송파구 송파대로 201, 송파 테라타워2 B동 139호 (문정동)",filled,road:서울 송파구 송파대로 201
휴게음식점,2025,LIC-rest_cafes-3230000-3230000-104-2018-00423,"서울특별시 송파구 법원로11길 7, 문정현대지식산업센터1-2 1층 144호 (문정동)",filled,road:서울 송파구 법원로11길 7
휴게음식점,2025,LIC-rest_cafes-3230000-3230000-104-2018-00454,"서울특별시 송파구 송파대로 167, 문정역테라타워 에이동 지118호 (문정동)",filled,road:서울 송파구 송파대로 167
휴게음식점,2025,LIC-rest_cafes-3230000-3230000-104-2018-00464,"서울특별시 송파구 송파대로 167, 문정역테라타워 A동 G133호 (문정동)",filled,road:서울 송파구 송파대로 167
휴게음식점,2025,LIC-rest_cafes-3230000-3230000-104-2018-00472,"서울특별시 송파구 송파대로 145, 문정 오벨리스크 상가 1층 101호 (문정동)",filled,road:서울 송파구 송파대로 145
휴게음식점,2025,LIC-rest_cafes-3230000-3230000-104-2019-00015,"서울특별시 송파구 법원로11길 25, 에이치비지니스파크 B동 130호 (문정동)",filled,road:서울 송파구 법원로11길 25
휴게음식점,2025,LIC-rest_cafes-3230000-3230000-104-2019-00025,"서울특별시 송파구 법원로 114, 엠스테이트 B동 1층 112~117호 (문정동)",filled,road:서울 송파구 법원로 114
휴게음식점,2025,LIC-rest_cafes-3230000-3230000-104-2019-00127,"서울특별시 송파구 송파대로 167, 문정역테라타워 B동 1층 136호 (문정동)",filled,road:서울 송파구 송파대로 167
휴게음식점,2025,LIC-rest_cafes-3230000-3230000-104-2019-00136,"서울특별시 송파구 법원로4길 6, 1층 133호 (문정동)",filled,road:서울 송파구 법원로4길 6
휴게음식점,2025,LIC-rest_cafes-3230000-3230000-104-2019-00207,"서울특별시 송파구 법원로11길 11, 문정현대지식산업센터1-1 A동 1층 113호 (문정동)",filled,road:서울 송파구 법원로11길 11
휴게음식점,2025,LIC-rest_cafes-3230000-3230000-104-2019-00245,"서울특별시 송파구 법원로4길 10, 힐스테이트에코문정 1동 119호 (문정동)",filled,road:서울 송파구 법원로4길 10
휴게음식점,2025,LIC-rest_cafes-3230000-3230000-104-2019-00277,"서울특별시 송파구 법원로 92, 파트너스1 지층 B103,B104호 (문정동)",filled,road:서울 송파구 법원로 92
휴게음식점,2025,LIC-rest_cafes-3230000-3230000-104-2019-00305,"서울특별시 송파구 송파대로 167, 문정역테라타워 A동 G149호 (문정동)",filled,road:서울 송파구 송파대로 167
휴게음식점,2025,LIC-rest_cafes-3230000-3230000-104-2019-00313,"서울특별시 송파구 법원로4길 6, 문정아이파크 1층 139호 (문정동)",filled,road:서울 송파구 법원로4길 6
휴게음식점,2025,LIC-rest_cafes-3230000-3230000-104-2019-00337,"서울특별시 송파구 법원로4길 17, 프라비다옥토 1층 (문정동)",filled,road:서울 송파구 법원로4길 17
휴게음식점,2025,LIC-rest_cafes-3230000-3230000-104-2019-00412,"서울특별시 송파구 법원로11길 25, 에이치비지니스파크 B동 109호 (문정동)",filled,road:서울 송파구 법원로11길 25
휴게음식점,2025,LIC-rest_cafes-3230000-3230000-104-2019-00427,"서울특별시 송파구 법원로4길 6, 문정아이파크 1층 111호 (문정동)",filled,road:서울 송파구 법원로4길 6
휴게음식점,2025,LIC-rest_cafes-3230000-3230000-104-2020-00028,"서울특별시 송파구 법원로 114, 엠스테이트 E동 지하1층 E-B169호 (문정동)",filled,road:서울 송파구 법원로 114
휴게음식점,2025,LIC-rest_cafes-3230000-3230000-104-2020-00045,"서울특별시 송파구 법원로11길 7, 문정현대지식산업센터1-2 C동 지하2층 B211호 (문정동)",filled,road:서울 송파구 법원로11길 7
휴게음식점,2025,LIC-rest_cafes-3230000-3230000-104-2020-00107,"서울특별시 송파구 송파대로 201, 송파 테라타워2 A동 지128호 (문정동)",filled,road:서울 송파구 송파대로 201
휴게음식점,2025,LIC-rest_cafes-3230000-3230000-104-2020-00132,"서울특별시 송파구 정의로8길 4, KD70 1층 101,102,103,104,105,109호 (문정동)",filled,road:서울 송파구 정의로8길 4
휴게음식점,2025,LIC-rest_cafes-3230000-3230000-104-2020-00144,"서울특별시 송파구 법원로4길 17, 프라비다옥토 105호 (문정동)",filled,road:서울 송파구 법원로4길 17
휴게음식점,2025,LIC-rest_cafes-3230000-3230000-104-2020-00162,"서울특별시 송파구 송파대로 55, 서울복합물류단지 S동 1층 105호,106호 (장지동)",filled,road:서울 송파구 송파대로 55
휴게음식점,2025,LIC-rest_cafes-3230000-3230000-104-2020-00247,"서울특별시 송파구 법원로4길 5, 송파법조타운푸르지오 2층 208호 (문정동)",filled,road:서울 송파구 법원로4길 5
휴게음식점,2025,LIC-rest_cafes-3230000-3230000-104-2020-00269,"서울특별시 송파구 법원로 128, 문정에스케이브이원지엘메트로시티 1층 비123호 (문정동)",filled,road:서울 송파구 법원로 128
휴게음식점,2025,LIC-rest_cafes-3230000-3230000-104-2020-00283,"서울특별시 송파구 법원로11길 7, 문정현대지식산업센터1-2 1층 131호 (문정동)",filled,road:서울 송파구 법원로11길 7
휴게음식점,2025,LIC-rest_cafes-3230000-3230000-104-2020-00295,"서울특별시 송파구 법원로 90, 파트너스2 2층 204호 (문정동)",filled,road:서울 송파구 법원로 90
휴게음식점,2025,LIC-rest_cafes-3230000-3230000-104-2020-00303,"서울특별시 송파구 송파대로 145, 문정 오벨리스크 1층 103호 (문정동)",filled,road:서울 송파구 송파대로 145
휴게음식점,2025,LIC-rest_cafes-3230000-3230000-104-2020-00323,"서울특별시 송파구 송파대로 201, 송파 테라타워2 B동 1층 제비-120호 (문정동)",filled,road:서울 송파구 송파대로 201
휴게음식점,2025,LIC-rest_cafes-3230000-3230000-104-2020-00348,"서울특별시 송파구 법원로9길 26, 에이치비지니스파크 D동 1층 117호 (문정동)",filled,road:서울 송파구 법원로9길 26
휴게음식점,2025,LIC-rest_cafes-3230000-3230000-104-2020-00359,"서울특별시 송파구 송파대로 167, 문정역테라타워 A동 지하1층 121호 (문정동)",filled,road:서울 송파구 송파대로 167
휴게음식점,2025,LIC-rest_cafes-3230000-3230000-104-2020-00394,"서울특별시 송파구 송파대로 201, 송파 테라타워2 1층 B-108,109,110호 (문정동)",filled,road:서울 송파구 송파대로 201
휴게음식점,2025,LIC-rest_cafes-3230000-3230000-104-2021-00011,"서울특별시 송파구 법원로4길 6, 문정아이파크 1동 지하1층 B102-주방11호 (문정동)",filled,road:서울 송파구 법원로4길 6
휴게음식점,2025,LIC-rest_cafes-3230000-3230000-104-2021-00012,"서울특별시 송파구 오금로 504, 1층 (거여동)",filled,road:서울 송파구 오금로 504
휴게음식점,2025,LIC-rest_cafes-3230000-3230000-104-2021-00022,"서울특별시 송파구 법원로4길 5, 송파법조타운푸르지오 1층 105호 (문정동)",filled,road:서울 송파구 법원로4길 5
휴게음식점,2025,LIC-rest_cafes-3230000-3230000-104-2021-00117,"서울특별시 송파구 법원로 128, 문정에스케이브이원지엘메트로시티 1층 비-123호 (문정동)",filled,road:서울 송파구 법원로 128
휴게음식점,2025,LIC-rest_cafes-3230000-3230000-104-2021-00142,"서울특별시 송파구 법원로 114, 엠스테이트 E동 지하1층 B-171호 (문정동)",filled,road:서울 송파구 법원로 114
휴게음식점,2025,LIC-rest_cafes-3230000-3230000-104-2021-00157,"서울특별시 송파구 법원로4길 6, 문정아이파크 1층 120호 (문정동)",filled,road:서울 송파구 법원로4길 6
휴게음식점,2025,LIC-rest_cafes-3230000-3230000-104-2021-00167,"서울특별시 송파구 정의로8길 9, 에이제이비전타워 1층 (문정동)",filled,road:서울 송파구 정의로8길 9
휴게음식점,2025,LIC-rest_cafes-3230000-3230000-104-2021-00182,"서울특별시 송파구 법원로4길 6, 문정아이파크 1동 지하1층 115호 (문정동)",filled,road:서울 송파구 법원로4길 6
휴게음식점,2025,LIC-rest_cafes-3230000-3230000-104-2021-00186,"서울특별시 송파구 법원로 96, 문정법조프라자 101호 (문정동)",filled,road:서울 송파구 법원로 96
휴게음식점,2025,LIC-rest_cafes-3230000-3230000-104-2021-00215,"서울특별시 송파구 송파대로 167, 문정역테라타워 A동 지하1층 G-143호 (문정동)",filled,road:서울 송파구 송파대로 167
휴게음식점,2025,LIC-rest_cafes-3230000-3230000-104-2021-00233,"서울특별시 송파구 법원로 128, 문정역SKV1 B동 1층 109호 (문정동)",filled,road:서울 송파구 법원로 128
휴게음식점,2025,LIC-rest_cafes-3230000-3230000-104-2021-00262,"서울특별시 송파구 법원로8길 13, 문정헤리움써밋타워 1층 105호 (문정동)",filled,road:서울 송파구 법원로8길 13
휴게음식점,2025,LIC-rest_cafes-3230000-3230000-104-2021-00267,"서울특별시 송파구 법원로 128, 문정에스케이브이원지엘메트로시티 B동 1층 113호 (문정동)",filled,road:서울 송파구 법원로 128
휴게음식점,2025,LIC-rest_cafes-3230000-3230000-104-2021-00322,"서울특별시 송파구 법원로 114, 엠스테이트 C동 1층 103호 (문정동)",filled,road:서울 송파구 법원로 114
휴게음식점,2025,LIC-rest_cafes-3230000-3230000-104-2021-00328,"서울특별시 송파구 법원로11길 7, 문정현대지식산업센터1-2 C동 지하2층 B209-1호 (문정동)",filled,road:서울 송파구 법원로11길 7
휴게음식점,2025,LIC-rest_cafes-3230000-3230000-104-2021-00331,"서울특별시 송파구 법원로11길 25, 에이치비지니스파크 A동 1층 A-108호 (문정동)",filled,road:서울 송파구 법원로11길 25
휴게음식점,2025,LIC-rest_cafes-3230000-3230000-104-2021-00333,"서울특별시 송파구 송파대로 201, 송파 테라타워2 B동 1층 119호 (문정동)",filled,road:서울 송파구 송파대로 201
휴게음식점,2025,LIC-rest_cafes-3230000-3230000-104-2021-00377,"서울특별시 송파구 법원로 128, 문정에스케이브이원지엘메트로시티 B동 1층 110호 (문정동)",filled,road:서울 송파구 법원로 128
휴게음식점,2025,LIC-rest_cafes-3230000-3230000-104-2021-00406,"서울특별시 송파구 정의로7길 13, 힐스테이트에코송파 1층 135호 (문정동)",filled,road:서울 송파구 정의로7길 13
휴게음식점,2025,LIC-rest_cafes-3230000-3230000-104-2022-00021,"서울특별시 송파구 법원로 114, 엠스테이트 E동 지하1층 B-165호 (문정동)",filled,road:서울 송파구 법원로 114
휴게음식점,2025,LIC-rest_cafes-3230000-3230000-104-2022-00028,"서울특별시 송파구 법원로 114, 엠스테이트 E동 B175호 (문정동)",filled,road:서울 송파구 법원로 114
휴게음식점,2025,LIC-rest_cafes-3230000-3230000-104-2022-00038,"서울특별시 송파구 법원로 114, 엠스테이트 E동 B167호 (문정동)",filled,road:서울 송파구 법원로 114
휴게음식점,2025,LIC-rest_cafes-3230000-3230000-104-2022-00102,"서울특별시 송파구 법원로4길 10, 힐스테이트에코문정 1층 110호 (문정동)",filled,road:서울 송파구 법원로4길 10
휴게음식점,2025,LIC-rest_cafes-3230000-3230000-104-2022-00105,"서울특별시 송파구 법원로11길 11, 문정현대지식산업센터1-1 A동 1층 105호 (문정동)",filled,road:서울 송파구 법원로11길 11
휴게음식점,2025,LIC-rest_cafes-3230000-3230000-104-2022-00106,"서울특별시 송파구 법원로 128, 문정에스케이브이원지엘메트로시티 1층 C123호 (문정동)",filled,road:서울 송파구 법원로 128
휴게음식점,2025,LIC-rest_cafes-3230000-3230000-104-2022-00112,"서울특별시 송파구 법원로4길 6, 문정아이파크 1층 135호 (문정동)",filled,road:서울 송파구 법원로4길 6
휴게음식점,2025,LIC-rest_cafes-3230000-3230000-104-2022-00123,"서울특별시 송파구 법원로 128, 문정에스케이브이원지엘메트로시티 B동 1층 141호 (문정동)",filled,road:서울 송파구 법원로 128
휴게음식점,2025,LIC-rest_cafes-3230000-3230000-104-2022-00126,"서울특별시 송파구 법원로11길 11, 문정현대지식산업센터1-1 A동 1층 121호 (문정동)",filled,road:서울 송파구 법원로11길 11
휴게음식점,2025,LIC-rest_cafes-3230000-3230000-104-2022-00129,"서울특별시 송파구 정의로7길 13, 힐스테이트에코송파 1층 139호 (문정동)",filled,road:서울 송파구 정의로7길 13
휴게음식점,2025,LIC-rest_cafes-3230000-3230000-104-2022-00192,"서울특별시 송파구 송파대로 201, 송파 테라타워2 A동 1층 109호 (문정동)",filled,road:서울 송파구 송파대로 201
휴게음식점,2025,LIC-rest_cafes-3230000-3230000-104-2022-00204,"서울특별시 송파구 법원로4길 10, 힐스테이트에코문정 1층 127호 (문정동)",filled,road:서울 송파구 법원로4길 10
휴게음식점,2025,LIC-rest_cafes-3230000-3230000-104-2022-00207,"서울특별시 송파구 올림픽로35길 123, 향군타워 지하1층 (신천동)",filled,road:서울 송파구 올림픽로35길 123
휴게음식점,2025,LIC-rest_cafes-3230000-3230000-104-2022-00214,"서울특별시 송파구 송파대로 167, 문정역테라타워 A동 지하1층 G155호 (문정동)",filled,road:서울 송파구 송파대로 167
휴게음식점,2025,LIC-rest_cafes-3230000-3230000-104-2022-00216,"서울특별시 송파구 법원로6길 7, 송파유탑테크밸리 1층 103호 (문정동)",filled,road:서울 송파구 법원로6길 7
휴게음식점,2025,LIC-rest_cafes-3230000-3230000-104-2022-00227,"서울특별시 송파구 송파대로 201, 송파 테라타워2 B동 1층 147-2호 (문정동)",filled,road:서울 송파구 송파대로 201
휴게음식점,2025,LIC-rest_cafes-3230000-3230000-104-2022-00257,"서울특별시 송파구 법원로 128, 문정에스케이브이원지엘메트로시티 B동 1층 114호 (문정동)",filled,road:서울 송파구 법원로 128
휴게음식점,2025,LIC-rest_cafes-3230000-3230000-104-2022-00283,"서울특별시 송파구 법원로11길 25, 에이치비지니스파크 1층 A-102호 (문정동)",filled,road:서울 송파구 법원로11길 25
휴게음식점,2025,LIC-rest_cafes-3230000-3230000-104-2022-00295,"서울특별시 송파구 법원로 128, 문정에스케이브이원지엘메트로시티 B동 127호 (문정동)",filled,road:서울 송파구 법원로 128
휴게음식점,2025,LIC-rest_cafes-3230000-3230000-104-2022-00376,"서울특별시 송파구 법원로11길 25, 에이치비지니스파크 1층 B118호 (문정동)",filled,road:서울 송파구 법원로11길 25
휴게음식점,2025,LIC-rest_cafes-3230000-3230000-104-2022-00380,"서울특별시 송파구 법원로11길 11, 문정현대지식산업센터1-1 B동 1층 137호 (문정동)",filled,road:서울 송파구 법원로11길 11
휴게음식점,2025,LIC-rest_cafes-3230000-3230000-104-2022-00387,"서울특별시 송파구 법원로11길 11, 문정현대지식산업센터1-1 A동 1층 133호 (문정동)",filled,road:서울 송파구 법원로11길 11
휴게음식점,2025,LIC-rest_cafes-3230000-3230000-104-2023-00032,"서울특별시 송파구 법원로 128, 문정에스케이브이원지엘메트로시티 1층 C107호 (문정동)",filled,road:서울 송파구 법원로 128
휴게음식점,2025,LIC-rest_cafes-3230000-3230000-104-2023-00094,"서울특별시 송파구 법원로9길 26, 에이치비지니스파크 1층 C102호 (문정동)",filled,road:서울 송파구 법원로9길 26
휴게음식점,2025,LIC-rest_cafes-3230000-3230000-104-2023-00106,"서울특별시 송파구 정의로8길 9, 에이제이비전타워 1층 (문정동)",filled,road:서울 송파구 정의로8길 9
휴게음식점,2025,LIC-rest_cafes-3230000-3230000-104-2023-00135,"서울특별시 송파구 법원로11길 11, 문정현대지식산업센터1-1 1층 122호 (문정동)",filled,road:서울 송파구 법원로11길 11
휴게음식점,2025,LIC-rest_cafes-3230000-3230000-104-2023-00148,"서울특별시 송파구 정의로7길 13, 힐스테이트에코송파 213호 (문정동)",filled,road:서울 송파구 정의로7길 13
휴게음식점,2025,LIC-rest_cafes-3230000-3230000-104-2023-00165,"서울특별시 송파구 송파대로 141, 르피에드 1층 107호 (문정동)",filled,road:서울 송파구 송파대로 141
휴게음식점,2025,LIC-rest_cafes-3230000-3230000-104-2023-00174,"서울특별시 송파구 법원로9길 26, 에이치비지니스파크 C동 109호 (문정동)",filled,road:서울 송파구 법원로9길 26
휴게음식점,2025,LIC-rest_cafes-3230000-3230000-104-2023-00194,"서울특별시 송파구 송파대로 141, 르피에드 1층 101~105호 (문정동)",filled,road:서울 송파구 송파대로 141
휴게음식점,2025,LIC-rest_cafes-3230000-3230000-104-2023-00198,"서울특별시 송파구 송파대로 167, 문정역테라타워 A동 G123호 (문정동)",filled,road:서울 송파구 송파대로 167
휴게음식점,2025,LIC-rest_cafes-3230000-3230000-104-2023-00200,"서울특별시 송파구 법원로11길 12, 한양타워 1층 (문정동)",filled,road:서울 송파구 법원로11길 12
휴게음식점,2025,LIC-rest_cafes-3230000-3230000-104-2023-00210,"서울특별시 송파구 법원로 90, 파트너스2 1층 105호 (문정동)",filled,road:서울 송파구 법원로 90
휴게음식점,2025,LIC-rest_cafes-3230000-3230000-104-2023-00237,"서울특별시 송파구 법원로 128, 문정역SKV1 지하1층 BG116호 (문정동)",filled,road:서울 송파구 법원로 128
휴게음식점,2025,LIC-rest_cafes-3230000-3230000-104-2023-00248,"서울특별시 송파구 법원로 90, 파트너스2 105호 (문정동)",filled,road:서울 송파구 법원로 90
휴게음식점,2025,LIC-rest_cafes-3230000-3230000-104-2023-00256,"서울특별시 송파구 법원로11길 12, 한양타워 1층 (문정동)",filled,road:서울 송파구 법원로11길 12
휴게음식점,2025,LIC-rest_cafes-3230000-3230000-104-2023-00291,"서울특별시 송파구 법원로4길 10, 힐스테이트에코문정 129호, 130호 (문정동)",filled,road:서울 송파구 법원로4길 10
휴게음식점,2025,LIC-rest_cafes-3230000-3230000-104-2023-00326,"서울특별시 송파구 법원로 114, 엠스테이트 C동 1층 C-101호 (문정동)",filled,road:서울 송파구 법원로 114
휴게음식점,2025,LIC-rest_cafes-3230000-3230000-104-2023-00329,"서울특별시 송파구 법원로 90, 파트너스2 1층 107호 (문정동)",filled,road:서울 송파구 법원로 90
휴게음식점,2025,LIC-rest_cafes-3230000-3230000-104-2023-00380,"서울특별시 송파구 법원로9길 26, 에이치비지니스파크 C동 1층 101호 (문정동)",filled,road:서울 송파구 법원로9길 26
휴게음식점,2025,LIC-rest_cafes-3230000-3230000-104-2023-00393,"서울특별시 송파구 송파대로 201, 송파 테라타워2 A동 1층 A-131호 (문정동)",filled,road:서울 송파구 송파대로 201
휴게음식점,2025,LIC-rest_cafes-3230000-3230000-104-2023-00415,"서울특별시 송파구 법원로 114, 엠스테이트 E동 지하1층 E-B170호 (문정동)",filled,road:서울 송파구 법원로 114
휴게음식점,2025,LIC-rest_cafes-3230000-3230000-104-2023-00447,"서울특별시 송파구 법원로 128, 문정역SKV1 A동 1층 108호 (문정동)",filled,road:서울 송파구 법원로 128
휴게음식점,2025,LIC-rest_cafes-3230000-3230000-104-2023-00456,"서울특별시 송파구 송파대로 167, 문정역테라타워 A동 지하1층 G119호 (문정동)",filled,road:서울 송파구 송파대로 167
휴게음식점,2025,LIC-rest_cafes-3230000-3230000-104-2023-00478,"서울특별시 송파구 법원로11길 7, 문정현대지식산업센터1-2 제1층 157호 (문정동)",filled,road:서울 송파구 법원로11길 7
휴게음식점,2025,LIC-rest_cafes-3230000-3230000-104-2024-00011,"서울특별시 송파구 법원로4길 6, 문정아이파크 1동 1층 113호 (문정동)",filled,road:서울 송파구 법원로4길 6
휴게음식점,2025,LIC-rest_cafes-3230000-3230000-104-2024-00037,"서울특별시 송파구 법원로 114, 엠스테이트 제E동 지하1층 B133-1호 (문정동)",filled,road:서울 송파구 법원로 114
휴게음식점,2025,LIC-rest_cafes-3230000-3230000-104-2024-00051,"서울특별시 송파구 송파대로 167, 문정역테라타워 지하1층 G114호 (문정동)",filled,road:서울 송파구 송파대로 167
휴게음식점,2025,LIC-rest_cafes-3230000-3230000-104-2024-00059,"서울특별시 송파구 위례북로3길 2, 1층 (거여동)",filled,road:서울 송파구 위례북로3길 2
휴게음식점,2025,LIC-rest_cafes-3230000-3230000-104-2024-00069,"서울특별시 송파구 정의로7길 6, 피엔에스 76 1층 102호 (문정동)",filled,road:서울 송파구 정의로7길 6
휴게음식점,2025,LIC-rest_cafes-3230000-3230000-104-2024-00070,"서울특별시 송파구 법원로11길 25, 에이치비지니스파크 A동 1층 106호 (문정동)",filled,road:서울 송파구 법원로11길 25
휴게음식점,2025,LIC-rest_cafes-3230000-3230000-104-2024-00071,"서울특별시 송파구 법원로 96, 문정법조프라자 1층 103호 (문정동)",filled,road:서울 송파구 법원로 96
휴게음식점,2025,LIC-rest_cafes-3230000-3230000-104-2024-00101,"서울특별시 송파구 법원로11길 28, 비케이타워 1층 (문정동)",filled,road:서울 송파구 법원로11길 28
휴게음식점,2025,LIC-rest_cafes-3230000-3230000-104-2024-00124,"서울특별시 송파구 법원로8길 8, 문정역2차 SK V1 1층 114호 (문정동)",filled,road:서울 송파구 법원로8길 8
휴게음식점,2025,LIC-rest_cafes-3230000-3230000-104-2024-00145,"서울특별시 송파구 법원로4길 6, 문정 아이파크 1동 1층 122호 (문정동)",filled,road:서울 송파구 법원로4길 6
휴게음식점,2025,LIC-rest_cafes-3230000-3230000-104-2024-00162,"서울특별시 송파구 송파대로 167, 문정역테라타워 A동 지하1층 G148호 (문정동)",filled,road:서울 송파구 송파대로 167
휴게음식점,2025,LIC-rest_cafes-3230000-3230000-104-2024-00197,"서울특별시 송파구 법원로11길 12, 한양타워 2층 (문정동)",filled,road:서울 송파구 법원로11길 12
휴게음식점,2025,LIC-rest_cafes-3230000-3230000-104-2024-00224,"서울특별시 송파구 법원로4길 10, 힐스테이트에코문정 A112호 (문정동)",filled,road:서울 송파구 법원로4길 10
휴게음식점,2025,LIC-rest_cafes-3230000-3230000-104-2024-00272,"서울특별시 송파구 올림픽로35길 123, 향군타워 지하1층 (신천동)",filled,road:서울 송파구 올림픽로35길 123
휴게음식점,2025,LIC-rest_cafes-3230000-3230000-104-2024-00275,"서울특별시 송파구 법원로11길 32, 혜화복합시설 1층 (문정동)",filled,road:서울 송파구 법원로11길 32
휴게음식점,2025,LIC-rest_cafes-3230000-3230000-104-2024-00325,"서울특별시 송파구 위례북로1길 72, 1층 (거여동)",filled,road:서울 송파구 위례북로1길 72
휴게음식점,2025,LIC-rest_cafes-3230000-3230000-104-2024-00332,"서울특별시 송파구 법원로11길 7, 문정현대지식산업센터1-2 1층 104호 (문정동)",filled,road:서울 송파구 법원로11길 7
휴게음식점,2025,LIC-rest_cafes-3230000-3230000-104-2024-00344,"서울특별시 송파구 송파대로 201, 송파 테라타워2 A동 1층 A-129호 (문정동)",filled,road:서울 송파구 송파대로 201
휴게음식점,2025,LIC-rest_cafes-3230000-3230000-104-2024-00380,"서울특별시 송파구 법원로 114, 엠스테이트 E동 지하1층 E-B178호 (문정동)",filled,road:서울 송파구 법원로 114
휴게음식점,2025,LIC-rest_cafes-3230000-3230000-104-2024-00388,"서울특별시 송파구 법원로 128, 문정역SKV1 1층 C108,C109호 (문정동)",filled,road:서울 송파구 법원로 128
휴게음식점,2025,LIC-rest_cafes-3230000-3230000-104-2024-00476,"서울특별시 송파구 송파대로 155, 1층 (문정동)",filled,road:서울 송파구 송파대로 155
휴게음식점,2025,LIC-rest_cafes-3230000-3230000-104-2024-00485,"서울특별시 송파구 송파대로 201, 송파 테라타워2 B동 1층 B123호 (문정동)",filled,road:서울 송파구 송파대로 201
휴게음식점,2025,LIC-rest_cafes-3230000-3230000-104-2024-00487,"서울특별시 송파구 법원로11길 7, 문정현대지식산업센터1-2 1층 132호 (문정동)",filled,road:서울 송파구 법원로11길 7
휴게음식점,2025,LIC-rest_cafes-3240000-3240000-104-2007-00043,"서울특별시 강동구 양재대로 지하 1480 (길동,지하1층)",filled,road:서울 강동구 양재대로 지하 1480
휴게음식점,2025,LIC-rest_cafes-3240000-3240000-104-2007-00048,서울특별시 강동구 양재대로 지하 1369 (둔촌동),filled,road:서울 강동구 양재대로 지하 1369
휴게음식점,2025,LIC-rest_cafes-3240000-3240000-104-2007-00064,"서울특별시 강동구 양재대로 지하 1632 (명일동,(지하1층))",filled,road:서울 강동구 양재대로 지하 1632
휴게음식점,2025,LIC-rest_cafes-3240000-3240000-104-2018-00239,"서울특별시 강동구 양재대로 1323, 신월주유소 1~2층 (성내동)",filled,road:서울 강동구 양재대로 1323
휴게음식점,2025,LIC-rest_cafes-3240000-3240000-104-2024-00004,"서울특별시 강동구 올림픽로 610, 1층 A-1~A-6호 (성내동, 천호역 효성해링턴타워)",filled,road:서울 강동구 올림픽로 610
휴게음식점,2025,LIC-rest_cafes-3240000-3240000-104-2024-00032,"서울특별시 강동구 양재대로 지하 1369, 둔촌역 지층 554-104호 (둔촌동)",filled,road:서울 강동구 양재대로 지하 1369
휴게음식점,2025,LIC-rest_cafes-3240000-3240000-104-2024-00034,"서울특별시 강동구 아리수로 375, 근린생활시설-1동 1층 101호 (고덕동, 고덕풍경채어바니티)",filled,road:서울 강동구 아리수로 375
휴게음식점,2025,LIC-rest_cafes-3240000-3240000-104-2024-00089,"서울특별시 강동구 고덕비즈밸리로2가길 27, 1층 (고덕동)",filled,road:서울 강동구 고덕비즈밸리로2가길 27
휴게음식점,2025,LIC-rest_cafes-3240000-3240000-104-2024-00109,"서울특별시 강동구 올림픽로 610, 1층 A-7,8호 (성내동, 천호역 효성해링턴타워)",filled,road:서울 강동구 올림픽로 610
휴게음식점,2025,LIC-rest_cafes-3240000-3240000-104-2024-00146,"서울특별시 강동구 천호대로 1024, 힐스테이트 천호역 젠트리스 1층 130호 (성내동)",filled,road:서울 강동구 천호대로 1024
휴게음식점,2025,LIC-rest_cafes-3240000-3240000-104-2024-00159,"서울특별시 강동구 천호대로 1024, 힐스테이트 천호역 젠트리스 3층 334호 (성내동)",filled,road:서울 강동구 천호대로 1024
휴게음식점,2025,LIC-rest_cafes-3240000-3240000-104-2024-00164,"서울특별시 강동구 천호대로 1024, 힐스테이트 천호역 젠트리스 1층 121호 (성내동)",filled,road:서울 강동구 천호대로 1024
휴게음식점,2025,LIC-rest_cafes-3240000-3240000-104-2024-00218,"서울특별시 강동구 천호대로 1024, 힐스테이트 천호역 젠트리스 1층 120호 (성내동)",filled,road:서울 강동구 천호대로 1024
미용업,2020,LIC-beauty_salons-3010000-3010000-204-1983-00724,서울특별시 중구 남대문로5가 395-53,no_exact_match,
미용업,2020,LIC-beauty_salons-3010000-3010000-204-1999-01428,서울특별시 중구 중림동 149-203,no_exact_match,
미용업,2020,LIC-beauty_salons-3010000-3010000-211-1972-00002,서울특별시 중구 황학동 706-714,no_exact_match,
미용업,2020,LIC-beauty_salons-3010000-3010000-211-1977-00001,서울특별시 중구 광희동2가 11-2,no_exact_match,
미용업,2020,LIC-beauty_salons-3010000-3010000-211-1977-00002,서울특별시 중구 신당동 239-439,no_exact_match,
미용업,2020,LIC-beauty_salons-3010000-3010000-211-1986-00001,서울특별시 중구 충무로3가 33-4,no_exact_match,
미용업,2020,LIC-beauty_salons-3010000-3010000-211-1988-00009,서울특별시 중구 남대문로5가 171-804,no_exact_match,
미용업,2020,LIC-beauty_salons-3010000-3010000-211-2009-00023,서울특별시 중구 만리동2가 176-1 서울역센트럴자이 2층 402동,no_exact_match,
미용업,2020,LIC-beauty_salons-3010000-3010000-213-2012-00016,서울특별시 중구 신당동 45 e-편한세상 상가 1층 2-2,no_exact_match,
미용업,2020,LIC-beauty_salons-3030000-3030000-211-1993-00007,서울특별시 성동구 성수동2가 633-4,no_exact_match,
미용업,2020,LIC-beauty_salons-3030000-3030000-211-2001-00019,서울특별시 성동구 금호동1가 1080 벽산하이피아 상가 6층 601-1호,no_exact_match,
미용업,2020,LIC-beauty_salons-3030000-3030000-211-2013-00004,"서울특별시 성동구 매봉길 13, 지하1층 101호 (옥수동, 래미안 옥수리버젠 상가동)",no_exact_match,
미용업,2020,LIC-beauty_salons-3040000-3040000-212-2015-00034,"서울특별시 광진구 능동로 77, 4층 401호 (자양동)",no_exact_match,
미용업,2020,LIC-beauty_salons-3060000-3060000-204-1985-00828,서울특별시 중랑구 면목동 177-14,no_exact_match,
미용업,2020,LIC-beauty_salons-3060000-3060000-204-2009-00050,서울특별시 중랑구 면목동 193-3 지하1층,no_exact_match,
미용업,2020,LIC-beauty_salons-3060000-3060000-213-2008-00012,서울특별시 중랑구 용마산로62길 8 (면목동),no_exact_match,
미용업,2020,LIC-beauty_salons-3100000-3100000-204-2000-01344,서울특별시 노원구 상계동 107 현대@상가 305호,no_exact_match,
미용업,2020,LIC-beauty_salons-3110000-3110000-211-1986-00009,"서울특별시 은평구 응암로20길 40, 3층 (응암동)",no_exact_match,
미용업,2020,LIC-beauty_salons-3110000-3110000-211-1990-00006,"서울특별시 은평구 은평로18길 5-1 (응암동,1층)",no_exact_match,
미용업,2020,LIC-beauty_salons-3110000-3110000-211-2000-00007,서울특별시 은평구 응암로28길 25 (응암동),no_exact_match,
미용업,2020,LIC-beauty_salons-3110000-3110000-211-2002-00014,서울특별시 은평구 수색동 1 대림한솔타운아파트 210호,no_exact_match,
미용업,2020,LIC-beauty_salons-3110000-3110000-211-2002-00023,서울특별시 은평구 수색동 산 1,no_exact_match,
미용업,2020,LIC-beauty_salons-3110000-3110000-211-2004-00003,서울특별시 은평구 백련산로 45-2 (응암동),no_exact_match,
미용업,2020,LIC-beauty_salons-3110000-3110000-211-2009-00034,"서울특별시 은평구 연서로16길 29 (역촌동,지하 1층)",no_exact_match,
미용업,2020,LIC-beauty_salons-3110000-3110000-211-2012-00011,"서울특별시 은평구 수색로22가길 20, 1층 (수색동)",no_exact_match,
미용업,2020,LIC-beauty_salons-3130000-3130000-204-1998-00251,서울특별시 마포구 도화동 376-0 현대상가 지층동 101호,no_exact_match,
미용업,2020,LIC-beauty_salons-3160000-3160000-211-2015-00014,"서울특별시 구로구 중앙로8길 10-7, 1층 (고척동)",no_exact_match,
미용업,2020,LIC-beauty_salons-3180000-3180000-211-1980-00003,서울특별시 영등포구 신길동 253-239,no_exact_match,
미용업,2020,LIC-beauty_salons-3180000-3180000-211-1990-00001,서울특별시 영등포구 양평동1가 28,no_exact_match,
미용업,2020,LIC-beauty_salons-3190000-3190000-211-1991-00005,서울특별시 동작구 장승배기로10길 26 (상도동),no_exact_match,
미용업,2020,LIC-beauty_salons-3200000-3200000-211-2016-00088,"서울특별시 관악구 구암길 47, 1층 (봉천동)",no_exact_match,
미용업,2020,LIC-beauty_salons-3000000-3000000-211-1973-00001,서울특별시 종로구 율곡로16길 22 (충신동),filled,road:서울 종로구 율곡로16길 22
미용업,2020,LIC-beauty_salons-3000000-3000000-211-2007-00001,"서울특별시 종로구 평창길 4 (평창동,2층)",filled,road:서울 종로구 평창길 4
미용업,2020,LIC-beauty_salons-3010000-3010000-211-1977-00003,서울특별시 중구 서소문로11길 2-1 (서소문동),filled,road:서울 중구 서소문로11길 2-1
미용업,2020,LIC-beauty_salons-3010000-3010000-211-2017-00005,"서울특별시 중구 다산로 32, 상가2동 124호 (신당동, 남산타운)",filled,road:서울 중구 다산로 32
미용업,2020,LIC-beauty_salons-3010000-3010000-215-2015-00011,"서울특별시 중구 세종대로 30, 신남문빌딩 4층 403호 (남대문로5가)",filled,road:서울 중구 세종대로 30
미용업,2020,LIC-beauty_salons-3020000-3020000-211-2019-00005,"서울특별시 용산구 녹사평대로 246, 1층 (이태원동)",filled,road:서울 용산구 녹사평대로 246
미용업,2020,LIC-beauty_salons-3030000-3030000-212-2009-00010,"서울특별시 성동구 왕십리로 135, 서울숲아이파크리버포레2차 214동 3층 3118호 (성수동1가)",filled,road:서울 성동구 왕십리로 135
미용업,2020,LIC-beauty_salons-3030000-3030000-213-2001-00029,"서울특별시 성동구 천호대로 244, 2층 2219호 (용답동, 청계 SK VIEW)",filled,road:서울 성동구 천호대로 244
미용업,2020,LIC-beauty_salons-3030000-3030000-218-2016-00010,"서울특별시 성동구 왕십리로 137, 115동 1219호 (성수동1가, 서울숲아이파크리버포레)",filled,road:서울 성동구 왕십리로 137
미용업,2020,LIC-beauty_salons-3040000-3040000-211-2017-00019,"서울특별시 광진구 아차산로73길 8, 1층 (광장동)",filled,road:서울 광진구 아차산로73길 8
미용업,2020,LIC-beauty_salons-3040000-3040000-211-2017-00055,"서울특별시 광진구 뚝섬로 467, 5동 1층 505호 (자양동)",filled,road:서울 광진구 뚝섬로 467
미용업,2020,LIC-beauty_salons-3050000-3050000-211-2003-00034,"서울특별시 동대문구 고산자로32길 78, 판매시설동 1층 116,117,118호 (용두동, 청량리역한양수자인그라시엘)",filled,road:서울 동대문구 고산자로32길 78
미용업,2020,LIC-beauty_salons-3050000-3050000-213-2017-00003,"서울특별시 동대문구 망우로 133, 1층 107호 (휘경동)",filled,road:서울 동대문구 망우로 133
미용업,2020,LIC-beauty_salons-3060000-3060000-211-2017-00006,"서울특별시 중랑구 망우로 313, 2층 203,204호 (상봉동, 와이 센트럴시티 상봉)",filled,road:서울 중랑구 망우로 313
미용업,2020,LIC-beauty_salons-3060000-3060000-211-2018-00006,"서울특별시 중랑구 봉우재로 200, 성대한교회 1층 (망우동)",filled,road:서울 중랑구 봉우재로 200
미용업,2020,LIC-beauty_salons-3060000-3060000-213-2001-00001,"서울특별시 중랑구 겸재로40길 14-7, 102동 101,102호 (면목동, 하이원팰리스)",filled,road:서울 중랑구 겸재로40길 14-7
미용업,2020,LIC-beauty_salons-3070000-3070000-211-1989-00003,서울특별시 성북구 동소문로47가길 1-1 (길음동),filled,road:서울 성북구 동소문로 47
미용업,2020,LIC-beauty_salons-3070000-3070000-211-1990-00007,서울특별시 성북구 서경로 81 (정릉동),filled,road:서울 성북구 서경로 81
미용업,2020,LIC-beauty_salons-3070000-3070000-211-2004-00028,"서울특별시 성북구 화랑로19길 81, 1층 (장위동)",filled,road:서울 성북구 화랑로19길 81
미용업,2020,LIC-beauty_salons-3070000-3070000-211-2013-00023,"서울특별시 성북구 성북로4길 52, 417동 1532호 (돈암동, 한진한신아파트상가)",filled,road:서울 성북구 성북로4길 52
미용업,2020,LIC-beauty_salons-3070000-3070000-211-2018-00025,"서울특별시 성북구 고려대로27길 17, 2층 (안암동5가)",filled,road:서울 성북구 고려대로27길 17
미용업,2020,LIC-beauty_salons-3070000-3070000-212-2013-00008,서울특별시 성북구 돌곶이로22길 50 (석관동),filled,road:서울 성북구 돌곶이로22길 50
미용업,2020,LIC-beauty_salons-3070000-3070000-213-1976-00006,서울특별시 성북구 보문로25길 8 (보문동2가),filled,road:서울 성북구 보문로25길 8
미용업,2020,LIC-beauty_salons-3070000-3070000-213-2009-00004,"서울특별시 성북구 화랑로11길 11 (하월곡동,(2층))",filled,road:서울 성북구 화랑로11길 11
미용업,2020,LIC-beauty_salons-3080000-3080000-211-1997-00004,서울특별시 강북구 도봉로30길 38 (미아동),filled,road:서울 강북구 도봉로30길 38
미용업,2020,LIC-beauty_salons-3090000-3090000-211-2010-00011,서울특별시 도봉구 도봉로109길 26 (쌍문동),filled,road:서울 도봉구 도봉로109길 26
미용업,2020,LIC-beauty_salons-3090000-3090000-218-2016-00005,"서울특별시 도봉구 덕릉로60다길 33, 지상1층 (창동)",filled,road:서울 도봉구 덕릉로60다길 33
미용업,2020,LIC-beauty_salons-3100000-3100000-204-1980-00489,"서울특별시 노원구 상계로 297-3 (상계동, 지상1층)",filled,road:서울 노원구 상계로 297-3
미용업,2020,LIC-beauty_salons-3100000-3100000-204-1988-00433,서울특별시 노원구 초안산로2라길 42 (월계동),filled,road:서울 노원구 초안산로 2
미용업,2020,LIC-beauty_salons-3100000-3100000-211-2015-00029,"서울특별시 노원구 상계로35길 10, A동 1층 105호 (상계동, 형제아트빌)",filled,road:서울 노원구 상계로35길 10
미용업,2020,LIC-beauty_salons-3100000-3100000-212-2015-00031,"서울특별시 노원구 동일로178길 11-21, 2층 (공릉동)",filled,road:서울 노원구 동일로178길 11-21
미용업,2020,LIC-beauty_salons-3110000-3110000-211-1977-00002,"서울특별시 은평구 갈현로7가길 10, 대한예수교장로회 제일영광교회 1층 (역촌동)",filled,road:서울 은평구 갈현로7가길 10
미용업,2020,LIC-beauty_salons-3110000-3110000-211-1993-00012,"서울특별시 은평구 통일로 767, 401동 1층 116호 (대조동, 베르디움STAY1)",filled,road:서울 은평구 통일로 767
미용업,2020,LIC-beauty_salons-3110000-3110000-211-2009-00016,"서울특별시 은평구 진관3로 21, 101동 126호 (진관동)",filled,road:서울 은평구 진관3로 21
미용업,2020,LIC-beauty_salons-3110000-3110000-211-2010-00018,"서울특별시 은평구 진관3로 77 (진관동,은평뉴타운구파발 916동 상가105호)",filled,road:서울 은평구 진관3로 77
미용업,2020,LIC-beauty_salons-3110000-3110000-211-2010-00027,"서울특별시 은평구 진관3로 77 (진관동,은평뉴타운구파발 923동 상가101호)",filled,road:서울 은평구 진관3로 77
미용업,2020,LIC-beauty_salons-3110000-3110000-211-2010-00057,"서울특별시 은평구 진관3로 67 (진관동,은평뉴타운구파발 911동 상가102호)",filled,road:서울 은평구 진관3로 67
미용업,2020,LIC-beauty_salons-3110000-3110000-211-2011-00055,"서울특별시 은평구 진관3로 67, 914동 1층 101호 (진관동, 은평뉴타운 구파발)",filled,road:서울 은평구 진관3로 67
미용업,2020,LIC-beauty_salons-3110000-3110000-211-2011-00057,"서울특별시 은평구 진관1로 21-35, 지상1층 105호 (진관동)",filled,road:서울 은평구 진관1로 21-35
미용업,2020,LIC-beauty_salons-3110000-3110000-211-2012-00055,"서울특별시 은평구 서오릉로11길 28, 1층 (구산동)",filled,road:서울 은평구 서오릉로11길 28
미용업,2020,LIC-beauty_salons-3110000-3110000-211-2012-00074,"서울특별시 은평구 북한산로 2, 1층 103호 (진관동, 은평뉴타운 구파발제상가동)",filled,road:서울 은평구 북한산로 2
미용업,2020,LIC-beauty_salons-3110000-3110000-211-2012-00078,"서울특별시 은평구 진관3로 15-45, 1011동 104호 (진관동, (은평뉴타운구파발 상가))",filled,road:서울 은평구 진관3로 15-45
미용업,2020,LIC-beauty_salons-3110000-3110000-211-2012-00079,"서울특별시 은평구 진관3로 33, 1층 127호 (진관동, 은평뉴타운 꿈에그린)",filled,road:서울 은평구 진관3로 33
미용업,2020,LIC-beauty_salons-3110000-3110000-211-2013-00034,서울특별시 은평구 진관3로 67 (진관동),filled,road:서울 은평구 진관3로 67
미용업,2020,LIC-beauty_salons-3110000-3110000-211-2013-00052,"서울특별시 은평구 연서로44길 55, 426동 1층 상가102호 (진관동, 은평뉴타운 폭포동)",filled,road:서울 은평구 연서로44길 55
미용업,2020,LIC-beauty_salons-3110000-3110000-211-2015-00013,"서울특별시 은평구 연서로 487, 528동 지상1층 104-2호 (진관동, 은평뉴타운 제말각)",filled,road:서울 은평구 연서로 487
미용업,2020,LIC-beauty_salons-3110000-3110000-211-2015-00072,"서울특별시 은평구 진관2로 15-46, 3층 301~303호 (진관동)",filled,road:서울 은평구 진관2로 15-46
미용업,2020,LIC-beauty_salons-3110000-3110000-211-2016-00073,"서울특별시 은평구 진관3로 15-45, 1012동 지상1층 102호 (진관동, 은평뉴타운구파발)",filled,road:서울 은평구 진관3로 15-45
미용업,2020,LIC-beauty_salons-3110000-3110000-211-2017-00026,"서울특별시 은평구 진관3로 21, 101동 지상2층 213호 (진관동)",filled,road:서울 은평구 진관3로 21
미용업,2020,LIC-beauty_salons-3110000-3110000-211-2017-00027,"서울특별시 은평구 진관3로 11, 2층 201,202호 (진관동)",filled,road:서울 은평구 진관3로 11
미용업,2020,LIC-beauty_salons-3110000-3110000-211-2017-00032,"서울특별시 은평구 진관3로 77, 919동 지상1층 상가106호 (진관동, 은평뉴타운구파발)",filled,road:서울 은평구 진관3로 77
미용업,2020,LIC-beauty_salons-3110000-3110000-211-2017-00060,"서울특별시 은평구 진관3로 21, 101동동 102호호 (진관동)",filled,road:서울 은평구 진관3로 21
미용업,2020,LIC-beauty_salons-3110000-3110000-211-2018-00016,"서울특별시 은평구 진관3로 22, 2층 201호 (진관동)",filled,road:서울 은평구 진관3로 22
미용업,2020,LIC-beauty_salons-3110000-3110000-211-2019-00008,"서울특별시 은평구 통일로 1030, 은평헤스티아 2층 204호 (진관동)",filled,road:서울 은평구 통일로 1030
미용업,2020,LIC-beauty_salons-3110000-3110000-211-2019-00026,"서울특별시 은평구 진관3로 67, 제909동 제1층 상가106호 (진관동, 은평뉴타운 구파발)",filled,road:서울 은평구 진관3로 67
미용업,2020,LIC-beauty_salons-3110000-3110000-211-2019-00051,"서울특별시 은평구 통일로 1010, 아이파크포레스트게이트 지2층 B229호 (진관동)",filled,road:서울 은평구 통일로 1010
미용업,2020,LIC-beauty_salons-3110000-3110000-212-2010-00006,"서울특별시 은평구 연서로 487, 528동 1층 102 우측호 (진관동, 은평뉴타운제각말)",filled,road:서울 은평구 연서로 487
미용업,2020,LIC-beauty_salons-3110000-3110000-212-2011-00021,"서울특별시 은평구 진관3로 15-45, 1012동 상가103호 (진관동, 금호아파트)",filled,road:서울 은평구 진관3로 15-45
미용업,2020,LIC-beauty_salons-3110000-3110000-212-2015-00004,"서울특별시 은평구 진관3로 77, 922동 103호 (진관동)",filled,road:서울 은평구 진관3로 77
미용업,2020,LIC-beauty_salons-3110000-3110000-212-2018-00011,"서울특별시 은평구 진관3로 21, 은평뉴타운 엘크루 101동 207호 (진관동)",filled,road:서울 은평구 진관3로 21
미용업,2020,LIC-beauty_salons-3110000-3110000-212-2018-00020,"서울특별시 은평구 진관3로 33, 은평뉴타운꿈에그린 1층 103호 (진관동)",filled,road:서울 은평구 진관3로 33
미용업,2020,LIC-beauty_salons-3110000-3110000-212-2019-00019,"서울특별시 은평구 통일로 1010, 아이파크포레스트게이트 제지2층 제b211호 (진관동)",filled,road:서울 은평구 통일로 1010
미용업,2020,LIC-beauty_salons-3110000-3110000-213-2018-00001,"서울특별시 은평구 진관3로 33, 1층 102호 (진관동)",filled,road:서울 은평구 진관3로 33
미용업,2020,LIC-beauty_salons-3110000-3110000-217-2016-00002,"서울특별시 은평구 진관1로 21-35, 지상2층 205호,206호 (진관동, 어드벤스힐상가)",filled,road:서울 은평구 진관1로 21-35
미용업,2020,LIC-beauty_salons-3110000-3110000-218-2015-00007,"서울특별시 은평구 통일로 767, 401동 지하1층 B102호 (대조동, 베르디움STAY1)",filled,road:서울 은평구 통일로 767
미용업,2020,LIC-beauty_salons-3110000-3110000-221-2019-00001,"서울특별시 은평구 통일로 1022, 은평헤스티아2차 제지1층 b108호 (진관동)",filled,road:서울 은평구 통일로 1022
미용업,2020,LIC-beauty_salons-3110000-3110000-226-2018-00001,"서울특별시 은평구 진관2로 15-46, 메트로프라자 3층 305호 (진관동)",filled,road:서울 은평구 진관2로 15-46
미용업,2020,LIC-beauty_salons-3120000-3120000-211-2015-00009,"서울특별시 서대문구 이화여대2가길 3, 1층 (대현동)",filled,road:서울 서대문구 이화여대2가길 3
미용업,2020,LIC-beauty_salons-3120000-3120000-212-1988-00002,"서울특별시 서대문구 이화여대2가길 3, 2층 (대현동)",filled,road:서울 서대문구 이화여대2가길 3
미용업,2020,LIC-beauty_salons-3130000-3130000-204-1982-00932,"서울특별시 마포구 도화4길 13, 1층 (도화동)",filled,road:서울 마포구 도화4길 13
미용업,2020,LIC-beauty_salons-3130000-3130000-204-2003-00055,"서울특별시 마포구 월드컵로 240 (성산동,서울월드컵경기장 지상2층)",filled,road:서울 마포구 월드컵로 240
미용업,2020,LIC-beauty_salons-3130000-3130000-211-2014-00098,"서울특별시 마포구 마포대로24길 4, 101동 205호 (아현동, 공덕자이아파트 상가)",filled,road:서울 마포구 마포대로24길 4
미용업,2020,LIC-beauty_salons-3130000-3130000-211-2017-00092,"서울특별시 마포구 마포대로24길 4, 상가1동 206호 (아현동)",filled,road:서울 마포구 마포대로24길 4
미용업,2020,LIC-beauty_salons-3130000-3130000-212-2014-00018,"서울특별시 마포구 신촌로 190-22, 3층 304호 (염리동)",filled,road:서울 마포구 신촌로 190-22
미용업,2020,LIC-beauty_salons-3130000-3130000-213-2009-00001,"서울특별시 마포구 월드컵로 240 (성산동,월드컵경기장 내 스파랜드24)",filled,road:서울 마포구 월드컵로 240
미용업,2020,LIC-beauty_salons-3130000-3130000-215-2018-00024,"서울특별시 마포구 월드컵북로 18, 1층 (동교동)",filled,road:서울 마포구 월드컵북로 18
미용업,2020,LIC-beauty_salons-3130000-3130000-215-2018-00043,"서울특별시 마포구 월드컵로 240, 월드컵주경기장 홈플러스 2층 (성산동)",filled,road:서울 마포구 월드컵로 240
미용업,2020,LIC-beauty_salons-3140000-3140000-211-2005-00013,"서울특별시 양천구 중앙로45길 24, 1층 상가우측호 (신정동)",filled,road:서울 양천구 중앙로45길 24
미용업,2020,LIC-beauty_salons-3140000-3140000-211-2018-00018,"서울특별시 양천구 신목로 102, 대경프라자 2층 204,205호 (목동)",filled,road:서울 양천구 신목로 102
미용업,2020,LIC-beauty_salons-3150000-3150000-215-2018-00009,"서울특별시 강서구 강서로 455, 마곡경동미르웰 101동 1층 112호 (마곡동)",filled,road:서울 강서구 강서로 455
미용업,2020,LIC-beauty_salons-3150000-3150000-215-2019-00045,"경기도 부천시 상동로 75, 한빛프라자 307호 (상동)",gu_mismatch_rejected,road:경기 부천시 원미구 상동로 75
미용업,2020,LIC-beauty_salons-3150000-3150000-222-2019-00010,"서울특별시 강서구 양천로 620, 복합시설동 229호 (등촌동, 등촌 지와인 아파트, 비즈니스센터)",filled,road:서울 강서구 양천로 620
미용업,2020,LIC-beauty_salons-3150000-3150000-226-2018-00003,"서울특별시 강서구 월정로 160, 상가동 101호 (화곡동, 화곡대림아파트)",filled,road:서울 강서구 월정로 160
미용업,2020,LIC-beauty_salons-3160000-3160000-211-2014-00020,"서울특별시 구로구 경인로31길 88, 1층 (개봉동)",filled,road:서울 구로구 경인로31길 88
미용업,2020,LIC-beauty_salons-3160000-3160000-211-2015-00008,"서울특별시 구로구 오리로 1102-10, 상가동 1층 105호 (천왕동, 천왕연지타운 2단지)",filled,road:서울 구로구 오리로 1102-10
미용업,2020,LIC-beauty_salons-3160000-3160000-211-2016-00059,"서울특별시 구로구 오류로 30, 1층 1-4호 (오류동, 천왕역광역환승센터 지상1층 근린시설 1-4호)",filled,road:서울 구로구 오류로 30
미용업,2020,LIC-beauty_salons-3160000-3160000-211-2018-00021,"서울특별시 구로구 구로동로22길 5-26, 1층 (구로동)",filled,road:서울 구로구 구로동로22길 5-26
미용업,2020,LIC-beauty_salons-3160000-3160000-211-2019-00037,"서울특별시 구로구 신도림로21길 25, 상가동 104호 (신도림동, 신도림우성3차아파트)",filled,road:서울 구로구 신도림로21길 25
미용업,2020,LIC-beauty_salons-3160000-3160000-211-2019-00039,"서울특별시 구로구 개봉로19길 11, 110호 (개봉동, 세이지움 개봉)",filled,road:서울 구로구 개봉로19길 11
미용업,2020,LIC-beauty_salons-3170000-3170000-211-2009-00002,"서울특별시 금천구 시흥대로146길 14, 103호 (독산동)",filled,road:서울 금천구 시흥대로146길 14
미용업,2020,LIC-beauty_salons-3170000-3170000-212-2010-00006,서울특별시 금천구 시흥대로30길 11 (시흥동),filled,road:서울 금천구 시흥대로30길 11
미용업,2020,LIC-beauty_salons-3170000-3170000-217-2011-00001,"서울특별시 금천구 벚꽃로 30, 205동 B109호 (독산동, 금천롯데캐슬골드파크2차)",filled,road:서울 금천구 벚꽃로 30
미용업,2020,LIC-beauty_salons-3180000-3180000-211-1996-00017,"서울특별시 영등포구 영등포로11길 19, 상가동 114호 (양평동1가, 영등포자이 디그니티 아파트)",filled,road:서울 영등포구 영등포로11길 19
미용업,2020,LIC-beauty_salons-3180000-3180000-212-2018-00007,"서울특별시 영등포구 문래로 98, 한영빌딩 303호 (문래동3가)",filled,road:서울 영등포구 문래로 98
미용업,2020,LIC-beauty_salons-3190000-3190000-222-2014-00001,"서울특별시 동작구 장승배기로 70, 동작구청 지상1층 21호 (상도동)",filled,road:서울 동작구 장승배기로 70
미용업,2020,LIC-beauty_salons-3190000-3190000-226-2019-00001,"서울특별시 동작구 사당로26길 89, 1층 (사당동)",filled,road:서울 동작구 사당로26길 89
미용업,2020,LIC-beauty_salons-3200000-3200000-213-2009-00006,"서울특별시 관악구 남부순환로180길 6, 지하1층 B108호 (신림동, 최강타워)",filled,road:서울 관악구 남부순환로180길 6
미용업,2020,LIC-beauty_salons-3210000-3210000-211-2004-00005,"서울특별시 서초구 방배로 104, 202호 (방배동)",filled,road:서울 서초구 방배로 104
미용업,2020,LIC-beauty_salons-3210000-3210000-211-2013-00046,"서울특별시 서초구 반포대로 291, 원베일리 스퀘어 지하1층 B107호 (반포동)",filled,road:서울 서초구 반포대로 291
미용업,2020,LIC-beauty_salons-3210000-3210000-211-2017-00059,"서울특별시 서초구 반포대로 291, 래미안원밸리상가 2층 211,212호 (반포동)",filled,road:서울 서초구 반포대로 291
미용업,2020,LIC-beauty_salons-3210000-3210000-216-2019-00005,"서울특별시 서초구 마방로10길 34-5, 2층 201호 (양재동)",filled,road:서울 서초구 마방로10길 34-5
미용업,2020,LIC-beauty_salons-3220000-3220000-204-2003-00066,"서울특별시 강남구 삼성로58길 29 (대치동,지상1층)",filled,road:서울 강남구 삼성로58길 29
미용업,2020,LIC-beauty_salons-3220000-3220000-221-2019-00002,"서울특별시 강남구 테헤란로 403, 리치타워 10층 1002호 (삼성동)",filled,road:서울 강남구 테헤란로 403
미용업,2020,LIC-beauty_salons-3230000-3230000-211-2004-00028,"서울특별시 송파구 가락로28길 11 (송파동,1층)",filled,road:서울 송파구 가락로28길 11
미용업,2020,LIC-beauty_salons-3230000-3230000-211-2004-00048,"서울특별시 송파구 송파대로 201, A동 202호 (문정동, 송파테라타워2)",filled,road:서울 송파구 송파대로 201
미용업,2020,LIC-beauty_salons-3230000-3230000-211-2009-00078,"서울특별시 송파구 법원로 114, E동 B109호 (문정동, 엠스테이트)",filled,road:서울 송파구 법원로 114
미용업,2020,LIC-beauty_salons-3230000-3230000-211-2010-00042,"서울특별시 송파구 법원로 114, 엠스테이트 E동 지하1층 E-B172호 (문정동)",filled,road:서울 송파구 법원로 114
미용업,2020,LIC-beauty_salons-3230000-3230000-211-2014-00100,"서울특별시 송파구 법원로 128, 문정에스케이브이원지엘메트로시티 제2층 제비218호 (문정동)",filled,road:서울 송파구 법원로 128
미용업,2020,LIC-beauty_salons-3230000-3230000-211-2015-00061,"서울특별시 송파구 법원로4길 10, 힐스테이트에코문정 상가 324호 (문정동)",filled,road:서울 송파구 법원로4길 10
미용업,2020,LIC-beauty_salons-3230000-3230000-211-2017-00012,"서울특별시 송파구 법원로 114, E동 B119,B122호 (문정동, 엠스테이트)",filled,road:서울 송파구 법원로 114
미용업,2020,LIC-beauty_salons-3230000-3230000-211-2017-00019,"서울특별시 송파구 송파대로 167, A동 G144호 (문정동, 문정역 테라타워)",filled,road:서울 송파구 송파대로 167
미용업,2020,LIC-beauty_salons-3230000-3230000-211-2017-00067,"서울특별시 송파구 법원로 114, A동 205호 (문정동, 엠스테이트)",filled,road:서울 송파구 법원로 114
미용업,2020,LIC-beauty_salons-3230000-3230000-211-2017-00094,"서울특별시 송파구 법원로4길 5, 송파법조타운푸르지오시티 1층 131호 (문정동)",filled,road:서울 송파구 법원로4길 5
미용업,2020,LIC-beauty_salons-3230000-3230000-211-2017-00096,"서울특별시 송파구 법원로11길 25, 에이치비지니스파크 A동 1층 118호 (문정동)",filled,road:서울 송파구 법원로11길 25
미용업,2020,LIC-beauty_salons-3230000-3230000-211-2018-00026,"서울특별시 송파구 법원로4길 6, 문정아이파크 3층 302호 (문정동)",filled,road:서울 송파구 법원로4길 6
미용업,2020,LIC-beauty_salons-3230000-3230000-211-2018-00056,"서울특별시 송파구 법원로11길 11, 문정현대지식산업센터1-1 A동 1층 111,112호 (문정동)",filled,road:서울 송파구 법원로11길 11
미용업,2020,LIC-beauty_salons-3230000-3230000-211-2018-00058,"서울특별시 송파구 법원로 128, 문정에스케이브이원지엘메트로시티 C동 2층 213호 (문정동)",filled,road:서울 송파구 법원로 128
미용업,2020,LIC-beauty_salons-3230000-3230000-211-2018-00071,"서울특별시 송파구 법원로11길 11, 문정현대지식산업센터1-1 B동 제1층 157-1호 (문정동)",filled,road:서울 송파구 법원로11길 11
미용업,2020,LIC-beauty_salons-3230000-3230000-211-2018-00095,"서울특별시 송파구 법원로4길 6, 문정아이파크 3층 316,317호 (문정동)",filled,road:서울 송파구 법원로4길 6
미용업,2020,LIC-beauty_salons-3230000-3230000-211-2018-00096,"서울특별시 송파구 법원로 128, 문정에스케이브이원지엘메트로시티 B동 221호 (문정동)",filled,road:서울 송파구 법원로 128
미용업,2020,LIC-beauty_salons-3230000-3230000-211-2019-00038,"서울특별시 송파구 법원로 128, 문정에스케이브이원지엘메트로시티 C동 1층 106호 (문정동)",filled,road:서울 송파구 법원로 128
미용업,2020,LIC-beauty_salons-3230000-3230000-212-2009-00066,"서울특별시 송파구 백제고분로 293, 제우빌딩 인삼사우나 지하1층 (석촌동)",filled,road:서울 송파구 백제고분로 293
미용업,2020,LIC-beauty_salons-3230000-3230000-212-2010-00029,"서울특별시 송파구 오금로29길 2, 1층 (방이동)",filled,road:서울 송파구 오금로29길 2
미용업,2020,LIC-beauty_salons-3230000-3230000-212-2014-00038,"서울특별시 송파구 정의로7길 13, 힐스테이트에코송파 2층 219호 (문정동)",filled,road:서울 송파구 정의로7길 13
미용업,2020,LIC-beauty_salons-3230000-3230000-212-2016-00008,"서울특별시 송파구 법원로 128, 문정에스케이브이원지엘메트로시티 2층 B207호 (문정동)",filled,road:서울 송파구 법원로 128
미용업,2020,LIC-beauty_salons-3230000-3230000-212-2017-00029,"서울특별시 송파구 법원로 114, B동 2층 B-206,207호 (문정동, 엠스테이트)",filled,road:서울 송파구 법원로 114
미용업,2020,LIC-beauty_salons-3230000-3230000-212-2017-00030,"서울특별시 송파구 송파대로 167, A동 A215호 (문정동, 문정역테라타워)",filled,road:서울 송파구 송파대로 167
미용업,2020,LIC-beauty_salons-3230000-3230000-212-2018-00011,"서울특별시 송파구 법원로 114, 엠스테이트 E동 지하2층 B212호 (문정동)",filled,road:서울 송파구 법원로 114
미용업,2020,LIC-beauty_salons-3230000-3230000-212-2018-00012,"서울특별시 송파구 법원로4길 6, 문정아이파크 상가 314호 (문정동)",filled,road:서울 송파구 법원로4길 6
미용업,2020,LIC-beauty_salons-3230000-3230000-212-2018-00017,"서울특별시 송파구 송파대로 145, 문정 오벨리스크 3층 310호,311호 (문정동)",filled,road:서울 송파구 송파대로 145
미용업,2020,LIC-beauty_salons-3230000-3230000-212-2018-00030,"서울특별시 송파구 송파대로 145, 문정 오벨리스크 3층 327호 (문정동)",filled,road:서울 송파구 송파대로 145
미용업,2020,LIC-beauty_salons-3230000-3230000-212-2018-00047,"서울특별시 송파구 법원로4길 6, 문정아이파크 제1동 제2층 220호 (문정동)",filled,road:서울 송파구 법원로4길 6
미용업,2020,LIC-beauty_salons-3230000-3230000-212-2019-00016,"서울특별시 송파구 법원로4길 10, 힐스테이트에코문정 316호 (문정동)",filled,road:서울 송파구 법원로4길 10
미용업,2020,LIC-beauty_salons-3230000-3230000-212-2019-00019,"서울특별시 송파구 법원로4길 5, 송파법조타운푸르지오 3층 304호 (문정동)",filled,road:서울 송파구 법원로4길 5
미용업,2020,LIC-beauty_salons-3230000-3230000-212-2019-00030,"서울특별시 송파구 정의로7길 13, 힐스테이트에코송파 2층 223호 (문정동)",filled,road:서울 송파구 정의로7길 13
미용업,2020,LIC-beauty_salons-3230000-3230000-212-2019-00031,"서울특별시 송파구 법원로8길 13, 302호303호 (문정동)",filled,road:서울 송파구 법원로8길 13
미용업,2020,LIC-beauty_salons-3230000-3230000-212-2019-00033,"서울특별시 송파구 송파대로 145, 문정 오벨리스크 2층 217호 (문정동)",filled,road:서울 송파구 송파대로 145
미용업,2020,LIC-beauty_salons-3230000-3230000-213-2012-00027,"서울특별시 송파구 법원로 128, 문정역SKV1 지하1층 BG109호 (문정동)",filled,road:서울 송파구 법원로 128
미용업,2020,LIC-beauty_salons-3230000-3230000-213-2014-00012,"서울특별시 송파구 법원로 114, 엠스테이트 E동 지하2층 E-B203, 204호 (문정동)",filled,road:서울 송파구 법원로 114
미용업,2020,LIC-beauty_salons-3230000-3230000-213-2017-00006,"서울특별시 송파구 법원로4길 17, 프라비다옥토 1층 102호 P-01호 (문정동)",filled,road:서울 송파구 법원로4길 17
미용업,2020,LIC-beauty_salons-3230000-3230000-213-2018-00007,"서울특별시 송파구 송파대로 201, 송파 테라타워2 1층 B-121호 (문정동)",filled,road:서울 송파구 송파대로 201
미용업,2020,LIC-beauty_salons-3230000-3230000-213-2018-00018,"서울특별시 송파구 송파대로 145, 문정 오벨리스크 307호 (문정동)",filled,road:서울 송파구 송파대로 145
미용업,2020,LIC-beauty_salons-3230000-3230000-213-2018-00023,"서울특별시 송파구 법원로4길 10, 힐스테이트에코문정 3층 320호 (문정동)",filled,road:서울 송파구 법원로4길 10
미용업,2020,LIC-beauty_salons-3230000-3230000-213-2019-00005,"서울특별시 송파구 법원로4길 5, 송파법조타운푸르지오 2층 231호 (문정동)",filled,road:서울 송파구 법원로4길 5
미용업,2020,LIC-beauty_salons-3230000-3230000-215-2017-00001,"서울특별시 송파구 송파대로 167, A동 G141호 (문정동, 문정역 테라타워)",filled,road:서울 송파구 송파대로 167
미용업,2020,LIC-beauty_salons-3230000-3230000-215-2017-00012,"서울특별시 송파구 송파대로 167, A동 지하1층 144호 (문정동, 문정역테라타워)",filled,road:서울 송파구 송파대로 167
미용업,2020,LIC-beauty_salons-3230000-3230000-215-2017-00027,"서울특별시 송파구 법원로4길 6, 문정아이파크 100동 211호 (문정동)",filled,road:서울 송파구 법원로4길 6
미용업,2020,LIC-beauty_salons-3230000-3230000-215-2018-00005,"서울특별시 송파구 법원로4길 6, 문정아이파크 315호 (문정동)",filled,road:서울 송파구 법원로4길 6
미용업,2020,LIC-beauty_salons-3230000-3230000-215-2018-00023,"서울특별시 송파구 법원로4길 5, 송파법조타운푸르지오 311호 (문정동)",filled,road:서울 송파구 법원로4길 5
미용업,2020,LIC-beauty_salons-3230000-3230000-215-2019-00006,"서울특별시 송파구 송파대로 201, 송파 테라타워2 A동 209호 (문정동)",filled,road:서울 송파구 송파대로 201
미용업,2020,LIC-beauty_salons-3230000-3230000-215-2019-00009,"서울특별시 송파구 법원로8길 13, 문정해리움 2층 203호 (문정동)",filled,road:서울 송파구 법원로8길 13
미용업,2020,LIC-beauty_salons-3230000-3230000-215-2019-00013,"서울특별시 송파구 법원로4길 5, 송파법조타운푸르지오 2층 205호 (문정동)",filled,road:서울 송파구 법원로4길 5
미용업,2020,LIC-beauty_salons-3230000-3230000-215-2019-00017,"서울특별시 송파구 송파대로 167, 문정역테라타워 에이동 G116-2호 (문정동)",filled,road:서울 송파구 송파대로 167
미용업,2020,LIC-beauty_salons-3230000-3230000-215-2019-00018,"서울특별시 송파구 법원로 114, 엠스테이트 A동 1층 A-118호 (문정동)",filled,road:서울 송파구 법원로 114
미용업,2020,LIC-beauty_salons-3230000-3230000-215-2019-00027,"서울특별시 송파구 법원로4길 10, 힐스테이트에코문정 2층 226호 (문정동)",filled,road:서울 송파구 법원로4길 10
미용업,2020,LIC-beauty_salons-3230000-3230000-215-2019-00042,"서울특별시 송파구 법원로 128, 지엘메트로시티 지하1층 CG117호 (문정동)",filled,road:서울 송파구 법원로 128
미용업,2020,LIC-beauty_salons-3230000-3230000-215-2019-00043,"서울특별시 송파구 법원로4길 10, 힐스테이트에코문정 3층 328호 (문정동)",filled,road:서울 송파구 법원로4길 10
미용업,2020,LIC-beauty_salons-3230000-3230000-216-2018-00002,"서울특별시 송파구 송파대로 167, 문정역테라타워 에이동 2층 224호 (문정동)",filled,road:서울 송파구 송파대로 167
미용업,2020,LIC-beauty_salons-3230000-3230000-218-2018-00001,"서울특별시 송파구 법원로 128, 문정에스케이브이원지엘메트로시티 지하1층 BG121호 (문정동)",filled,road:서울 송파구 법원로 128
미용업,2020,LIC-beauty_salons-3230000-3230000-218-2018-00003,"서울특별시 송파구 법원로 128, 문정역SKV1 지하1층 BG113호 (문정동)",filled,road:서울 송파구 법원로 128
미용업,2020,LIC-beauty_salons-3230000-3230000-218-2018-00007,"서울특별시 송파구 송파대로 145, 문정 오벨리스크 지하2층 B205,B206호 (문정동)",filled,road:서울 송파구 송파대로 145
미용업,2020,LIC-beauty_salons-3230000-3230000-218-2019-00005,"서울특별시 송파구 법원로4길 10, 힐스테이트에코문정 329호 (문정동)",filled,road:서울 송파구 법원로4길 10
미용업,2020,LIC-beauty_salons-3230000-3230000-218-2019-00006,"서울특별시 송파구 법원로4길 10, 힐스테이트에코문정 2층 225호 (문정동)",filled,road:서울 송파구 법원로4길 10
미용업,2020,LIC-beauty_salons-3230000-3230000-219-2017-00004,"서울특별시 송파구 법원로4길 5, 송파법조타운푸르지오시티 2층 211호 (문정동)",filled,road:서울 송파구 법원로4길 5
미용업,2020,LIC-beauty_salons-3230000-3230000-219-2017-00007,"서울특별시 송파구 법원로4길 6, 문정아이파크 1동 206호 (문정동)",filled,road:서울 송파구 법원로4길 6
미용업,2020,LIC-beauty_salons-3230000-3230000-219-2019-00004,"서울특별시 송파구 송파대로 145, 문정 오벨리스크 304호 (문정동)",filled,road:서울 송파구 송파대로 145
미용업,2020,LIC-beauty_salons-3230000-3230000-219-2019-00009,"서울특별시 송파구 법원로4길 6, 문정아이파크 상가 318호 (문정동)",filled,road:서울 송파구 법원로4길 6
미용업,2020,LIC-beauty_salons-3230000-3230000-221-2018-00004,"서울특별시 송파구 법원로 128, 문정에스케이브이원지엘메트로시티 CG117호 (문정동)",filled,road:서울 송파구 법원로 128
미용업,2020,LIC-beauty_salons-3230000-3230000-221-2019-00001,"서울특별시 송파구 법원로4길 5, 송파법조타운푸르지오시티 지하1층 107호 (문정동)",filled,road:서울 송파구 법원로4길 5
미용업,2020,LIC-beauty_salons-3230000-3230000-225-2017-00002,"서울특별시 송파구 법원로 114, C동 1층 C-105호 (문정동, 엠스테이트)",filled,road:서울 송파구 법원로 114
미용업,2020,LIC-beauty_salons-3230000-3230000-225-2019-00005,"서울특별시 송파구 송파대로 145, 문정 오벨리스크 2층 211,212,213호 (문정동)",filled,road:서울 송파구 송파대로 145
미용업,2020,LIC-beauty_salons-3230000-3230000-225-2019-00006,"서울특별시 송파구 송파대로 145, 문정 오벨리스크 1층 118호 (문정동)",filled,road:서울 송파구 송파대로 145
미용업,2020,LIC-beauty_salons-3230000-3230000-226-2015-00001,"서울특별시 송파구 법원로4길 5, 송파법조타운푸르지오시티 지하1층 B107호 (문정동)",filled,road:서울 송파구 법원로4길 5
미용업,2020,LIC-beauty_salons-3230000-3230000-226-2017-00002,"서울특별시 송파구 법원로 114, B동 2층 204호 (문정동, 엠스테이트)",filled,road:서울 송파구 법원로 114
미용업,2020,LIC-beauty_salons-3240000-3240000-212-2017-00023,"서울특별시 강동구 천호대로 1116, 2층 209호 (성내동, 라이저강동빌딩)",filled,road:서울 강동구 천호대로 1116
미용업,2020,LIC-beauty_salons-3240000-3240000-215-2018-00030,"서울특별시 강동구 천호대로 1024, 힐스테이트 천호역 젠트리스 B동 1008호 (성내동)",filled,road:서울 강동구 천호대로 1024
미용업,2020,LIC-beauty_salons-3240000-3240000-215-2019-00020,"서울특별시 강동구 천호대로 1024, 힐스테이트 천호역 젠트리스 4층 434호 (성내동)",filled,road:서울 강동구 천호대로 1024
미용업,2020,LIC-beauty_salons-3240000-3240000-219-2019-00007,"서울특별시 강동구 천호대로 1024, 힐스테이트 천호역 젠트리스 제3층 331호 (성내동)",filled,road:서울 강동구 천호대로 1024
미용업,2025,LIC-beauty_salons-3010000-3010000-211-1972-00002,서울특별시 중구 황학동 706-714,no_exact_match,
미용업,2025,LIC-beauty_salons-3010000-3010000-211-1977-00002,서울특별시 중구 신당동 239-439,no_exact_match,
미용업,2025,LIC-beauty_salons-3010000-3010000-211-1986-00001,서울특별시 중구 충무로3가 33-4,no_exact_match,
미용업,2025,LIC-beauty_salons-3010000-3010000-211-1988-00009,서울특별시 중구 남대문로5가 171-804,no_exact_match,
미용업,2025,LIC-beauty_salons-3010000-3010000-213-2012-00016,서울특별시 중구 신당동 45 e-편한세상 상가 1층 2-2,no_exact_match,
미용업,2025,LIC-beauty_salons-3030000-3030000-211-1993-00007,서울특별시 성동구 성수동2가 633-4,no_exact_match,
미용업,2025,LIC-beauty_salons-3030000-3030000-211-2013-00004,"서울특별시 성동구 매봉길 13, 지하1층 101호 (옥수동, 래미안 옥수리버젠 상가동)",no_exact_match,
미용업,2025,LIC-beauty_salons-3060000-3060000-204-2009-00050,서울특별시 중랑구 면목동 193-3 지하1층,no_exact_match,
미용업,2025,LIC-beauty_salons-3100000-3100000-204-2000-01344,서울특별시 노원구 상계동 107 현대@상가 305호,no_exact_match,
미용업,2025,LIC-beauty_salons-3110000-3110000-211-2002-00014,서울특별시 은평구 수색동 1 대림한솔타운아파트 210호,no_exact_match,
미용업,2025,LIC-beauty_salons-3110000-3110000-211-2002-00023,서울특별시 은평구 수색동 산 1,no_exact_match,
미용업,2025,LIC-beauty_salons-3160000-3160000-211-2015-00014,"서울특별시 구로구 중앙로8길 10-7, 1층 (고척동)",no_exact_match,
미용업,2025,LIC-beauty_salons-3180000-3180000-211-1990-00001,서울특별시 영등포구 양평동1가 28,no_exact_match,
미용업,2025,LIC-beauty_salons-3000000-3000000-211-1973-00001,서울특별시 종로구 율곡로16길 22 (충신동),filled,road:서울 종로구 율곡로16길 22
미용업,2025,LIC-beauty_salons-3000000-3000000-211-2007-00001,"서울특별시 종로구 평창길 4 (평창동,2층)",filled,road:서울 종로구 평창길 4
미용업,2025,LIC-beauty_salons-3010000-3010000-211-1977-00003,서울특별시 중구 서소문로11길 2-1 (서소문동),filled,road:서울 중구 서소문로11길 2-1
미용업,2025,LIC-beauty_salons-3010000-3010000-211-2017-00005,"서울특별시 중구 다산로 32, 상가2동 124호 (신당동, 남산타운)",filled,road:서울 중구 다산로 32
미용업,2025,LIC-beauty_salons-3010000-3010000-215-2015-00011,"서울특별시 중구 세종대로 30, 신남문빌딩 4층 403호 (남대문로5가)",filled,road:서울 중구 세종대로 30
미용업,2025,LIC-beauty_salons-3010000-3010000-220-2024-00003,"서울특별시 중구 명동4길 21, 2층 (명동2가)",filled,road:서울 중구 명동4길 21
미용업,2025,LIC-beauty_salons-3020000-3020000-211-2019-00005,"서울특별시 용산구 녹사평대로 246, 1층 (이태원동)",filled,road:서울 용산구 녹사평대로 246
미용업,2025,LIC-beauty_salons-3030000-3030000-211-2021-00011,"서울특별시 성동구 왕십리로 363, 2층 201호 (하왕십리동)",filled,road:서울 성동구 왕십리로 363
미용업,2025,LIC-beauty_salons-3030000-3030000-212-2009-00010,"서울특별시 성동구 왕십리로 135, 서울숲아이파크리버포레2차 214동 3층 3118호 (성수동1가)",filled,road:서울 성동구 왕십리로 135
미용업,2025,LIC-beauty_salons-3030000-3030000-212-2024-00019,"서울특별시 성동구 아차산로 104, 스탈릿성수 지1층 E02호 (성수동2가)",filled,road:서울 성동구 아차산로 104
미용업,2025,LIC-beauty_salons-3030000-3030000-213-2001-00029,"서울특별시 성동구 천호대로 244, 2층 2219호 (용답동, 청계 SK VIEW)",filled,road:서울 성동구 천호대로 244
미용업,2025,LIC-beauty_salons-3030000-3030000-218-2016-00010,"서울특별시 성동구 왕십리로 137, 115동 1219호 (성수동1가, 서울숲아이파크리버포레)",filled,road:서울 성동구 왕십리로 137
미용업,2025,LIC-beauty_salons-3030000-3030000-219-2023-00013,"서울특별시 성동구 왕십리로 410, 센트라스 I동 1층 129-1호 (하왕십리동, 센트라스)",filled,road:서울 성동구 왕십리로 410
미용업,2025,LIC-beauty_salons-3030000-3030000-221-2024-00001,"서울특별시 성동구 왕십리로 309, 왕십리역이스타빌 1층 109호 (행당동)",filled,road:서울 성동구 왕십리로 309
미용업,2025,LIC-beauty_salons-3030000-3030000-221-2024-00002,"서울특별시 성동구 왕십리로 410, I동 1층 129-1호 (하왕십리동, 센트라스)",filled,road:서울 성동구 왕십리로 410
미용업,2025,LIC-beauty_salons-3040000-3040000-211-2017-00019,"서울특별시 광진구 아차산로73길 8, 1층 (광장동)",filled,road:서울 광진구 아차산로73길 8
미용업,2025,LIC-beauty_salons-3040000-3040000-211-2017-00055,"서울특별시 광진구 뚝섬로 467, 5동 1층 505호 (자양동)",filled,road:서울 광진구 뚝섬로 467
미용업,2025,LIC-beauty_salons-3040000-3040000-211-2020-00016,"서울특별시 광진구 뚝섬로 628, 3층 (자양동)",filled,road:서울 광진구 뚝섬로 628
미용업,2025,LIC-beauty_salons-3040000-3040000-211-2023-00019,"서울특별시 광진구 뚝섬로 461, 롯데캐슬리버파크시그니처 단지내상가 601호 (자양동)",filled,road:서울 광진구 뚝섬로 461
미용업,2025,LIC-beauty_salons-3040000-3040000-212-2022-00028,"서울특별시 광진구 동일로 212, 지하1층 (군자동)",filled,road:서울 광진구 동일로 212
미용업,2025,LIC-beauty_salons-3040000-3040000-213-2024-00006,"서울특별시 광진구 자양로 55, 101동 102호 (자양동, 자양하늘채 베르)",filled,road:서울 광진구 자양로 55
미용업,2025,LIC-beauty_salons-3040000-3040000-213-2024-00009,"서울특별시 광진구 능동로37길 6, 아지빌딩 301(일부305)호 (중곡동)",filled,road:서울 광진구 능동로37길 6
미용업,2025,LIC-beauty_salons-3040000-3040000-220-2024-00001,"서울특별시 광진구 뚝섬로56길 10, 1층 (자양동)",filled,road:서울 광진구 뚝섬로56길 10
미용업,2025,LIC-beauty_salons-3040000-3040000-222-2023-00001,"서울특별시 광진구 동일로10길 30, 2동 1층 204호 (자양동)",filled,road:서울 광진구 동일로10길 30
미용업,2025,LIC-beauty_salons-3050000-3050000-211-2003-00034,"서울특별시 동대문구 고산자로32길 78, 판매시설동 1층 116,117,118호 (용두동, 청량리역한양수자인그라시엘)",filled,road:서울 동대문구 고산자로32길 78
미용업,2025,LIC-beauty_salons-3050000-3050000-211-2023-00004,"서울특별시 동대문구 무학로 69, e편한세상 청계센트럴포레 상가 상가동 109호 (용두동)",filled,road:서울 동대문구 무학로 69
미용업,2025,LIC-beauty_salons-3050000-3050000-212-2024-00007,"서울특별시 동대문구 고산자로34길 70, 청량리역 해링턴플레이스 6층 640호 (용두동)",filled,road:서울 동대문구 고산자로34길 70
미용업,2025,LIC-beauty_salons-3050000-3050000-212-2024-00020,"서울특별시 동대문구 고산자로34길 70, 청량리역 해링턴플레이스 6층 613호 (용두동)",filled,road:서울 동대문구 고산자로34길 70
미용업,2025,LIC-beauty_salons-3050000-3050000-213-2017-00003,"서울특별시 동대문구 망우로 133, 1층 107호 (휘경동)",filled,road:서울 동대문구 망우로 133
미용업,2025,LIC-beauty_salons-3050000-3050000-213-2022-00024,"서울특별시 동대문구 무학로 69, e편한세상 청계센트럴포레 상가 1층 102호 (용두동)",filled,road:서울 동대문구 무학로 69
미용업,2025,LIC-beauty_salons-3050000-3050000-213-2023-00014,"서울특별시 동대문구 고산자로34길 70, 청량리역 해링턴플레이스 221호 (용두동)",filled,road:서울 동대문구 고산자로34길 70
미용업,2025,LIC-beauty_salons-3050000-3050000-213-2024-00005,"서울특별시 동대문구 고산자로34길 70, 청량리역 해링턴플레이스 3층 308호 (용두동)",filled,road:서울 동대문구 고산자로34길 70
미용업,2025,LIC-beauty_salons-3050000-3050000-213-2024-00010,"서울특별시 동대문구 고산자로34길 70, 청량리역 해링턴플레이스 4층 407호 (용두동)",filled,road:서울 동대문구 고산자로34길 70
미용업,2025,LIC-beauty_salons-3050000-3050000-213-2024-00032,"서울특별시 동대문구 한천로28길 10, 1층 (장안동)",filled,road:서울 동대문구 한천로28길 10
미용업,2025,LIC-beauty_salons-3050000-3050000-215-2021-00011,"서울특별시 동대문구 고산자로34길 70, 청량리역 해링턴플레이스 4층 403호 (용두동)",filled,road:서울 동대문구 고산자로34길 70
미용업,2025,LIC-beauty_salons-3050000-3050000-221-2024-00001,"서울특별시 동대문구 왕산로 186, 청량리역 우남SL타워300 4층 408호 (전농동)",filled,road:서울 동대문구 왕산로 186
미용업,2025,LIC-beauty_salons-3050000-3050000-225-2023-00006,"서울특별시 동대문구 고산자로34길 70, 청량리역 해링턴플레이스 A동 317호 (용두동)",filled,road:서울 동대문구 고산자로34길 70
미용업,2025,LIC-beauty_salons-3060000-3060000-211-2017-00006,"서울특별시 중랑구 망우로 313, 2층 203,204호 (상봉동, 와이 센트럴시티 상봉)",filled,road:서울 중랑구 망우로 313
미용업,2025,LIC-beauty_salons-3060000-3060000-211-2018-00006,"서울특별시 중랑구 봉우재로 200, 성대한교회 1층 (망우동)",filled,road:서울 중랑구 봉우재로 200
미용업,2025,LIC-beauty_salons-3060000-3060000-211-2024-00017,"서울특별시 중랑구 용마산로113길 30, 1층 (망우동)",filled,road:서울 중랑구 용마산로113길 30
미용업,2025,LIC-beauty_salons-3060000-3060000-212-2022-00008,"서울특별시 중랑구 신내로 225, 디아뜨갤러리 505호 (신내동)",filled,road:서울 중랑구 신내로 225
미용업,2025,LIC-beauty_salons-3060000-3060000-213-2001-00001,"서울특별시 중랑구 겸재로40길 14-7, 102동 101,102호 (면목동, 하이원팰리스)",filled,road:서울 중랑구 겸재로40길 14-7
미용업,2025,LIC-beauty_salons-3060000-3060000-213-2020-00017,"서울특별시 중랑구 면목로73길 31, 1층 (면목동)",filled,road:서울 중랑구 면목로73길 31
미용업,2025,LIC-beauty_salons-3060000-3060000-213-2021-00018,"서울특별시 중랑구 망우로 313, 2층 205호 (상봉동, 와이 센트럴시티 상봉)",filled,road:서울 중랑구 망우로 313
미용업,2025,LIC-beauty_salons-3060000-3060000-213-2023-00016,"서울특별시 중랑구 망우로 322, 제3층 제319호 (상봉동, 상봉역 유보라 퍼스트리브&포스퀘어)",filled,road:서울 중랑구 망우로 322
미용업,2025,LIC-beauty_salons-3060000-3060000-215-2020-00011,"서울특별시 중랑구 망우로 313, 2층 207호 (상봉동, 와이 센트럴시티 상봉)",filled,road:서울 중랑구 망우로 313
미용업,2025,LIC-beauty_salons-3070000-3070000-211-1989-00003,서울특별시 성북구 동소문로47가길 1-1 (길음동),filled,road:서울 성북구 동소문로 47
미용업,2025,LIC-beauty_salons-3070000-3070000-211-1990-00007,서울특별시 성북구 서경로 81 (정릉동),filled,road:서울 성북구 서경로 81
미용업,2025,LIC-beauty_salons-3070000-3070000-211-2004-00028,"서울특별시 성북구 화랑로19길 81, 1층 (장위동)",filled,road:서울 성북구 화랑로19길 81
미용업,2025,LIC-beauty_salons-3070000-3070000-211-2013-00023,"서울특별시 성북구 성북로4길 52, 417동 1532호 (돈암동, 한진한신아파트상가)",filled,road:서울 성북구 성북로4길 52
미용업,2025,LIC-beauty_salons-3070000-3070000-211-2018-00025,"서울특별시 성북구 고려대로27길 17, 2층 (안암동5가)",filled,road:서울 성북구 고려대로27길 17
미용업,2025,LIC-beauty_salons-3070000-3070000-212-2013-00008,서울특별시 성북구 돌곶이로22길 50 (석관동),filled,road:서울 성북구 돌곶이로22길 50
미용업,2025,LIC-beauty_salons-3070000-3070000-213-1976-00006,서울특별시 성북구 보문로25길 8 (보문동2가),filled,road:서울 성북구 보문로25길 8
미용업,2025,LIC-beauty_salons-3070000-3070000-219-2024-00012,"서울특별시 성북구 보문로38길 11, 123호 (동소문동5가, 돈암 동일하이빌)",filled,road:서울 성북구 보문로38길 11
미용업,2025,LIC-beauty_salons-3080000-3080000-211-1997-00004,서울특별시 강북구 도봉로30길 38 (미아동),filled,road:서울 강북구 도봉로30길 38
미용업,2025,LIC-beauty_salons-3080000-3080000-212-2022-00010,"서울특별시 강북구 인수봉로 178-1, 1층 (수유동)",filled,road:서울 강북구 인수봉로 178-1
미용업,2025,LIC-beauty_salons-3090000-3090000-211-2010-00011,서울특별시 도봉구 도봉로109길 26 (쌍문동),filled,road:서울 도봉구 도봉로109길 26
미용업,2025,LIC-beauty_salons-3090000-3090000-211-2020-00013,"서울특별시 도봉구 도봉로167길 7, 101호 (도봉동, 행운빌라)",filled,road:서울 도봉구 도봉로167길 7
미용업,2025,LIC-beauty_salons-3090000-3090000-218-2016-00005,"서울특별시 도봉구 덕릉로60다길 33, 지상1층 (창동)",filled,road:서울 도봉구 덕릉로60다길 33
미용업,2025,LIC-beauty_salons-3100000-3100000-204-1980-00489,"서울특별시 노원구 상계로 297-3 (상계동, 지상1층)",filled,road:서울 노원구 상계로 297-3
미용업,2025,LIC-beauty_salons-3100000-3100000-204-1988-00433,서울특별시 노원구 초안산로2라길 42 (월계동),filled,road:서울 노원구 초안산로 2
미용업,2025,LIC-beauty_salons-3100000-3100000-211-2015-00029,"서울특별시 노원구 상계로35길 10, A동 1층 105호 (상계동, 형제아트빌)",filled,road:서울 노원구 상계로35길 10
미용업,2025,LIC-beauty_salons-3100000-3100000-211-2022-00018,"서울특별시 노원구 한글비석로46길 30, 1층 우측호 (상계동)",filled,road:서울 노원구 한글비석로46길 30
미용업,2025,LIC-beauty_salons-3100000-3100000-212-2015-00031,"서울특별시 노원구 동일로178길 11-21, 2층 (공릉동)",filled,road:서울 노원구 동일로178길 11-21
미용업,2025,LIC-beauty_salons-3100000-3100000-213-2022-00014,"서울특별시 노원구 동일로237가길 49, 진우라이프 1층 좌측호 (상계동)",filled,road:서울 노원구 동일로237가길 49
미용업,2025,LIC-beauty_salons-3100000-3100000-219-2024-00001,"서울특별시 노원구 동일로 1426, 미도빌딩 5층 502-1호 (상계동)",filled,road:서울 노원구 동일로 1426
미용업,2025,LIC-beauty_salons-3110000-3110000-211-1977-00002,"서울특별시 은평구 갈현로7가길 10, 대한예수교장로회 제일영광교회 1층 (역촌동)",filled,road:서울 은평구 갈현로7가길 10
미용업,2025,LIC-beauty_salons-3110000-3110000-211-1993-00012,"서울특별시 은평구 통일로 767, 401동 1층 116호 (대조동, 베르디움STAY1)",filled,road:서울 은평구 통일로 767
미용업,2025,LIC-beauty_salons-3110000-3110000-211-2009-00016,"서울특별시 은평구 진관3로 21, 101동 126호 (진관동)",filled,road:서울 은평구 진관3로 21
미용업,2025,LIC-beauty_salons-3110000-3110000-211-2010-00027,"서울특별시 은평구 진관3로 77 (진관동,은평뉴타운구파발 923동 상가101호)",filled,road:서울 은평구 진관3로 77
미용업,2025,LIC-beauty_salons-3110000-3110000-211-2010-00057,"서울특별시 은평구 진관3로 67 (진관동,은평뉴타운구파발 911동 상가102호)",filled,road:서울 은평구 진관3로 67
미용업,2025,LIC-beauty_salons-3110000-3110000-211-2012-00055,"서울특별시 은평구 서오릉로11길 28, 1층 (구산동)",filled,road:서울 은평구 서오릉로11길 28
미용업,2025,LIC-beauty_salons-3110000-3110000-211-2012-00074,"서울특별시 은평구 북한산로 2, 1층 103호 (진관동, 은평뉴타운 구파발제상가동)",filled,road:서울 은평구 북한산로 2
미용업,2025,LIC-beauty_salons-3110000-3110000-211-2012-00078,"서울특별시 은평구 진관3로 15-45, 1011동 104호 (진관동, (은평뉴타운구파발 상가))",filled,road:서울 은평구 진관3로 15-45
미용업,2025,LIC-beauty_salons-3110000-3110000-211-2012-00079,"서울특별시 은평구 진관3로 33, 1층 127호 (진관동, 은평뉴타운 꿈에그린)",filled,road:서울 은평구 진관3로 33
미용업,2025,LIC-beauty_salons-3110000-3110000-211-2013-00034,서울특별시 은평구 진관3로 67 (진관동),filled,road:서울 은평구 진관3로 67
미용업,2025,LIC-beauty_salons-3110000-3110000-211-2013-00052,"서울특별시 은평구 연서로44길 55, 426동 1층 상가102호 (진관동, 은평뉴타운 폭포동)",filled,road:서울 은평구 연서로44길 55
미용업,2025,LIC-beauty_salons-3110000-3110000-211-2015-00013,"서울특별시 은평구 연서로 487, 528동 지상1층 104-2호 (진관동, 은평뉴타운 제말각)",filled,road:서울 은평구 연서로 487
미용업,2025,LIC-beauty_salons-3110000-3110000-211-2015-00072,"서울특별시 은평구 진관2로 15-46, 3층 301~303호 (진관동)",filled,road:서울 은평구 진관2로 15-46
미용업,2025,LIC-beauty_salons-3110000-3110000-211-2016-00073,"서울특별시 은평구 진관3로 15-45, 1012동 지상1층 102호 (진관동, 은평뉴타운구파발)",filled,road:서울 은평구 진관3로 15-45
미용업,2025,LIC-beauty_salons-3110000-3110000-211-2017-00027,"서울특별시 은평구 진관3로 11, 2층 201,202호 (진관동)",filled,road:서울 은평구 진관3로 11
미용업,2025,LIC-beauty_salons-3110000-3110000-211-2017-00060,"서울특별시 은평구 진관3로 21, 101동동 102호호 (진관동)",filled,road:서울 은평구 진관3로 21
미용업,2025,LIC-beauty_salons-3110000-3110000-211-2018-00016,"서울특별시 은평구 진관3로 22, 2층 201호 (진관동)",filled,road:서울 은평구 진관3로 22
미용업,2025,LIC-beauty_salons-3110000-3110000-211-2019-00008,"서울특별시 은평구 통일로 1030, 은평헤스티아 2층 204호 (진관동)",filled,road:서울 은평구 통일로 1030
미용업,2025,LIC-beauty_salons-3110000-3110000-211-2019-00051,"서울특별시 은평구 통일로 1010, 아이파크포레스트게이트 지2층 B229호 (진관동)",filled,road:서울 은평구 통일로 1010
미용업,2025,LIC-beauty_salons-3110000-3110000-211-2020-00014,"서울특별시 은평구 응암로 258, 1층 103호 (응암동)",filled,road:서울 은평구 응암로 258
미용업,2025,LIC-beauty_salons-3110000-3110000-211-2021-00019,"서울특별시 은평구 진관3로 77, 916동 1층 105호 (진관동, 은평뉴타운 구파발)",filled,road:서울 은평구 진관3로 77
미용업,2025,LIC-beauty_salons-3110000-3110000-211-2021-00030,"서울특별시 은평구 진관3로 67, 909동 상가106호 (진관동, 은평뉴타운 구파발)",filled,road:서울 은평구 진관3로 67
미용업,2025,LIC-beauty_salons-3110000-3110000-211-2022-00043,"서울특별시 은평구 진관3로 33, 1층 125호 (진관동, 은평뉴타운 꿈에그린)",filled,road:서울 은평구 진관3로 33
미용업,2025,LIC-beauty_salons-3110000-3110000-211-2023-00007,"서울특별시 은평구 진관3로 33, 상가동 제1층 135호 (진관동, 은평뉴타운 꿈에그린)",filled,road:서울 은평구 진관3로 33
미용업,2025,LIC-beauty_salons-3110000-3110000-211-2023-00008,"서울특별시 은평구 진관3로 67, 914동 상가101호 (진관동, 은평뉴타운 구파발)",filled,road:서울 은평구 진관3로 67
미용업,2025,LIC-beauty_salons-3110000-3110000-211-2023-00012,"서울특별시 은평구 통일로 767, 제401동 제1층 제122호 (대조동, 베르디움STAY1)",filled,road:서울 은평구 통일로 767
미용업,2025,LIC-beauty_salons-3110000-3110000-211-2023-00016,"서울특별시 은평구 통일로 767, 401동 2층 216호 (대조동, 베르디움STAY1)",filled,road:서울 은평구 통일로 767
미용업,2025,LIC-beauty_salons-3110000-3110000-211-2023-00027,"서울특별시 은평구 통일로 1010, 아이파크포레스트게이트 지하1층 B108호 (진관동)",filled,road:서울 은평구 통일로 1010
미용업,2025,LIC-beauty_salons-3110000-3110000-211-2024-00005,"서울특별시 은평구 진관3로 67, 909동 1층 상가103호 우측호 (진관동, 은평뉴타운 구파발)",filled,road:서울 은평구 진관3로 67
미용업,2025,LIC-beauty_salons-3110000-3110000-211-2024-00018,"서울특별시 은평구 연서로18길 4, 1층 좌측호 (대조동)",filled,road:서울 은평구 연서로18길 4
미용업,2025,LIC-beauty_salons-3110000-3110000-211-2024-00024,"서울특별시 은평구 진관3로 67, 909동 1층 상가112호 (진관동, 은평뉴타운 구파발)",filled,road:서울 은평구 진관3로 67
미용업,2025,LIC-beauty_salons-3110000-3110000-211-2024-00026,"서울특별시 은평구 통일로 767, 401동 2층 213호 (대조동, 베르디움STAY1)",filled,road:서울 은평구 통일로 767
미용업,2025,LIC-beauty_salons-3110000-3110000-212-2010-00006,"서울특별시 은평구 연서로 487, 528동 1층 102 우측호 (진관동, 은평뉴타운제각말)",filled,road:서울 은평구 연서로 487
미용업,2025,LIC-beauty_salons-3110000-3110000-212-2011-00021,"서울특별시 은평구 진관3로 15-45, 1012동 상가103호 (진관동, 금호아파트)",filled,road:서울 은평구 진관3로 15-45
미용업,2025,LIC-beauty_salons-3110000-3110000-212-2015-00004,"서울특별시 은평구 진관3로 77, 922동 103호 (진관동)",filled,road:서울 은평구 진관3로 77
미용업,2025,LIC-beauty_salons-3110000-3110000-212-2018-00011,"서울특별시 은평구 진관3로 21, 은평뉴타운 엘크루 101동 207호 (진관동)",filled,road:서울 은평구 진관3로 21
미용업,2025,LIC-beauty_salons-3110000-3110000-212-2018-00020,"서울특별시 은평구 진관3로 33, 은평뉴타운꿈에그린 1층 103호 (진관동)",filled,road:서울 은평구 진관3로 33
미용업,2025,LIC-beauty_salons-3110000-3110000-212-2021-00015,"서울특별시 은평구 진관3로 15-45, 상가 1012동 104호 (진관동, 은평뉴타운 구파발)",filled,road:서울 은평구 진관3로 15-45
미용업,2025,LIC-beauty_salons-3110000-3110000-212-2022-00012,"서울특별시 은평구 진관3로 67, 911동 상가 106(일부)호 (진관동, 은평뉴타운 구파발)",filled,road:서울 은평구 진관3로 67
미용업,2025,LIC-beauty_salons-3110000-3110000-212-2022-00017,"서울특별시 은평구 통일로 1010, 아이파크포레스트게이트 제지1층 제비103, 제비104호 (진관동)",filled,road:서울 은평구 통일로 1010
미용업,2025,LIC-beauty_salons-3110000-3110000-212-2023-00003,"서울특별시 은평구 진관1로 21-35, 어드벤스힐오피스텔 제2층 제203호 (진관동)",filled,road:서울 은평구 진관1로 21-35
미용업,2025,LIC-beauty_salons-3110000-3110000-212-2023-00006,"서울특별시 은평구 진관3로 33, 제1층 제117호 (진관동, 은평뉴타운 꿈에그린)",filled,road:서울 은평구 진관3로 33
미용업,2025,LIC-beauty_salons-3110000-3110000-212-2024-00003,"서울특별시 은평구 통일로 1020, 은평뉴타운 신한 헤센스마트 지하1층 제L208호 (진관동)",filled,road:서울 은평구 통일로 1020
미용업,2025,LIC-beauty_salons-3110000-3110000-213-2018-00001,"서울특별시 은평구 진관3로 33, 1층 102호 (진관동)",filled,road:서울 은평구 진관3로 33
미용업,2025,LIC-beauty_salons-3110000-3110000-213-2023-00011,"서울특별시 은평구 진관3로 21, 101동 1층 118호 (진관동, 은평뉴타운엘크루)",filled,road:서울 은평구 진관3로 21
미용업,2025,LIC-beauty_salons-3110000-3110000-213-2023-00017,"서울특별시 은평구 진관3로 33, 1층 116호 (진관동, 은평뉴타운 꿈에그린)",filled,road:서울 은평구 진관3로 33
미용업,2025,LIC-beauty_salons-3110000-3110000-213-2024-00011,"서울특별시 은평구 통일로 767, 401동 B1층 B105호 (대조동, 베르디움STAY1)",filled,road:서울 은평구 통일로 767
미용업,2025,LIC-beauty_salons-3110000-3110000-215-2021-00007,"서울특별시 은평구 통일로 1010, 아이파크포레스트게이트 제지2층 제비230호 (진관동)",filled,road:서울 은평구 통일로 1010
미용업,2025,LIC-beauty_salons-3110000-3110000-215-2023-00015,"서울특별시 은평구 통일로 767, 401동 2층 214호 (대조동, 베르디움STAY1)",filled,road:서울 은평구 통일로 767
미용업,2025,LIC-beauty_salons-3110000-3110000-215-2023-00016,"서울특별시 은평구 통일로 767, 제401동 제1층 제120호 (대조동, 베르디움STAY1)",filled,road:서울 은평구 통일로 767
미용업,2025,LIC-beauty_salons-3110000-3110000-215-2023-00018,"서울특별시 은평구 통일로 767, 401동 2층 227-1호 (대조동, 베르디움STAY1)",filled,road:서울 은평구 통일로 767
미용업,2025,LIC-beauty_salons-3110000-3110000-215-2023-00019,"서울특별시 은평구 통일로 767, 제401동 제1층 제114호 (대조동, 베르디움STAY1)",filled,road:서울 은평구 통일로 767
미용업,2025,LIC-beauty_salons-3110000-3110000-215-2024-00010,"서울특별시 은평구 진관3로 67, 909동 1층 상가103호 좌측호 (진관동, 은평뉴타운 구파발)",filled,road:서울 은평구 진관3로 67
미용업,2025,LIC-beauty_salons-3110000-3110000-218-2015-00007,"서울특별시 은평구 통일로 767, 401동 지하1층 B102호 (대조동, 베르디움STAY1)",filled,road:서울 은평구 통일로 767
미용업,2025,LIC-beauty_salons-3110000-3110000-221-2019-00001,"서울특별시 은평구 통일로 1022, 은평헤스티아2차 제지1층 b108호 (진관동)",filled,road:서울 은평구 통일로 1022
미용업,2025,LIC-beauty_salons-3110000-3110000-221-2024-00003,"서울특별시 은평구 통일로 767, 401동 지1층 B126호 (대조동, 베르디움STAY1)",filled,road:서울 은평구 통일로 767
미용업,2025,LIC-beauty_salons-3110000-3110000-222-2024-00002,"서울특별시 은평구 통일로 767, 401동 지1층 B109호 (대조동, 베르디움STAY1)",filled,road:서울 은평구 통일로 767
미용업,2025,LIC-beauty_salons-3120000-3120000-211-2015-00009,"서울특별시 서대문구 이화여대2가길 3, 1층 (대현동)",filled,road:서울 서대문구 이화여대2가길 3
미용업,2025,LIC-beauty_salons-3120000-3120000-211-2022-00011,"서울특별시 서대문구 신촌로 231, 백상빌딩 1층 105호 (북아현동)",filled,road:서울 서대문구 신촌로 231
미용업,2025,LIC-beauty_salons-3120000-3120000-212-1988-00002,"서울특별시 서대문구 이화여대2가길 3, 2층 (대현동)",filled,road:서울 서대문구 이화여대2가길 3
미용업,2025,LIC-beauty_salons-3130000-3130000-204-1982-00932,"서울특별시 마포구 도화4길 13, 1층 (도화동)",filled,road:서울 마포구 도화4길 13
미용업,2025,LIC-beauty_salons-3130000-3130000-211-2020-00084,"서울특별시 마포구 마포대로24길 4, 공덕자이아파트 상가 상가1동 206호 (아현동)",filled,road:서울 마포구 마포대로24길 4
미용업,2025,LIC-beauty_salons-3130000-3130000-211-2021-00082,"서울특별시 마포구 홍익로 25, 2층 C02호 (서교동)",filled,road:서울 마포구 홍익로 25
미용업,2025,LIC-beauty_salons-3130000-3130000-211-2022-00005,"서울특별시 마포구 성미산로 24, Yohan house 1층 (성산동)",filled,road:서울 마포구 성미산로 24
미용업,2025,LIC-beauty_salons-3130000-3130000-211-2024-00032,"서울특별시 마포구 마포대로24길 4, 공덕자이아파트 상가 101동 105호 (아현동)",filled,road:서울 마포구 마포대로24길 4
미용업,2025,LIC-beauty_salons-3130000-3130000-212-2014-00018,"서울특별시 마포구 신촌로 190-22, 3층 304호 (염리동)",filled,road:서울 마포구 신촌로 190-22
미용업,2025,LIC-beauty_salons-3130000-3130000-212-2022-00022,"서울특별시 마포구 독막로 256, 2층 (대흥동)",filled,road:서울 마포구 독막로 256
미용업,2025,LIC-beauty_salons-3130000-3130000-215-2018-00024,"서울특별시 마포구 월드컵북로 18, 1층 (동교동)",filled,road:서울 마포구 월드컵북로 18
미용업,2025,LIC-beauty_salons-3130000-3130000-215-2020-00016,"서울특별시 마포구 토정로35길 18, 제101동 1층 제110호 (용강동)",filled,road:서울 마포구 토정로35길 18
미용업,2025,LIC-beauty_salons-3130000-3130000-215-2024-00026,"서울특별시 마포구 포은로6길 11-3, 1층 (망원동)",filled,road:서울 마포구 포은로6길 11-3
미용업,2025,LIC-beauty_salons-3130000-3130000-219-2023-00012,"서울특별시 마포구 월드컵로7길 91, 지하층 101호 (합정동)",filled,road:서울 마포구 월드컵로7길 91
미용업,2025,LIC-beauty_salons-3130000-3130000-225-2023-00006,"서울특별시 마포구 광성로 41-1, 2층 3층 (신수동)",filled,road:서울 마포구 광성로 41-1
미용업,2025,LIC-beauty_salons-3130000-3130000-225-2023-00021,"서울특별시 마포구 광성로 41-1, 2층 (신수동)",filled,road:서울 마포구 광성로 41-1
미용업,2025,LIC-beauty_salons-3140000-3140000-211-2005-00013,"서울특별시 양천구 중앙로45길 24, 1층 상가우측호 (신정동)",filled,road:서울 양천구 중앙로45길 24
미용업,2025,LIC-beauty_salons-3140000-3140000-211-2018-00018,"서울특별시 양천구 신목로 102, 대경프라자 2층 204,205호 (목동)",filled,road:서울 양천구 신목로 102
미용업,2025,LIC-beauty_salons-3150000-3150000-211-2020-00118,"서울특별시 강서구 공항대로 103, 판매시설4동 1층 103호 (마곡동, 마곡 엠밸리 9단지)",filled,road:서울 강서구 공항대로 103
미용업,2025,LIC-beauty_salons-3150000-3150000-211-2021-00039,"서울특별시 강서구 공항대로 103, 판매시설2동 101-1호 (마곡동, 마곡 엠밸리 9단지)",filled,road:서울 강서구 공항대로 103
미용업,2025,LIC-beauty_salons-3150000-3150000-211-2022-00055,"서울특별시 강서구 마곡서1로 146, 상가동 104호 (마곡동, 마곡엠밸리2단지)",filled,road:서울 강서구 마곡서1로 146
미용업,2025,LIC-beauty_salons-3150000-3150000-211-2023-00013,"서울특별시 강서구 강서로 455, 마곡경동미르웰 102동 102호 (마곡동)",filled,road:서울 강서구 강서로 455
미용업,2025,LIC-beauty_salons-3150000-3150000-211-2024-00069,"서울특별시 강서구 화곡로54길 43, 근린생활시설동 2층 211호 (화곡동, 강서금호어울림퍼스티어)",filled,road:서울 강서구 화곡로54길 43
미용업,2025,LIC-beauty_salons-3150000-3150000-215-2018-00009,"서울특별시 강서구 강서로 455, 마곡경동미르웰 101동 1층 112호 (마곡동)",filled,road:서울 강서구 강서로 455
미용업,2025,LIC-beauty_salons-3150000-3150000-215-2022-00015,"서울특별시 강서구 마곡중앙4로 22, 파인스퀘어 A동 2층 218호 (마곡동)",filled,road:서울 강서구 마곡중앙4로 22
미용업,2025,LIC-beauty_salons-3150000-3150000-222-2019-00010,"서울특별시 강서구 양천로 620, 복합시설동 229호 (등촌동, 등촌 지와인 아파트, 비즈니스센터)",filled,road:서울 강서구 양천로 620
미용업,2025,LIC-beauty_salons-3150000-3150000-226-2018-00003,"서울특별시 강서구 월정로 160, 상가동 101호 (화곡동, 화곡대림아파트)",filled,road:서울 강서구 월정로 160
미용업,2025,LIC-beauty_salons-3160000-3160000-211-2014-00020,"서울특별시 구로구 경인로31길 88, 1층 (개봉동)",filled,road:서울 구로구 경인로31길 88
미용업,2025,LIC-beauty_salons-3160000-3160000-211-2015-00008,"서울특별시 구로구 오리로 1102-10, 상가동 1층 105호 (천왕동, 천왕연지타운 2단지)",filled,road:서울 구로구 오리로 1102-10
미용업,2025,LIC-beauty_salons-3160000-3160000-211-2016-00059,"서울특별시 구로구 오류로 30, 1층 1-4호 (오류동, 천왕역광역환승센터 지상1층 근린시설 1-4호)",filled,road:서울 구로구 오류로 30
미용업,2025,LIC-beauty_salons-3160000-3160000-211-2018-00021,"서울특별시 구로구 구로동로22길 5-26, 1층 (구로동)",filled,road:서울 구로구 구로동로22길 5-26
미용업,2025,LIC-beauty_salons-3160000-3160000-211-2019-00037,"서울특별시 구로구 신도림로21길 25, 상가동 104호 (신도림동, 신도림우성3차아파트)",filled,road:서울 구로구 신도림로21길 25
미용업,2025,LIC-beauty_salons-3160000-3160000-211-2019-00039,"서울특별시 구로구 개봉로19길 11, 110호 (개봉동, 세이지움 개봉)",filled,road:서울 구로구 개봉로19길 11
미용업,2025,LIC-beauty_salons-3160000-3160000-211-2023-00019,"서울특별시 구로구 고척로60길 13, 101호 (고척동)",filled,road:서울 구로구 고척로60길 13
미용업,2025,LIC-beauty_salons-3170000-3170000-211-2009-00002,"서울특별시 금천구 시흥대로146길 14, 103호 (독산동)",filled,road:서울 금천구 시흥대로146길 14
미용업,2025,LIC-beauty_salons-3170000-3170000-212-2010-00006,서울특별시 금천구 시흥대로30길 11 (시흥동),filled,road:서울 금천구 시흥대로30길 11
미용업,2025,LIC-beauty_salons-3170000-3170000-217-2011-00001,"서울특별시 금천구 벚꽃로 30, 205동 B109호 (독산동, 금천롯데캐슬골드파크2차)",filled,road:서울 금천구 벚꽃로 30
미용업,2025,LIC-beauty_salons-3170000-3170000-219-2023-00007,"서울특별시 금천구 시흥대로 315, 금천롯데캐슬골드파크4차 960동 202호 (독산동)",filled,road:서울 금천구 시흥대로 315
미용업,2025,LIC-beauty_salons-3180000-3180000-211-1996-00017,"서울특별시 영등포구 영등포로11길 19, 상가동 114호 (양평동1가, 영등포자이 디그니티 아파트)",filled,road:서울 영등포구 영등포로11길 19
미용업,2025,LIC-beauty_salons-3180000-3180000-211-2020-00001,"서울특별시 영등포구 신풍로 28, B202호 (신길동, 비스타동원)",filled,road:서울 영등포구 신풍로 28
미용업,2025,LIC-beauty_salons-3180000-3180000-211-2023-00004,"서울특별시 영등포구 시흥대로 625, 근생시설동 102호 (대림동)",filled,road:서울 영등포구 시흥대로 625
미용업,2025,LIC-beauty_salons-3180000-3180000-211-2023-00035,"서울특별시 영등포구 국제금융로 39, 3층 304호 (여의도동)",filled,road:서울 영등포구 국제금융로 39
미용업,2025,LIC-beauty_salons-3180000-3180000-211-2024-00017,"서울특별시 영등포구 당산로 83, 1층 102호 (당산동2가, 한화포레나당산)",filled,road:서울 영등포구 당산로 83
미용업,2025,LIC-beauty_salons-3180000-3180000-211-2024-00032,"서울특별시 영등포구 신풍로 28, B1층 135호 (신길동, 비스타동원)",filled,road:서울 영등포구 신풍로 28
미용업,2025,LIC-beauty_salons-3180000-3180000-212-2018-00007,"서울특별시 영등포구 문래로 98, 한영빌딩 303호 (문래동3가)",filled,road:서울 영등포구 문래로 98
미용업,2025,LIC-beauty_salons-3180000-3180000-212-2022-00015,"서울특별시 영등포구 당산로33길 17, 502호 (당산동3가)",filled,road:서울 영등포구 당산로33길 17
미용업,2025,LIC-beauty_salons-3180000-3180000-212-2024-00005,"서울특별시 영등포구 당산로33길 17, 포제이빌딩 6층 602호 (당산동3가)",filled,road:서울 영등포구 당산로33길 17
미용업,2025,LIC-beauty_salons-3180000-3180000-212-2024-00018,"서울특별시 영등포구 국회대로 574, K574빌딩 4층 401호 (당산동3가)",filled,road:서울 영등포구 국회대로 574
미용업,2025,LIC-beauty_salons-3180000-3180000-213-2020-00006,"서울특별시 영등포구 당산로33길 17, 502호 (당산동3가)",filled,road:서울 영등포구 당산로33길 17
미용업,2025,LIC-beauty_salons-3180000-3180000-213-2024-00021,"서울특별시 영등포구 신풍로 28, B223호 (신길동, 비스타동원)",filled,road:서울 영등포구 신풍로 28
미용업,2025,LIC-beauty_salons-3180000-3180000-221-2022-00002,서울특별시 영등포구 대방천로 191 (신길동),filled,road:서울 영등포구 대방천로 191
미용업,2025,LIC-beauty_salons-3190000-3190000-222-2014-00001,"서울특별시 동작구 장승배기로 70, 동작구청 지상1층 21호 (상도동)",filled,road:서울 동작구 장승배기로 70
미용업,2025,LIC-beauty_salons-3190000-3190000-226-2019-00001,"서울특별시 동작구 사당로26길 89, 1층 (사당동)",filled,road:서울 동작구 사당로26길 89
미용업,2025,LIC-beauty_salons-3200000-3200000-212-2023-00001,"서울특별시 관악구 관악로 210-12, 1층 (봉천동)",filled,road:서울 관악구 관악로 210-12
미용업,2025,LIC-beauty_salons-3200000-3200000-213-2009-00006,"서울특별시 관악구 남부순환로180길 6, 지하1층 B108호 (신림동, 최강타워)",filled,road:서울 관악구 남부순환로180길 6
미용업,2025,LIC-beauty_salons-3200000-3200000-213-2023-00034,"서울특별시 관악구 관악로 210-12, 1층 (봉천동)",filled,road:서울 관악구 관악로 210-12
미용업,2025,LIC-beauty_salons-3200000-3200000-217-2022-00004,"서울특별시 관악구 난곡로 358, 2층 (신림동)",filled,road:서울 관악구 난곡로 358
미용업,2025,LIC-beauty_salons-3200000-3200000-219-2022-00002,"서울특별시 관악구 과천대로 939, 르메이에르강남타운2차 4층 409-1호 (남현동)",filled,road:서울 관악구 과천대로 939
미용업,2025,LIC-beauty_salons-3200000-3200000-219-2023-00003,"서울특별시 관악구 양녕로2길 26, The K Ville 지하1층 b01호 (봉천동)",filled,road:서울 관악구 양녕로2길 26
미용업,2025,LIC-beauty_salons-3210000-3210000-211-2004-00005,"서울특별시 서초구 방배로 104, 202호 (방배동)",filled,road:서울 서초구 방배로 104
미용업,2025,LIC-beauty_salons-3210000-3210000-211-2013-00046,"서울특별시 서초구 반포대로 291, 원베일리 스퀘어 지하1층 B107호 (반포동)",filled,road:서울 서초구 반포대로 291
미용업,2025,LIC-beauty_salons-3210000-3210000-211-2017-00059,"서울특별시 서초구 반포대로 291, 래미안원밸리상가 2층 211,212호 (반포동)",filled,road:서울 서초구 반포대로 291
미용업,2025,LIC-beauty_salons-3210000-3210000-211-2023-00041,"서울특별시 서초구 반포대로 291, 238, 239, 240호 2층 (반포동)",filled,road:서울 서초구 반포대로 291
미용업,2025,LIC-beauty_salons-3210000-3210000-211-2024-00007,"서울특별시 서초구 반포대로 291, 원베일리 스퀘어 1층 124호 (반포동)",filled,road:서울 서초구 반포대로 291
미용업,2025,LIC-beauty_salons-3210000-3210000-212-2023-00024,"서울특별시 서초구 반포대로 291, 원베일리 스퀘어 342호 (반포동)",filled,road:서울 서초구 반포대로 291
미용업,2025,LIC-beauty_salons-3210000-3210000-213-2023-00023,"서울특별시 서초구 반포대로 291, 원베일리 스퀘어 지하1층 B112,B113,B114,B115호 (반포동)",filled,road:서울 서초구 반포대로 291
미용업,2025,LIC-beauty_salons-3210000-3210000-213-2023-00024,"서울특별시 서초구 반포대로 291, 원베일리 스퀘어 지하1층 B170,B171,B172호 (반포동)",filled,road:서울 서초구 반포대로 291
미용업,2025,LIC-beauty_salons-3210000-3210000-215-2023-00017,"서울특별시 서초구 반포대로 291, 2층 215호 (반포동)",filled,road:서울 서초구 반포대로 291
미용업,2025,LIC-beauty_salons-3210000-3210000-216-2019-00005,"서울특별시 서초구 마방로10길 34-5, 2층 201호 (양재동)",filled,road:서울 서초구 마방로10길 34-5
미용업,2025,LIC-beauty_salons-3220000-3220000-204-2003-00066,"서울특별시 강남구 삼성로58길 29 (대치동,지상1층)",filled,road:서울 강남구 삼성로58길 29
미용업,2025,LIC-beauty_salons-3220000-3220000-211-2023-00008,"서울특별시 강남구 강남대로160길 47, 지상2층 201호 (신사동)",filled,road:서울 강남구 강남대로160길 47
미용업,2025,LIC-beauty_salons-3220000-3220000-212-2021-00035,"서울특별시 강남구 학동로 335, 다른타워 지상2층 (논현동)",filled,road:서울 강남구 학동로 335
미용업,2025,LIC-beauty_salons-3220000-3220000-212-2023-00020,"서울특별시 강남구 강남대로118길 26, 3층 301호 (논현동)",filled,road:서울 강남구 강남대로118길 26
미용업,2025,LIC-beauty_salons-3220000-3220000-212-2023-00125,"서울특별시 강남구 봉은사로30길 73, 지상4층 (역삼동)",filled,road:서울 강남구 봉은사로30길 73
미용업,2025,LIC-beauty_salons-3220000-3220000-213-2021-00025,"서울특별시 강남구 강남대로 310, 유니온센터오피스텔 지하1층 6호 (역삼동)",filled,road:서울 강남구 강남대로 310
미용업,2025,LIC-beauty_salons-3220000-3220000-215-2024-00027,"서울특별시 강남구 강남대로122길 30-10, 지상1층 103호 (논현동)",filled,road:서울 강남구 강남대로122길 30-10
미용업,2025,LIC-beauty_salons-3220000-3220000-217-2022-00003,"서울특별시 강남구 역삼로33길 7, 2층 (역삼동)",filled,road:서울 강남구 역삼로33길 7
미용업,2025,LIC-beauty_salons-3220000-3220000-219-2024-00017,"서울특별시 강남구 테헤란로64길 9, 지하1층 106호 (대치동, 선릉역대우아이빌)",filled,road:서울 강남구 테헤란로64길 9
미용업,2025,LIC-beauty_salons-3220000-3220000-219-2024-00022,"서울특별시 강남구 논현로85길 52, 역삼 푸르지오 시티 지하1층 107호 (역삼동)",filled,road:서울 강남구 논현로85길 52
미용업,2025,LIC-beauty_salons-3220000-3220000-221-2019-00002,"서울특별시 강남구 테헤란로 403, 리치타워 10층 1002호 (삼성동)",filled,road:서울 강남구 테헤란로 403
미용업,2025,LIC-beauty_salons-3220000-3220000-221-2023-00018,"서울특별시 강남구 봉은사로29길 7, 두로빌딩 2층 (논현동)",filled,road:서울 강남구 봉은사로29길 7
미용업,2025,LIC-beauty_salons-3220000-3220000-222-2024-00006,"서울특별시 강남구 강남대로 652, SINSA SQUARE 2층 E02호 (신사동)",filled,road:서울 강남구 강남대로 652
미용업,2025,LIC-beauty_salons-3230000-3230000-211-2004-00028,"서울특별시 송파구 가락로28길 11 (송파동,1층)",filled,road:서울 송파구 가락로28길 11
미용업,2025,LIC-beauty_salons-3230000-3230000-211-2004-00048,"서울특별시 송파구 송파대로 201, A동 202호 (문정동, 송파테라타워2)",filled,road:서울 송파구 송파대로 201
미용업,2025,LIC-beauty_salons-3230000-3230000-211-2009-00078,"서울특별시 송파구 법원로 114, E동 B109호 (문정동, 엠스테이트)",filled,road:서울 송파구 법원로 114
미용업,2025,LIC-beauty_salons-3230000-3230000-211-2010-00042,"서울특별시 송파구 법원로 114, 엠스테이트 E동 지하1층 E-B172호 (문정동)",filled,road:서울 송파구 법원로 114
미용업,2025,LIC-beauty_salons-3230000-3230000-211-2015-00061,"서울특별시 송파구 법원로4길 10, 힐스테이트에코문정 상가 324호 (문정동)",filled,road:서울 송파구 법원로4길 10
미용업,2025,LIC-beauty_salons-3230000-3230000-211-2017-00012,"서울특별시 송파구 법원로 114, E동 B119,B122호 (문정동, 엠스테이트)",filled,road:서울 송파구 법원로 114
미용업,2025,LIC-beauty_salons-3230000-3230000-211-2017-00019,"서울특별시 송파구 송파대로 167, A동 G144호 (문정동, 문정역 테라타워)",filled,road:서울 송파구 송파대로 167
미용업,2025,LIC-beauty_salons-3230000-3230000-211-2017-00094,"서울특별시 송파구 법원로4길 5, 송파법조타운푸르지오시티 1층 131호 (문정동)",filled,road:서울 송파구 법원로4길 5
미용업,2025,LIC-beauty_salons-3230000-3230000-211-2017-00096,"서울특별시 송파구 법원로11길 25, 에이치비지니스파크 A동 1층 118호 (문정동)",filled,road:서울 송파구 법원로11길 25
미용업,2025,LIC-beauty_salons-3230000-3230000-211-2018-00056,"서울특별시 송파구 법원로11길 11, 문정현대지식산업센터1-1 A동 1층 111,112호 (문정동)",filled,road:서울 송파구 법원로11길 11
미용업,2025,LIC-beauty_salons-3230000-3230000-211-2018-00096,"서울특별시 송파구 법원로 128, 문정에스케이브이원지엘메트로시티 B동 221호 (문정동)",filled,road:서울 송파구 법원로 128
미용업,2025,LIC-beauty_salons-3230000-3230000-211-2020-00008,"서울특별시 송파구 법원로 90, 파트너스2 2층 209호 (문정동)",filled,road:서울 송파구 법원로 90
미용업,2025,LIC-beauty_salons-3230000-3230000-211-2020-00016,"서울특별시 송파구 송파대로 201, 송파 테라타워2 B동 204호 (문정동)",filled,road:서울 송파구 송파대로 201
미용업,2025,LIC-beauty_salons-3230000-3230000-211-2021-00007,"서울특별시 송파구 법원로 128, 문정에스케이브이원지엘메트로시티 1층 씨-124호 (문정동)",filled,road:서울 송파구 법원로 128
미용업,2025,LIC-beauty_salons-3230000-3230000-211-2021-00019,"서울특별시 송파구 법원로4길 6, 문정 아이파크 1동 1층 130,131호 (문정동)",filled,road:서울 송파구 법원로4길 6
미용업,2025,LIC-beauty_salons-3230000-3230000-211-2021-00025,"서울특별시 송파구 송파대로 201, 송파 테라타워2 B동 215호 (문정동)",filled,road:서울 송파구 송파대로 201
미용업,2025,LIC-beauty_salons-3230000-3230000-211-2021-00031,"서울특별시 송파구 송파대로 167, 문정역테라타워 에이동 2층 에이204호 (문정동)",filled,road:서울 송파구 송파대로 167
미용업,2025,LIC-beauty_salons-3230000-3230000-211-2021-00032,"서울특별시 송파구 법원로4길 10, 힐스테이트에코문정 107호 (문정동)",filled,road:서울 송파구 법원로4길 10
미용업,2025,LIC-beauty_salons-3230000-3230000-211-2021-00050,"서울특별시 송파구 송파대로 167, 문정역테라타워 A동 지하1층 G-151호 (문정동)",filled,road:서울 송파구 송파대로 167
미용업,2025,LIC-beauty_salons-3230000-3230000-211-2022-00014,"서울특별시 송파구 법원로11길 11, 문정현대지식산업센터1-1 A동 1층 132호 (문정동)",filled,road:서울 송파구 법원로11길 11
미용업,2025,LIC-beauty_salons-3230000-3230000-211-2022-00032,"서울특별시 송파구 법원로 128, 문정역SKV1 A동 2층 207호 (문정동)",filled,road:서울 송파구 법원로 128
미용업,2025,LIC-beauty_salons-3230000-3230000-211-2023-00013,"서울특별시 송파구 송파대로 201, 송파 테라타워2 비동 2층 비-201호, 202호 (문정동)",filled,road:서울 송파구 송파대로 201
미용업,2025,LIC-beauty_salons-3230000-3230000-211-2023-00023,"서울특별시 송파구 송파대로 201, 송파 테라타워2 B동 1층 B121호 (문정동)",filled,road:서울 송파구 송파대로 201
미용업,2025,LIC-beauty_salons-3230000-3230000-211-2023-00037,"서울특별시 송파구 법원로4길 10, 힐스테이트에코문정 3층 325호 (문정동)",filled,road:서울 송파구 법원로4길 10
미용업,2025,LIC-beauty_salons-3230000-3230000-211-2023-00041,"서울특별시 송파구 법원로 128, 문정역SKV1 2층 C213호 (문정동)",filled,road:서울 송파구 법원로 128
미용업,2025,LIC-beauty_salons-3230000-3230000-211-2024-00003,"서울특별시 송파구 송파대로 145, 문정 오벨리스크 1층 109, 110호 (문정동)",filled,road:서울 송파구 송파대로 145
미용업,2025,LIC-beauty_salons-3230000-3230000-211-2024-00022,"서울특별시 송파구 송파대로 201, 송파 테라타워2 B동 B-116호 (문정동)",filled,road:서울 송파구 송파대로 201
미용업,2025,LIC-beauty_salons-3230000-3230000-211-2024-00024,"서울특별시 송파구 송파대로 145, 문정 오벨리스크 1층 126호 (문정동)",filled,road:서울 송파구 송파대로 145
미용업,2025,LIC-beauty_salons-3230000-3230000-211-2024-00031,"서울특별시 송파구 법원로4길 5, 송파법조타운푸르지오시티 206호,207호 (문정동)",filled,road:서울 송파구 법원로4길 5
미용업,2025,LIC-beauty_salons-3230000-3230000-211-2024-00038,"서울특별시 송파구 송파대로 145, 1층 120호 (문정동)",filled,road:서울 송파구 송파대로 145
미용업,2025,LIC-beauty_salons-3230000-3230000-212-2009-00066,"서울특별시 송파구 백제고분로 293, 제우빌딩 인삼사우나 지하1층 (석촌동)",filled,road:서울 송파구 백제고분로 293
미용업,2025,LIC-beauty_salons-3230000-3230000-212-2010-00029,"서울특별시 송파구 오금로29길 2, 1층 (방이동)",filled,road:서울 송파구 오금로29길 2
미용업,2025,LIC-beauty_salons-3230000-3230000-212-2014-00038,"서울특별시 송파구 정의로7길 13, 힐스테이트에코송파 2층 219호 (문정동)",filled,road:서울 송파구 정의로7길 13
미용업,2025,LIC-beauty_salons-3230000-3230000-212-2016-00008,"서울특별시 송파구 법원로 128, 문정에스케이브이원지엘메트로시티 2층 B207호 (문정동)",filled,road:서울 송파구 법원로 128
미용업,2025,LIC-beauty_salons-3230000-3230000-212-2017-00029,"서울특별시 송파구 법원로 114, B동 2층 B-206,207호 (문정동, 엠스테이트)",filled,road:서울 송파구 법원로 114
미용업,2025,LIC-beauty_salons-3230000-3230000-212-2018-00012,"서울특별시 송파구 법원로4길 6, 문정아이파크 상가 314호 (문정동)",filled,road:서울 송파구 법원로4길 6
미용업,2025,LIC-beauty_salons-3230000-3230000-212-2018-00017,"서울특별시 송파구 송파대로 145, 문정 오벨리스크 3층 310호,311호 (문정동)",filled,road:서울 송파구 송파대로 145
미용업,2025,LIC-beauty_salons-3230000-3230000-212-2018-00030,"서울특별시 송파구 송파대로 145, 문정 오벨리스크 3층 327호 (문정동)",filled,road:서울 송파구 송파대로 145
미용업,2025,LIC-beauty_salons-3230000-3230000-212-2018-00047,"서울특별시 송파구 법원로4길 6, 문정아이파크 제1동 제2층 220호 (문정동)",filled,road:서울 송파구 법원로4길 6
미용업,2025,LIC-beauty_salons-3230000-3230000-212-2019-00019,"서울특별시 송파구 법원로4길 5, 송파법조타운푸르지오 3층 304호 (문정동)",filled,road:서울 송파구 법원로4길 5
미용업,2025,LIC-beauty_salons-3230000-3230000-212-2019-00030,"서울특별시 송파구 정의로7길 13, 힐스테이트에코송파 2층 223호 (문정동)",filled,road:서울 송파구 정의로7길 13
미용업,2025,LIC-beauty_salons-3230000-3230000-212-2019-00031,"서울특별시 송파구 법원로8길 13, 302호303호 (문정동)",filled,road:서울 송파구 법원로8길 13
미용업,2025,LIC-beauty_salons-3230000-3230000-212-2019-00033,"서울특별시 송파구 송파대로 145, 문정 오벨리스크 2층 217호 (문정동)",filled,road:서울 송파구 송파대로 145
미용업,2025,LIC-beauty_salons-3230000-3230000-212-2020-00002,"서울특별시 송파구 법원로4길 6, 문정아이파크 1층 134호 (문정동)",filled,road:서울 송파구 법원로4길 6
미용업,2025,LIC-beauty_salons-3230000-3230000-212-2020-00010,"서울특별시 송파구 송파대로 201, 송파 테라타워2 A동 208호 (문정동)",filled,road:서울 송파구 송파대로 201
미용업,2025,LIC-beauty_salons-3230000-3230000-212-2020-00020,"서울특별시 송파구 법원로4길 6, 문정아이파크 137호 (문정동)",filled,road:서울 송파구 법원로4길 6
미용업,2025,LIC-beauty_salons-3230000-3230000-212-2020-00023,"서울특별시 송파구 송파대로 145, 문정 오벨리스크 218호 (문정동)",filled,road:서울 송파구 송파대로 145
미용업,2025,LIC-beauty_salons-3230000-3230000-212-2020-00036,"서울특별시 송파구 법원로 114, 엠스테이트 B동 2층 209호 (문정동)",filled,road:서울 송파구 법원로 114
미용업,2025,LIC-beauty_salons-3230000-3230000-212-2022-00054,"서울특별시 송파구 송파대로 145, 문정 오벨리스크 2층 221호 (문정동)",filled,road:서울 송파구 송파대로 145
미용업,2025,LIC-beauty_salons-3230000-3230000-212-2022-00055,"서울특별시 송파구 법원로4길 10, 힐스테이트에코문정 3층 322호 (문정동)",filled,road:서울 송파구 법원로4길 10
미용업,2025,LIC-beauty_salons-3230000-3230000-212-2023-00018,"서울특별시 송파구 법원로4길 5, 송파법조타운푸르지오시티 2층 228호 (문정동)",filled,road:서울 송파구 법원로4길 5
미용업,2025,LIC-beauty_salons-3230000-3230000-212-2023-00025,"서울특별시 송파구 법원로4길 5, 송파법조타운푸르지오시티 3층 331호 (문정동)",filled,road:서울 송파구 법원로4길 5
미용업,2025,LIC-beauty_salons-3230000-3230000-212-2023-00033,"서울특별시 송파구 법원로6길 7, 송파유탑테크밸리 2층 204호 (문정동)",filled,road:서울 송파구 법원로6길 7
미용업,2025,LIC-beauty_salons-3230000-3230000-212-2023-00036,"서울특별시 송파구 법원로4길 6, 문정아이파크 2층 212호 (문정동)",filled,road:서울 송파구 법원로4길 6
미용업,2025,LIC-beauty_salons-3230000-3230000-212-2024-00005,"서울특별시 송파구 법원로4길 6, 문정아이파크 1동 2층 223호 (문정동)",filled,road:서울 송파구 법원로4길 6
미용업,2025,LIC-beauty_salons-3230000-3230000-212-2024-00017,"서울특별시 송파구 법원로4길 10, 힐스테이트에코문정 2층 210호 (문정동)",filled,road:서울 송파구 법원로4길 10
미용업,2025,LIC-beauty_salons-3230000-3230000-212-2024-00018,"서울특별시 송파구 법원로 128, 문정역SKV1 B동 1층 120호 (문정동)",filled,road:서울 송파구 법원로 128
미용업,2025,LIC-beauty_salons-3230000-3230000-212-2024-00027,"서울특별시 송파구 법원로4길 5, 송파법조타운푸르지오시티 지하1층 108호 (문정동)",filled,road:서울 송파구 법원로4길 5
미용업,2025,LIC-beauty_salons-3230000-3230000-212-2024-00041,"서울특별시 송파구 법원로11길 11, 문정현대지식산업센터1-1 1층 150호 (문정동)",filled,road:서울 송파구 법원로11길 11
미용업,2025,LIC-beauty_salons-3230000-3230000-213-2012-00027,"서울특별시 송파구 법원로 128, 문정역SKV1 지하1층 BG109호 (문정동)",filled,road:서울 송파구 법원로 128
미용업,2025,LIC-beauty_salons-3230000-3230000-213-2014-00012,"서울특별시 송파구 법원로 114, 엠스테이트 E동 지하2층 E-B203, 204호 (문정동)",filled,road:서울 송파구 법원로 114
미용업,2025,LIC-beauty_salons-3230000-3230000-213-2018-00018,"서울특별시 송파구 송파대로 145, 문정 오벨리스크 307호 (문정동)",filled,road:서울 송파구 송파대로 145
미용업,2025,LIC-beauty_salons-3230000-3230000-213-2018-00023,"서울특별시 송파구 법원로4길 10, 힐스테이트에코문정 3층 320호 (문정동)",filled,road:서울 송파구 법원로4길 10
미용업,2025,LIC-beauty_salons-3230000-3230000-213-2020-00001,"서울특별시 송파구 법원로4길 6, 문정아이파크 1층 112호 (문정동)",filled,road:서울 송파구 법원로4길 6
미용업,2025,LIC-beauty_salons-3230000-3230000-213-2020-00006,"서울특별시 송파구 법원로8길 7, 화엄타워 3층 302호 (문정동)",filled,road:서울 송파구 법원로8길 7
미용업,2025,LIC-beauty_salons-3230000-3230000-213-2020-00016,"서울특별시 송파구 송파대로 167, 문정역테라타워 지하1층 G141-1호 (문정동)",filled,road:서울 송파구 송파대로 167
미용업,2025,LIC-beauty_salons-3230000-3230000-213-2020-00026,"서울특별시 송파구 법원로 128, 문정에스케이브이원지엘메트로시티 B동 2층 218호 (문정동)",filled,road:서울 송파구 법원로 128
미용업,2025,LIC-beauty_salons-3230000-3230000-213-2020-00048,"서울특별시 송파구 법원로4길 6, 문정아이파크 309호 (문정동)",filled,road:서울 송파구 법원로4길 6
미용업,2025,LIC-beauty_salons-3230000-3230000-213-2020-00049,"서울특별시 송파구 법원로4길 10, 힐스테이트에코문정 2층 230호 (문정동)",filled,road:서울 송파구 법원로4길 10
미용업,2025,LIC-beauty_salons-3230000-3230000-213-2020-00059,"서울특별시 송파구 송파대로 145, 문정 오벨리스크 1층 104,105,106호 (문정동)",filled,road:서울 송파구 송파대로 145
미용업,2025,LIC-beauty_salons-3230000-3230000-213-2020-00066,"서울특별시 송파구 송파대로 145, 문정 오벨리스크 1층 128호 (문정동)",filled,road:서울 송파구 송파대로 145
미용업,2025,LIC-beauty_salons-3230000-3230000-213-2020-00068,"서울특별시 송파구 법원로4길 10, 힐스테이트에코문정 2층 211호 (문정동)",filled,road:서울 송파구 법원로4길 10
미용업,2025,LIC-beauty_salons-3230000-3230000-213-2020-00070,"서울특별시 송파구 정의로7길 13, 힐스테이트송파 1층 131호 (문정동)",filled,road:서울 송파구 정의로7길 13
미용업,2025,LIC-beauty_salons-3230000-3230000-213-2021-00002,"서울특별시 송파구 송파대로 145, 문정 오벨리스크 1층 130호 (문정동)",filled,road:서울 송파구 송파대로 145
미용업,2025,LIC-beauty_salons-3230000-3230000-213-2021-00024,"서울특별시 송파구 법원로 128, 문정에스케이브이원지엘메트로시티 지하1층 CG-112호 (문정동)",filled,road:서울 송파구 법원로 128
미용업,2025,LIC-beauty_salons-3230000-3230000-213-2021-00026,"서울특별시 송파구 올림픽로34길 5-14, 잠실역 웰리지 더테라스 3층 308호 (방이동)",filled,road:서울 송파구 올림픽로34길 5-14
미용업,2025,LIC-beauty_salons-3230000-3230000-213-2021-00038,"서울특별시 송파구 법원로 128, 문정에스케이브이원지엘메트로시티 C동 1층 125호 (문정동)",filled,road:서울 송파구 법원로 128
미용업,2025,LIC-beauty_salons-3230000-3230000-213-2021-00067,"서울특별시 송파구 법원로4길 10, 힐스테이트에코문정 1층 108호 (문정동)",filled,road:서울 송파구 법원로4길 10
미용업,2025,LIC-beauty_salons-3230000-3230000-213-2021-00073,"서울특별시 송파구 법원로4길 5, 송파법조타운푸르지오시티 3층 317호 (문정동)",filled,road:서울 송파구 법원로4길 5
미용업,2025,LIC-beauty_salons-3230000-3230000-213-2022-00025,"서울특별시 송파구 올림픽로4길 48, 우성아파트 상가 3층 303호 (잠실동)",filled,road:서울 송파구 올림픽로4길 48
미용업,2025,LIC-beauty_salons-3230000-3230000-213-2022-00030,"서울특별시 송파구 송파대로 201, 송파 테라타워2 A동 1층 114호 (문정동)",filled,road:서울 송파구 송파대로 201
미용업,2025,LIC-beauty_salons-3230000-3230000-213-2022-00051,"서울특별시 송파구 법원로11길 11, 문정현대지식산업센터1-1 1층 118호 (문정동)",filled,road:서울 송파구 법원로11길 11
미용업,2025,LIC-beauty_salons-3230000-3230000-213-2022-00052,"서울특별시 송파구 법원로4길 5, 송파법조타운푸르지오시티 B116호 (문정동)",filled,road:서울 송파구 법원로4길 5
미용업,2025,LIC-beauty_salons-3230000-3230000-213-2023-00021,"서울특별시 송파구 송파대로 145, 문정 오벨리스크 1층 113호 (문정동)",filled,road:서울 송파구 송파대로 145
미용업,2025,LIC-beauty_salons-3230000-3230000-213-2023-00023,"서울특별시 송파구 법원로4길 5, 송파법조타운푸르지오시티 2층 209호 (문정동)",filled,road:서울 송파구 법원로4길 5
미용업,2025,LIC-beauty_salons-3230000-3230000-213-2023-00041,"서울특별시 송파구 송파대로 145, 문정 오벨리스크 2층 201호 (문정동)",filled,road:서울 송파구 송파대로 145
미용업,2025,LIC-beauty_salons-3230000-3230000-213-2023-00045,"서울특별시 송파구 법원로4길 6, 문정아이파크 3층 318호 (문정동)",filled,road:서울 송파구 법원로4길 6
미용업,2025,LIC-beauty_salons-3230000-3230000-213-2023-00052,"서울특별시 송파구 송파대로 145, 문정 오벨리스크 지하2층 B01호 (문정동)",filled,road:서울 송파구 송파대로 145
미용업,2025,LIC-beauty_salons-3230000-3230000-213-2023-00070,"서울특별시 송파구 법원로4길 6, 문정아이파크 1동 2층 219호 (문정동)",filled,road:서울 송파구 법원로4길 6
미용업,2025,LIC-beauty_salons-3230000-3230000-213-2023-00071,"서울특별시 송파구 법원로4길 10, 힐스테이트에코문정 2층 220호 (문정동)",filled,road:서울 송파구 법원로4길 10
미용업,2025,LIC-beauty_salons-3230000-3230000-213-2023-00077,"서울특별시 송파구 법원로 128, 문정역SKV1 1층 C126호 (문정동)",filled,road:서울 송파구 법원로 128
미용업,2025,LIC-beauty_salons-3230000-3230000-213-2024-00022,"서울특별시 송파구 송파대로 145, 문정 오벨리스크 2층 214호 (문정동)",filled,road:서울 송파구 송파대로 145
미용업,2025,LIC-beauty_salons-3230000-3230000-213-2024-00047,"서울특별시 송파구 법원로4길 5, 송파법조타운푸르지오시티 1층 110호 일부호 (문정동)",filled,road:서울 송파구 법원로4길 5
미용업,2025,LIC-beauty_salons-3230000-3230000-213-2024-00063,"서울특별시 송파구 법원로 128, 문정역SKV1 지하1층 CG123-1호 (문정동)",filled,road:서울 송파구 법원로 128
미용업,2025,LIC-beauty_salons-3230000-3230000-213-2024-00066,"서울특별시 송파구 법원로8길 13, 문정헤리움써밋타워 1층 114호 (문정동)",filled,road:서울 송파구 법원로8길 13
미용업,2025,LIC-beauty_salons-3230000-3230000-215-2017-00001,"서울특별시 송파구 송파대로 167, A동 G141호 (문정동, 문정역 테라타워)",filled,road:서울 송파구 송파대로 167
미용업,2025,LIC-beauty_salons-3230000-3230000-215-2017-00027,"서울특별시 송파구 법원로4길 6, 문정아이파크 100동 211호 (문정동)",filled,road:서울 송파구 법원로4길 6
미용업,2025,LIC-beauty_salons-3230000-3230000-215-2018-00005,"서울특별시 송파구 법원로4길 6, 문정아이파크 315호 (문정동)",filled,road:서울 송파구 법원로4길 6
미용업,2025,LIC-beauty_salons-3230000-3230000-215-2018-00023,"서울특별시 송파구 법원로4길 5, 송파법조타운푸르지오 311호 (문정동)",filled,road:서울 송파구 법원로4길 5
미용업,2025,LIC-beauty_salons-3230000-3230000-215-2019-00009,"서울특별시 송파구 법원로8길 13, 문정해리움 2층 203호 (문정동)",filled,road:서울 송파구 법원로8길 13
미용업,2025,LIC-beauty_salons-3230000-3230000-215-2019-00043,"서울특별시 송파구 법원로4길 10, 힐스테이트에코문정 3층 328호 (문정동)",filled,road:서울 송파구 법원로4길 10
미용업,2025,LIC-beauty_salons-3230000-3230000-215-2020-00001,"서울특별시 송파구 법원로4길 6, 문정 아이파크 3층 304호 (문정동)",filled,road:서울 송파구 법원로4길 6
미용업,2025,LIC-beauty_salons-3230000-3230000-215-2020-00032,"서울특별시 송파구 법원로4길 5, 송파법조타운푸르지오시티 330호 (문정동)",filled,road:서울 송파구 법원로4길 5
미용업,2025,LIC-beauty_salons-3230000-3230000-215-2021-00009,"서울특별시 송파구 송파대로 145, 문정 오벨리스크 1층 129호 (문정동)",filled,road:서울 송파구 송파대로 145
미용업,2025,LIC-beauty_salons-3230000-3230000-215-2021-00013,"서울특별시 송파구 법원로4길 10, 힐스테이트에코문정 2층 226호 (문정동)",filled,road:서울 송파구 법원로4길 10
미용업,2025,LIC-beauty_salons-3230000-3230000-215-2021-00014,"서울특별시 송파구 법원로4길 6, 문정아이파크 1층 132-1호 (문정동)",filled,road:서울 송파구 법원로4길 6
미용업,2025,LIC-beauty_salons-3230000-3230000-215-2021-00032,"서울특별시 송파구 송파대로 145, 문정 오벨리스크 2층 220호 (문정동)",filled,road:서울 송파구 송파대로 145
미용업,2025,LIC-beauty_salons-3230000-3230000-215-2022-00003,"서울특별시 송파구 법원로11길 11, 문정현대지식산업센터1-1 A동 2층 214호 (문정동)",filled,road:서울 송파구 법원로11길 11
미용업,2025,LIC-beauty_salons-3230000-3230000-215-2022-00013,"서울특별시 송파구 법원로 114, 엠스테이트 E동 지하2층 EB-201호 (문정동)",filled,road:서울 송파구 법원로 114
미용업,2025,LIC-beauty_salons-3230000-3230000-215-2022-00025,"서울특별시 송파구 송파대로 201, 송파 테라타워2 A동 지하1층 G-125호 (문정동)",filled,road:서울 송파구 송파대로 201
미용업,2025,LIC-beauty_salons-3230000-3230000-215-2022-00030,"서울특별시 송파구 법원로4길 6, 문정아이파크 B114호 (문정동)",filled,road:서울 송파구 법원로4길 6
미용업,2025,LIC-beauty_salons-3230000-3230000-215-2023-00002,"서울특별시 송파구 송파대로 141, 르피에드 지1층 B102호 (문정동)",filled,road:서울 송파구 송파대로 141
미용업,2025,LIC-beauty_salons-3230000-3230000-215-2023-00005,"서울특별시 송파구 법원로4길 5, 송파법조타운푸르지오시티 205호 (문정동)",filled,road:서울 송파구 법원로4길 5
미용업,2025,LIC-beauty_salons-3230000-3230000-215-2023-00014,"서울특별시 송파구 법원로 114, 엠스테이트 비동 1층 비-122호 (문정동)",filled,road:서울 송파구 법원로 114
미용업,2025,LIC-beauty_salons-3230000-3230000-215-2024-00005,"서울특별시 송파구 송파대로 145, 문정 오벨리스크 3층 322호 (문정동)",filled,road:서울 송파구 송파대로 145
미용업,2025,LIC-beauty_salons-3230000-3230000-215-2024-00012,"서울특별시 송파구 법원로 128, 문정역SKV1 1층 B120호 (문정동)",filled,road:서울 송파구 법원로 128
미용업,2025,LIC-beauty_salons-3230000-3230000-215-2024-00017,"서울특별시 송파구 법원로11길 7, 문정현대지식산업센터1-2 C동 140호 (문정동)",filled,road:서울 송파구 법원로11길 7
미용업,2025,LIC-beauty_salons-3230000-3230000-215-2024-00024,"서울특별시 송파구 법원로4길 6, 문정 아이파크 3층 304-1호 (문정동)",filled,road:서울 송파구 법원로4길 6
미용업,2025,LIC-beauty_salons-3230000-3230000-215-2024-00028,"서울특별시 송파구 법원로4길 6, 문정 아이파크 2층 221호 (문정동)",filled,road:서울 송파구 법원로4길 6
미용업,2025,LIC-beauty_salons-3230000-3230000-218-2018-00003,"서울특별시 송파구 법원로 128, 문정역SKV1 지하1층 BG113호 (문정동)",filled,road:서울 송파구 법원로 128
미용업,2025,LIC-beauty_salons-3230000-3230000-218-2018-00007,"서울특별시 송파구 송파대로 145, 문정 오벨리스크 지하2층 B205,B206호 (문정동)",filled,road:서울 송파구 송파대로 145
미용업,2025,LIC-beauty_salons-3230000-3230000-218-2019-00006,"서울특별시 송파구 법원로4길 10, 힐스테이트에코문정 2층 225호 (문정동)",filled,road:서울 송파구 법원로4길 10
미용업,2025,LIC-beauty_salons-3230000-3230000-218-2024-00004,"서울특별시 송파구 송파대로 145, 문정 오벨리스크 2층 225호 (문정동)",filled,road:서울 송파구 송파대로 145
미용업,2025,LIC-beauty_salons-3230000-3230000-219-2017-00004,"서울특별시 송파구 법원로4길 5, 송파법조타운푸르지오시티 2층 211호 (문정동)",filled,road:서울 송파구 법원로4길 5
미용업,2025,LIC-beauty_salons-3230000-3230000-219-2017-00007,"서울특별시 송파구 법원로4길 6, 문정아이파크 1동 206호 (문정동)",filled,road:서울 송파구 법원로4길 6
미용업,2025,LIC-beauty_salons-3230000-3230000-219-2020-00001,"서울특별시 송파구 법원로 128, 문정에스케이브이원지엘메트로시티 2층 C201호 (문정동)",filled,road:서울 송파구 법원로 128
미용업,2025,LIC-beauty_salons-3230000-3230000-219-2021-00002,"서울특별시 송파구 송파대로 145, 문정 오벨리스크 상가 3층 321호 (문정동)",filled,road:서울 송파구 송파대로 145
미용업,2025,LIC-beauty_salons-3230000-3230000-219-2021-00004,"서울특별시 송파구 법원로 128, 문정에스케이브이원지엘메트로시티 제1층 제비122호 (문정동)",filled,road:서울 송파구 법원로 128
미용업,2025,LIC-beauty_salons-3230000-3230000-219-2021-00007,"서울특별시 송파구 법원로4길 6, 문정아이파크 1동 지하1층 B118호 (문정동)",filled,road:서울 송파구 법원로4길 6
미용업,2025,LIC-beauty_salons-3230000-3230000-219-2022-00011,"서울특별시 송파구 법원로4길 5, 2층 205호 (문정동)",filled,road:서울 송파구 법원로4길 5
미용업,2025,LIC-beauty_salons-3230000-3230000-219-2022-00012,"서울특별시 송파구 법원로4길 6, 문정 아이파크 1동 3층 314호 (문정동)",filled,road:서울 송파구 법원로4길 6
미용업,2025,LIC-beauty_salons-3230000-3230000-219-2024-00007,"서울특별시 송파구 법원로4길 10, 힐스테이트에코문정 지하1층 B119호 (문정동)",filled,road:서울 송파구 법원로4길 10
미용업,2025,LIC-beauty_salons-3230000-3230000-219-2024-00008,"서울특별시 송파구 송파대로 167, 문정역테라타워 A동 A216호 (문정동)",filled,road:서울 송파구 송파대로 167
미용업,2025,LIC-beauty_salons-3230000-3230000-219-2024-00009,"서울특별시 송파구 송파대로 145, 문정 오벨리스크 307호 (문정동)",filled,road:서울 송파구 송파대로 145
미용업,2025,LIC-beauty_salons-3230000-3230000-219-2024-00013,"서울특별시 송파구 송파대로 145, 문정 오벨리스크 3층 326호 (문정동)",filled,road:서울 송파구 송파대로 145
미용업,2025,LIC-beauty_salons-3230000-3230000-219-2024-00015,"서울특별시 송파구 법원로8길 13, 문정헤리움써밋타워 3층 306호 (문정동)",filled,road:서울 송파구 법원로8길 13
미용업,2025,LIC-beauty_salons-3230000-3230000-219-2024-00016,"서울특별시 송파구 법원로4길 5, 송파법조타운푸르지오시티 3층 336호 (문정동)",filled,road:서울 송파구 법원로4길 5
미용업,2025,LIC-beauty_salons-3230000-3230000-220-2023-00002,"서울특별시 송파구 법원로4길 17, 프라비다옥토 1층 104호 (문정동)",filled,road:서울 송파구 법원로4길 17
미용업,2025,LIC-beauty_salons-3230000-3230000-221-2018-00004,"서울특별시 송파구 법원로 128, 문정에스케이브이원지엘메트로시티 CG117호 (문정동)",filled,road:서울 송파구 법원로 128
미용업,2025,LIC-beauty_salons-3230000-3230000-221-2021-00002,"서울특별시 송파구 법원로 128, 문정역SKV1 지하1층 BG132호 (문정동)",filled,road:서울 송파구 법원로 128
미용업,2025,LIC-beauty_salons-3230000-3230000-222-2020-00005,"서울특별시 송파구 법원로 114, 엠스테이트 E동 지하2층 EB202호 (문정동)",filled,road:서울 송파구 법원로 114
미용업,2025,LIC-beauty_salons-3230000-3230000-225-2019-00005,"서울특별시 송파구 송파대로 145, 문정 오벨리스크 2층 211,212,213호 (문정동)",filled,road:서울 송파구 송파대로 145
미용업,2025,LIC-beauty_salons-3230000-3230000-225-2020-00001,"서울특별시 송파구 법원로4길 5, 송파법조타운푸르지오 216호 (문정동)",filled,road:서울 송파구 법원로4길 5
미용업,2025,LIC-beauty_salons-3230000-3230000-225-2021-00007,"서울특별시 송파구 법원로8길 13, 문정헤리움써밋타워 3층 311호 (문정동)",filled,road:서울 송파구 법원로8길 13
미용업,2025,LIC-beauty_salons-3230000-3230000-225-2021-00013,"서울특별시 송파구 송파대로 201, 송파 테라타워2 B동 1층 138호 (문정동)",filled,road:서울 송파구 송파대로 201
미용업,2025,LIC-beauty_salons-3230000-3230000-225-2023-00006,"서울특별시 송파구 법원로4길 6, 문정아이파크 제1동 2층 203호 (문정동)",filled,road:서울 송파구 법원로4길 6
미용업,2025,LIC-beauty_salons-3230000-3230000-225-2023-00008,"서울특별시 송파구 법원로4길 6, 문정아이파크 1층 136호 (문정동)",filled,road:서울 송파구 법원로4길 6
미용업,2025,LIC-beauty_salons-3230000-3230000-226-2015-00001,"서울특별시 송파구 법원로4길 5, 송파법조타운푸르지오시티 지하1층 B107호 (문정동)",filled,road:서울 송파구 법원로4길 5
미용업,2025,LIC-beauty_salons-3230000-3230000-226-2017-00002,"서울특별시 송파구 법원로 114, B동 2층 204호 (문정동, 엠스테이트)",filled,road:서울 송파구 법원로 114
미용업,2025,LIC-beauty_salons-3240000-3240000-211-2023-00037,"서울특별시 강동구 천호대로 1024, 힐스테이트 천호역 젠트리스 B동 905호 (성내동)",filled,road:서울 강동구 천호대로 1024
미용업,2025,LIC-beauty_salons-3240000-3240000-211-2024-00021,"서울특별시 강동구 올림픽로 610, B1층 B-10호 (성내동, 천호역 효성해링턴타워)",filled,road:서울 강동구 올림픽로 610
미용업,2025,LIC-beauty_salons-3240000-3240000-211-2024-00022,"서울특별시 강동구 천호대로 1024, 3층 335호 (성내동)",filled,road:서울 강동구 천호대로 1024
미용업,2025,LIC-beauty_salons-3240000-3240000-211-2024-00031,"서울특별시 강동구 올림픽로 610, B1층 B-10호 (성내동, 천호역 효성해링턴타워)",filled,road:서울 강동구 올림픽로 610
미용업,2025,LIC-beauty_salons-3240000-3240000-212-2017-00023,"서울특별시 강동구 천호대로 1116, 2층 209호 (성내동, 라이저강동빌딩)",filled,road:서울 강동구 천호대로 1116
미용업,2025,LIC-beauty_salons-3240000-3240000-212-2024-00012,"서울특별시 강동구 천호대로 1024, B동 336호 (성내동)",filled,road:서울 강동구 천호대로 1024
미용업,2025,LIC-beauty_salons-3240000-3240000-212-2024-00016,"서울특별시 강동구 천호대로 1024, 힐스테이트 천호역 젠트리스 4층 433호 (성내동)",filled,road:서울 강동구 천호대로 1024
미용업,2025,LIC-beauty_salons-3240000-3240000-212-2024-00023,"서울특별시 강동구 천호대로 1024, 힐스테이트 천호역 젠트리스 430호 (성내동)",filled,road:서울 강동구 천호대로 1024
미용업,2025,LIC-beauty_salons-3240000-3240000-213-2024-00013,"서울특별시 강동구 구천면로17길 25, 6층 602호 (천호동, 리채빌)",filled,road:서울 강동구 구천면로17길 25
미용업,2025,LIC-beauty_salons-3240000-3240000-213-2024-00014,"서울특별시 강동구 진황도로 14, 천호더샵센트럴씨티아파트판매시설 A동 227호 (천호동)",filled,road:서울 강동구 진황도로 14
미용업,2025,LIC-beauty_salons-3240000-3240000-215-2018-00030,"서울특별시 강동구 천호대로 1024, 힐스테이트 천호역 젠트리스 B동 1008호 (성내동)",filled,road:서울 강동구 천호대로 1024
미용업,2025,LIC-beauty_salons-3240000-3240000-215-2019-00020,"서울특별시 강동구 천호대로 1024, 힐스테이트 천호역 젠트리스 4층 434호 (성내동)",filled,road:서울 강동구 천호대로 1024
미용업,2025,LIC-beauty_salons-3240000-3240000-215-2024-00023,"서울특별시 강동구 천호대로 1024, 힐스테이트 천호역 젠트리스 3층 337호 (성내동)",filled,road:서울 강동구 천호대로 1024
미용업,2025,LIC-beauty_salons-3240000-3240000-219-2019-00007,"서울특별시 강동구 천호대로 1024, 힐스테이트 천호역 젠트리스 제3층 331호 (성내동)",filled,road:서울 강동구 천호대로 1024
미용업,2025,LIC-beauty_salons-3240000-3240000-219-2023-00008,"서울특별시 강동구 천호대로 1024, 힐스테이트 천호역 젠트리스 B동 1106-309호 (성내동)",filled,road:서울 강동구 천호대로 1024
미용업,2025,LIC-beauty_salons-3240000-3240000-219-2024-00010,"서울특별시 강동구 천호대로 1024, 힐스테이트 천호역 젠트리스 B동 802호 (성내동)",filled,road:서울 강동구 천호대로 1024
